show_title,genre
kpop demon hunters,Action
kpop demon hunters,Adventure
kpop demon hunters,Animation
squid game,Action
squid game,Crime
squid game,Drama
bridgerton,Drama
bridgerton,Romance
stranger things,Drama
stranger things,Fantasy
stranger things,Horror
wednesday,Comedy
wednesday,Crime
wednesday,Fantasy
carry-on,Action
carry-on,Crime
carry-on,Thriller
adolescence,Crime
adolescence,Drama
adolescence,Thriller
back in action,Action
back in action,Comedy
leave the world behind,Drama
leave the world behind,Mystery
leave the world behind,Thriller
damsel,Action
damsel,Adventure
damsel,Fantasy
emily in paris,Comedy
emily in paris,Drama
emily in paris,Romance
happy gilmore 2,Comedy
happy gilmore 2,Sport
rebel ridge,Action
rebel ridge,Crime
rebel ridge,Drama
lift,Action
lift,Comedy
lift,Crime
heart of stone,Action
heart of stone,Crime
heart of stone,Thriller
under paris,Action
under paris,Horror
under paris,Sci-Fi
fool me once,Crime
fool me once,Drama
fool me once,Mystery
war machine,Action
war machine,Sci-Fi
war machine,Thriller
his & hers,Crime
his & hers,Drama
his & hers,Mystery
frankenstein,Drama
frankenstein,Fantasy
frankenstein,Horror
one piece,Action
one piece,Adventure
one piece,Animation
rebel moon — part one: a child of fire,Action
rebel moon — part one: a child of fire,Adventure
rebel moon — part one: a child of fire,Drama
exterritorial,Action
exterritorial,Mystery
exterritorial,Thriller
baby reindeer,Biography
baby reindeer,Comedy
baby reindeer,Drama
the lincoln lawyer,Crime
the lincoln lawyer,Drama
the lincoln lawyer,Mystery
the life list,Comedy
the life list,Drama
the life list,Romance
the great flood,Action
the great flood,Adventure
the great flood,Drama
the night agent,Action
the night agent,Drama
the night agent,Thriller
society of the snow,Adventure
society of the snow,Biography
society of the snow,Drama
untamed,Crime
untamed,Drama
untamed,Mystery
havoc,Action
havoc,Crime
havoc,Drama
a family affair,Comedy
a family affair,Drama
a family affair,Romance
beverly hills cop: axel f,Action
beverly hills cop: axel f,Comedy
beverly hills cop: axel f,Crime
the witcher,Action
the witcher,Adventure
the witcher,Drama
nowhere,Action
nowhere,Crime
nowhere,Drama
our little secret,Comedy
our little secret,Romance
my oxford year,Comedy
my oxford year,Drama
my oxford year,Romance
my life with the walter boys,Drama
my life with the walter boys,Romance
a house of dynamite,Drama
a house of dynamite,Thriller
the woman in cabin 10,Drama
the woman in cabin 10,Mystery
the woman in cabin 10,Thriller
the gentlemen,Action
the gentlemen,Comedy
the gentlemen,Crime
the out-laws,Action
the out-laws,Comedy
the out-laws,Crime
mother of the bride,Comedy
mother of the bride,Drama
mother of the bride,Romance
la palma,Drama
the old guard 2,Action
the old guard 2,Adventure
the old guard 2,Fantasy
trigger warning,Action
trigger warning,Crime
trigger warning,Thriller
nobody wants this,Comedy
nobody wants this,Drama
nobody wants this,Romance
the perfect couple,Crime
the perfect couple,Drama
the perfect couple,Mystery
avatar the last airbender,Action
avatar the last airbender,Adventure
avatar the last airbender,Animation
the killer,Crime
the killer,Drama
the killer,History
lupin,Action
lupin,Crime
lupin,Drama
monsters,Adventure
monsters,Animation
monsters,Comedy
griselda,Biography
griselda,Crime
griselda,Drama
the electric state,Action
the electric state,Adventure
the electric state,Comedy
ginny & georgia,Comedy
ginny & georgia,Drama
uglies,Adventure
uglies,Drama
uglies,Western
ad vitam,Action
ad vitam,Crime
ad vitam,Drama
the thursday murder club,Comedy
the thursday murder club,Crime
the thursday murder club,Mystery
people we meet on vacation,Romance
black mirror,Crime
black mirror,Drama
black mirror,Mystery
family switch,Comedy
family switch,Family
family switch,Fantasy
zero day,Drama
zero day,Thriller
that christmas,Adventure
that christmas,Animation
that christmas,Comedy
brick,Crime
brick,Drama
brick,Mystery
sirens,Comedy
sirens,Drama
berlin,Action
berlin,Crime
berlin,Drama
ihostage,Crime
ihostage,Drama
ihostage,Thriller
despicable me 3,Adventure
despicable me 3,Animation
despicable me 3,Comedy
counterattack,Action
counterattack,Animation
counterattack,Drama
3 body problem,Adventure
3 body problem,Drama
3 body problem,Fantasy
american murder: gabby petito,Crime
american murder: gabby petito,Documentary
dear child,Crime
dear child,Drama
dear child,Mystery
squid game: the challenge,Game-Show
squid game: the challenge,Reality-TV
virgin river,Drama
virgin river,Romance
the six triple eight,Drama
the six triple eight,History
the six triple eight,War
nonnas,Comedy
missing you,Drama
time cut,Horror
time cut,Mystery
time cut,Sci-Fi
my secret santa,Comedy
my secret santa,Romance
the wrong paris,Comedy
the wrong paris,Drama
the wrong paris,Romance
k.o.,Action
k.o.,Crime
k.o.,Mystery
black doves,Action
black doves,Drama
black doves,Mystery
bird box barcelona,Horror
bird box barcelona,Mystery
bird box barcelona,Sci-Fi
the deliverance,Drama
the deliverance,Horror
the deliverance,Mystery
kinda pregnant,Comedy
kinda pregnant,Drama
you are so not invited to my bat mitzvah,Comedy
who is erin carter?,Action
who is erin carter?,Adventure
who is erin carter?,Crime
troll 2,Comedy
troll 2,Fantasy
troll 2,Horror
the secret life of pets 2,Adventure
the secret life of pets 2,Animation
the secret life of pets 2,Comedy
woody woodpecker goes to camp,Adventure
woody woodpecker goes to camp,Animation
woody woodpecker goes to camp,Comedy
sex education,Comedy
sex education,Drama
sex education,Romance
american nightmare,Crime
american nightmare,Documentary
american nightmare,Mystery
fall for me,Thriller
champagne problems,Comedy
champagne problems,Romance
outer banks,Action
outer banks,Crime
outer banks,Drama
the tearsmith,Drama
the tearsmith,Fantasy
the tearsmith,Romance
la dolce villa,Comedy
la dolce villa,Romance
love at first sight,Drama
love at first sight,Romance
colors of evil: red,Crime
colors of evil: red,Drama
colors of evil: red,Mystery
unknown number: the high school catfish,Crime
unknown number: the high school catfish,Documentary
the platform 2,Horror
the platform 2,Sci-Fi
the platform 2,Thriller
sean combs: the reckoning,Biography
sean combs: the reckoning,Crime
sean combs: the reckoning,Documentary
a widow's game,Crime
a widow's game,Drama
a widow's game,Mystery
bad influence,Drama
bad influence,Thriller
the crown,Biography
the crown,Drama
the crown,History
caramelo,Comedy
caramelo,Drama
caramelo,Family
code 8 part ii,Action
code 8 part ii,Crime
code 8 part ii,Drama
what jennifer did,Crime
what jennifer did,Documentary
mea culpa,Documentary
badland hunters,Action
badland hunters,Adventure
badland hunters,Crime
beckham,Comedy
beckham,Drama
beckham,Romance
locked in,Drama
locked in,Mystery
locked in,Thriller
pain hustlers,Crime
pain hustlers,Drama
run away,Crime
run away,Drama
run away,Mystery
in your dreams,Adventure
in your dreams,Animation
in your dreams,Comedy
love is blind,Reality-TV
love is blind,Romance
the wages of fear,Adventure
the wages of fear,Drama
the wages of fear,Thriller
"bon appétit, your majesty",Drama
"bon appétit, your majesty",Fantasy
"bon appétit, your majesty",History
wingwomen,Action
wingwomen,Comedy
wingwomen,Crime
find me falling,Comedy
find me falling,Music
find me falling,Romance
the madness,Action
the madness,Adventure
the madness,Fantasy
family pack,Adventure
family pack,Comedy
family pack,Fantasy
best. christmas. ever!,Comedy
best. christmas. ever!,Romance
supacell,Action
supacell,Adventure
supacell,Drama
beauty in black,Drama
american manhunt: osama bin laden,Crime
american manhunt: osama bin laden,Documentary
american manhunt: osama bin laden,History
you,Biography
you,Crime
you,Drama
"xo, kitty",Comedy
"xo, kitty",Drama
"xo, kitty",Romance
meet me next christmas,Comedy
meet me next christmas,Romance
vanished into the night,Drama
vanished into the night,Thriller
plankton: the movie,Adventure
plankton: the movie,Animation
plankton: the movie,Comedy
running point,Comedy
running point,Sport
jingle bell heist,Comedy
jingle bell heist,Crime
jingle bell heist,Romance
the monkey king,Action
the monkey king,Adventure
the monkey king,Animation
hostage,Action
hostage,Crime
hostage,Drama
fair play,Drama
fair play,Thriller
the beast in me,Drama
the beast in me,Mystery
the beast in me,Thriller
the four seasons,Comedy
the four seasons,Romance
extraction,Action
extraction,Crime
extraction,Thriller
the perfect neighbor,Crime
the perfect neighbor,Documentary
the perfect neighbor,Drama
paradise,Comedy
paradise,Drama
paradise,Romance
one day,Drama
one day,Romance
incoming,Comedy
american primeval,Action
american primeval,Drama
american primeval,Thriller
the abyss,Adventure
the abyss,Drama
the abyss,Mystery
secrets we keep,Crime
secrets we keep,Drama
secrets we keep,Mystery
wayward,Drama
wayward,Horror
wayward,Mystery
arcane,Action
arcane,Adventure
arcane,Animation
lonely planet,Drama
lonely planet,Romance
all the light we cannot see,Drama
all the light we cannot see,History
all the light we cannot see,War
old dads,Comedy
hot frosty,Comedy
hot frosty,Fantasy
hot frosty,Romance
obliterated,Action
obliterated,Comedy
obliterated,Drama
depp v heard,Crime
depp v heard,Documentary
the waterfront,Crime
the waterfront,Drama
the waterfront,Thriller
saving bikini bottom: the sandy cheeks movie,Adventure
saving bikini bottom: the sandy cheeks movie,Animation
saving bikini bottom: the sandy cheeks movie,Comedy
kingsman: the secret service,Action
kingsman: the secret service,Adventure
kingsman: the secret service,Comedy
the menendez brothers,Crime
the menendez brothers,Documentary
american murder: laci peterson,Crime
american murder: laci peterson,Documentary
american murder: laci peterson,Mystery
sixty minutes,Action
sixty minutes,Adventure
sixty minutes,Drama
night always comes,Crime
night always comes,Drama
night always comes,Thriller
the gardener,Drama
the gardener,Mystery
the gardener,Romance
ballerina,Action
ballerina,Thriller
cassandra,Crime
cassandra,Drama
cassandra,Romance
officer black belt,Action
officer black belt,Comedy
officer black belt,Crime
chicken run: dawn of the nugget,Adventure
chicken run: dawn of the nugget,Animation
chicken run: dawn of the nugget,Comedy
trouble,Action
trouble,Adventure
trouble,Comedy
the diplomat,Drama
the diplomat,Thriller
last bullet,Action
last bullet,Crime
last bullet,Drama
trainwreck: poop cruise,Documentary
orion and the dark,Adventure
orion and the dark,Animation
orion and the dark,Comedy
dan da dan,Adventure
dan da dan,Drama
dan da dan,Western
minions,Adventure
minions,Animation
minions,Comedy
spellbound,Drama
spellbound,Film-Noir
spellbound,Mystery
raw,Drama
raw,Horror
eric,Crime
eric,Drama
eric,Thriller
amy bradley is missing,Crime
amy bradley is missing,Documentary
amy bradley is missing,Mystery
the asunta case,Biography
the asunta case,Crime
the asunta case,Drama
bullet train explosion,Action
bullet train explosion,Crime
bullet train explosion,Drama
let go,Drama
let go,Romance
players,Action
players,Adventure
players,Sci-Fi
prison break,Action
prison break,Crime
prison break,Drama
deceitful love,Drama
deceitful love,Romance
boots,Drama
boots,War
the åre murders,Crime
the åre murders,Drama
the åre murders,Mystery
the shadow strays,Action
the shadow strays,Crime
the shadow strays,Thriller
a nearly normal family,Crime
a nearly normal family,Drama
a nearly normal family,Thriller
despicable me 2,Adventure
despicable me 2,Animation
despicable me 2,Comedy
the dinosaurs,Adventure
the dinosaurs,Animation
the dinosaurs,Comedy
happiness for beginners,Comedy
happiness for beginners,Drama
happiness for beginners,Romance
never have i ever,Comedy
never have i ever,Drama
inheritance,Biography
inheritance,Drama
inheritance,History
the umbrella academy,Action
the umbrella academy,Adventure
the umbrella academy,Comedy
testament: the story of moses,Biography
testament: the story of moses,Documentary
testament: the story of moses,Drama
firebreak,Drama
firebreak,Thriller
the sandman,Drama
the sandman,Fantasy
the sandman,Horror
raising voices,Family
raising voices,Music
raising voices,Musical
unfamiliar,Action
unfamiliar,Crime
unfamiliar,Drama
heart of the hunter,Action
heart of the hunter,Thriller
the residence,Action
the residence,Horror
the residence,Sci-Fi
fear street: prom queen,Horror
fear street: prom queen,Mystery
fear street: prom queen,Thriller
my demon,Comedy
my demon,Drama
my demon,Fantasy
burning betrayal,Drama
burning betrayal,Mystery
burning betrayal,Romance
french lover,Comedy
french lover,Romance
weak hero,Action
weak hero,Drama
weak hero,Thriller
dept. q,Crime
dept. q,Drama
dept. q,Mystery
when the phone rings,Drama
when the phone rings,Mystery
when the phone rings,Romance
sakamoto days,Action
sakamoto days,Adventure
sakamoto days,Animation
the merry gentlemen,Comedy
the merry gentlemen,Music
the merry gentlemen,Romance
two graves,Crime
two graves,Drama
two graves,Mystery
ragnarok,Action
ragnarok,Adventure
ragnarok,Comedy
agatha christie's seven dials,Crime
agatha christie's seven dials,Drama
agatha christie's seven dials,Mystery
a merry little ex-mas,Comedy
honeymoon crasher,Comedy
forgotten love,Drama
forgotten love,Romance
a good girl's guide to murder,Crime
a good girl's guide to murder,Drama
a good girl's guide to murder,Mystery
vikings: valhalla,Action
vikings: valhalla,Adventure
vikings: valhalla,Drama
alice in borderland,Action
alice in borderland,Drama
alice in borderland,Horror
last call for istanbul,Drama
last call for istanbul,Romance
fake profile,Drama
fake profile,Romance
fake profile,Thriller
the asset,Crime
the asset,Drama
the asset,Thriller
dynamite kiss,Comedy
dynamite kiss,Drama
dynamite kiss,Romance
godzilla minus one,Action
godzilla minus one,Adventure
godzilla minus one,Drama
demon city,Action
demon city,Animation
demon city,Fantasy
queen of tears,Comedy
queen of tears,Drama
queen of tears,Romance
justice,Action
justice,Adventure
justice,Sci-Fi
happy gilmore,Comedy
happy gilmore,Sport
parasyte: the grey,Action
parasyte: the grey,Drama
parasyte: the grey,Horror
billionaires' bunker,Crime
billionaires' bunker,Drama
billionaires' bunker,Thriller
honeymoonish,Comedy
honeymoonish,Romance
the fall of the house of usher,Drama
the fall of the house of usher,Horror
the fall of the house of usher,Mystery
bodies,Action
bodies,Comedy
bodies,Horror
the twister: caught in the storm,Documentary
"miraculous: ladybug & cat noir, the movie",Action
"miraculous: ladybug & cat noir, the movie",Adventure
"miraculous: ladybug & cat noir, the movie",Animation
the breakthrough,Crime
the breakthrough,Drama
the breakthrough,Mystery
king the land,Comedy
king the land,Drama
king the land,Romance
"love, divided",Comedy
"love, divided",Romance
squad 36,Crime
squad 36,Drama
squad 36,Thriller
ransom canyon,Drama
ransom canyon,Romance
ransom canyon,Western
jeffrey epstein: filthy rich,Crime
jeffrey epstein: filthy rich,Documentary
the predator,Action
the predator,Adventure
the predator,Sci-Fi
almost cops,Action
almost cops,Comedy
almost cops,Crime
pulse,Horror
pulse,Sci-Fi
pulse,Thriller
a deadly american marriage,Crime
a deadly american marriage,Documentary
the cage,Comedy
the cage,Drama
the survivors,Crime
the survivors,Drama
the survivors,Mystery
"lover, stalker, killer",Crime
"lover, stalker, killer",Documentary
thelma the unicorn,Adventure
thelma the unicorn,Animation
thelma the unicorn,Comedy
absentia,Crime
absentia,Drama
absentia,Mystery
when life gives you tangerines,Drama
when life gives you tangerines,History
when life gives you tangerines,Romance
geek girl,Comedy
geek girl,Drama
gtmax,Action
gtmax,Crime
gtmax,Drama
the empress,Drama
the empress,History
the empress,Romance
love is in the air,Comedy
love is in the air,Romance
fatal seduction,Crime
fatal seduction,Drama
fatal seduction,Mystery
worst ex ever,Crime
worst ex ever,Documentary
reality check: inside america's next top model,Documentary
evil influencer: the jodi hildebrandt story,Crime
evil influencer: the jodi hildebrandt story,Documentary
last samurai standing,Action
last samurai standing,Drama
last samurai standing,History
spy kids: armageddon,Action
spy kids: armageddon,Comedy
spy kids: armageddon,Family
kingsman: the golden circle,Action
kingsman: the golden circle,Adventure
kingsman: the golden circle,Comedy
ice age: dawn of the dinosaurs,Adventure
ice age: dawn of the dinosaurs,Animation
ice age: dawn of the dinosaurs,Comedy
the recruit,Action
the recruit,Thriller
ice age: collision course,Action
ice age: collision course,Adventure
ice age: collision course,Animation
the courier,Drama
the courier,History
the courier,Mystery
spaceman,Adventure
spaceman,Drama
spaceman,Romance
paw patrol: the movie,Action
paw patrol: the movie,Adventure
paw patrol: the movie,Animation
she said maybe,Comedy
she said maybe,Drama
she said maybe,Romance
infinite,Comedy
infinite,Drama
infinite,Music
sweet tooth,Action
sweet tooth,Adventure
sweet tooth,Drama
cold case: who killed jonbenét ramsey,Crime
cold case: who killed jonbenét ramsey,Documentary
unspeakable sins,Drama
unspeakable sins,Thriller
the perfect find,Comedy
the perfect find,Drama
the perfect find,Romance
a man in full,Drama
accused,Crime
accused,Drama
too hot to handle,Documentary
too hot to handle,Game-Show
too hot to handle,Reality-TV
delicious,Adventure
delicious,Animation
delicious,Comedy
abandoned man,Drama
the trauma code: heroes on call,Drama
yu yu hakusho,Action
yu yu hakusho,Adventure
yu yu hakusho,Animation
make me believe,Comedy
make me believe,Romance
the elixir,Horror
the elixir,Thriller
a perfect story,Comedy
a perfect story,Drama
a perfect story,Romance
how the grinch stole christmas,Comedy
how the grinch stole christmas,Family
how the grinch stole christmas,Fantasy
gemini man,Action
gemini man,Sci-Fi
gemini man,Thriller
gone girls: the long island serial killer,Crime
gone girls: the long island serial killer,Documentary
no pressure,Comedy
no pressure,Romance
mango,Drama
inside man: most wanted,Action
inside man: most wanted,Crime
inside man: most wanted,Thriller
"ashley madison: sex, lies & scandal",Documentary
shrek,Adventure
shrek,Animation
shrek,Comedy
soulcatcher,Action
soulcatcher,Adventure
soulcatcher,Thriller
a man on the inside,Comedy
a man on the inside,Crime
bloodhounds,Action
bloodhounds,Crime
bloodhounds,Drama
the brothers sun,Action
the brothers sun,Comedy
the brothers sun,Drama
the abandons,Horror
the abandons,Mystery
the abandons,Thriller
criminal code,Action
criminal code,Crime
criminal code,Drama
furies,Action
furies,Adventure
furies,Sci-Fi
uprising,Action
uprising,Adventure
uprising,Sci-Fi
medusa,Drama
medusa,Horror
medusa,Mystery
the croods: a new age,Adventure
the croods: a new age,Animation
the croods: a new age,Comedy
the heart knows,Drama
the heart knows,Romance
the art of sarah,Crime
the art of sarah,Drama
the art of sarah,Mystery
cold case: the tylenol murders,Crime
cold case: the tylenol murders,Documentary
the tailor,Drama
the tailor,Thriller
heartstopper,Drama
heartstopper,Romance
disturbia,Crime
disturbia,Drama
disturbia,Mystery
love next door,Comedy
love next door,Drama
love next door,Romance
gifted,Drama
gifted,Mystery
gifted,Thriller
tastefully yours,Comedy
tastefully yours,Drama
tastefully yours,Romance
elite,Action
elite,Crime
elite,Thriller
the black book,Animation
the black book,Fantasy
the black book,Horror
black rabbit,Crime
black rabbit,Drama
black rabbit,Mystery
the children's train,Drama
the children's train,History
the monster of florence,Biography
the monster of florence,Crime
the monster of florence,Drama
burning body,Biography
burning body,Crime
burning body,Drama
lucca's world,Drama
the investigation of lucy letby,Crime
the investigation of lucy letby,Documentary
olympo,Drama
olympo,Mystery
olympo,Sport
bad surgeon: love under the knife,Crime
bad surgeon: love under the knife,Documentary
bad surgeon: love under the knife,History
under a dark sun,Crime
under a dark sun,Drama
under a dark sun,Mystery
the signal,Drama
the signal,Mystery
the signal,Sci-Fi
finding her edge,Drama
finding her edge,Family
finding her edge,Romance
territory,Action
territory,Adventure
territory,Thriller
dancing for the devil: the 7m tiktok cult,Crime
dancing for the devil: the 7m tiktok cult,Documentary
fit for tv: the reality of the biggest loser,Documentary
the old guard,Action
the old guard,Thriller
selling sunset,Reality-TV
kaos,Comedy
kaos,Drama
kaos,Fantasy
house of guinness,Biography
house of guinness,Drama
house of guinness,History
can this love be translated?,Comedy
can this love be translated?,Drama
can this love be translated?,Romance
breathless,Crime
breathless,Drama
hierarchy,Drama
hierarchy,Romance
hierarchy,Thriller
physical: 100,Game-Show
physical: 100,Reality-TV
einstein and the bomb,Documentary
einstein and the bomb,History
the conference,Comedy
the conference,Horror
the conference,Mystery
ready or not,Action
ready or not,Comedy
ready or not,Horror
choose love,Comedy
choose love,Romance
the lost children,Adventure
the lost children,Drama
the lost children,Fantasy
no one saw us leave,Drama
mercy for none,Action
mercy for none,Crime
mercy for none,Drama
devil may cry,Action
devil may cry,Adventure
devil may cry,Animation
caught,Action
caught,Comedy
caught,Crime
the greatest night in pop,Documentary
the greatest night in pop,Music
homicide,Action
homicide,Comedy
homicide,Crime
"thank you, next",Comedy
"thank you, next",Drama
"thank you, next",Romance
alexander: the making of a god,Documentary
alexander: the making of a god,Drama
alexander: the making of a god,History
the man with 1000 kids,Crime
the man with 1000 kids,Documentary
baki hanma,Action
baki hanma,Animation
baki hanma,Drama
formula 1: drive to survive,Documentary
formula 1: drive to survive,Sport
sweet magnolias,Drama
sweet magnolias,Romance
ballad of a small player,Crime
ballad of a small player,Drama
ballad of a small player,Mystery
the manny,Comedy
the manny,Drama
the manny,Family
man on fire,Action
man on fire,Crime
man on fire,Drama
gabby's dollhouse,Adventure
gabby's dollhouse,Animation
gabby's dollhouse,Comedy
desperate lies,Drama
desperate lies,Romance
gyeongseong creature,Action
gyeongseong creature,Drama
gyeongseong creature,History
life on our planet,Biography
life on our planet,Documentary
simone biles rising,Biography
simone biles rising,Documentary
simone biles rising,Sport
ferdinand,Adventure
ferdinand,Animation
ferdinand,Comedy
no good deed,Crime
no good deed,Drama
no good deed,Horror
the boss baby,Adventure
the boss baby,Animation
the boss baby,Comedy
gangs of galicia,Crime
gangs of galicia,Drama
gangs of galicia,Thriller
"genie, make a wish",Comedy
"genie, make a wish",Drama
"genie, make a wish",Fantasy
love untangled,Comedy
love untangled,Drama
love untangled,Romance
the kitchen,Action
the kitchen,Crime
the kitchen,Drama
number 24,Animation
bandidos,Action
bandidos,Adventure
bandidos,Crime
as you stood by,Crime
as you stood by,Drama
as you stood by,Thriller
non negotiable,Action
non negotiable,Comedy
non negotiable,Thriller
the twits,Adventure
the twits,Animation
the twits,Comedy
unfrosted,Biography
unfrosted,Comedy
unfrosted,History
pact of silence,Crime
pact of silence,Drama
pact of silence,Thriller
they cloned tyrone,Comedy
they cloned tyrone,Mystery
they cloned tyrone,Sci-Fi
perfect match,Comedy
perfect match,Romance
despicable me,Adventure
despicable me,Animation
despicable me,Comedy
worst roommate ever,Crime
worst roommate ever,Documentary
worst roommate ever,Thriller
you are what you eat: a twin experiment,Documentary
old money,Drama
old money,Romance
mask girl,Comedy
mask girl,Drama
mask girl,Horror
megamind,Action
megamind,Adventure
megamind,Animation
love is blind: uk,Game-Show
love is blind: uk,Reality-TV
love is blind: uk,Romance
the super mario bros. movie,Adventure
the super mario bros. movie,Animation
the super mario bros. movie,Comedy
aileen: queen of the serial killers,Crime
aileen: queen of the serial killers,Documentary
the roast of tom brady,Comedy
the roast of tom brady,Documentary
this is the zodiac speaking,Crime
this is the zodiac speaking,Documentary
bad influence: the dark side of kidfluencing,Documentary
state of fear,Action
state of fear,Crime
state of fear,Drama
sister death,Horror
sister death,Mystery
wall to wall,Drama
wall to wall,Thriller
crooks,Comedy
crooks,Crime
mantis,Family
mantis,Horror
mantis,Sci-Fi
stolen,Action
stolen,Crime
stolen,Thriller
jurassic world: chaos theory,Action
jurassic world: chaos theory,Adventure
jurassic world: chaos theory,Animation
asterix & obelix: the big fight,Action
asterix & obelix: the big fight,Adventure
asterix & obelix: the big fight,Animation
jay kelly,Comedy
jay kelly,Drama
madagascar,Adventure
madagascar,Animation
madagascar,Comedy
ziam,Action
ziam,Horror
ziam,Sci-Fi
blame the game,Comedy
blame the game,Romance
blame the game,Thriller
woman of the hour,Crime
woman of the hour,Drama
woman of the hour,Mystery
revelations,Drama
revelations,Horror
revelations,Mystery
zom 100: bucket list of the dead,Action
zom 100: bucket list of the dead,Adventure
zom 100: bucket list of the dead,Animation
aka charlie sheen,Biography
aka charlie sheen,Documentary
house of ninjas,Action
house of ninjas,Drama
house of ninjas,Thriller
the sentinel,Action
the sentinel,Crime
the sentinel,Thriller
sweet bobby: my catfish nightmare,Documentary
ms. rachel,Family
in the mud,Crime
in the mud,Drama
overhaul,Documentary
overhaul,Reality-TV
overhaul,Sport
world war ii: from the frontlines,Documentary
world war ii: from the frontlines,History
world war ii: from the frontlines,War
blood coast,Action
blood coast,Crime
blood coast,Drama
anthracite,Crime
anthracite,Drama
anthracite,Mystery
code 8,Action
code 8,Crime
code 8,Drama
ángela,Drama
ángela,Romance
strong girl nam-soon,Action
strong girl nam-soon,Comedy
strong girl nam-soon,Crime
dead boy detectives,Action
dead boy detectives,Adventure
dead boy detectives,Comedy
bet,Crime
bet,Drama
pretty woman,Comedy
pretty woman,Romance
you do you,Action
you do you,Comedy
forever,Action
forever,Adventure
forever,Drama
jack reacher: never go back,Action
jack reacher: never go back,Thriller
ultraman: rising,Action
ultraman: rising,Adventure
ultraman: rising,Animation
even if this love disappears tonight,Drama
even if this love disappears tonight,Romance
ma,Action
ma,Sci-Fi
destined with you,Comedy
destined with you,Drama
destined with you,Fantasy
don't say a word,Drama
don't say a word,Mystery
don't say a word,Thriller
shrek 2,Adventure
shrek 2,Animation
shrek 2,Comedy
titanic,Drama
titanic,Romance
hot wheels let's race,Action
hot wheels let's race,Adventure
hot wheels let's race,Animation
what men want,Comedy
what men want,Fantasy
what men want,Romance
jaane jaan,Drama
jaane jaan,Romance
dracula untold,Action
dracula untold,Drama
dracula untold,Fantasy
scoop,Comedy
scoop,Crime
scoop,Fantasy
me before you,Drama
me before you,Romance
fast & furious presents: hobbs & shaw,Action
fast & furious presents: hobbs & shaw,Adventure
fast & furious presents: hobbs & shaw,Thriller
missing: the lucie blackman case,Crime
missing: the lucie blackman case,Documentary
train dreams,Drama
our planet,Documentary
our planet,Family
minions: the rise of gru,Adventure
minions: the rise of gru,Animation
minions: the rise of gru,Comedy
goodbye june,Drama
the surrogacy,Drama
live to 100: secrets of the blue zones,Adventure
live to 100: secrets of the blue zones,Documentary
the big fake,Drama
the big fake,History
wrong side of the tracks,Action
wrong side of the tracks,Adventure
wrong side of the tracks,Crime
rulers of fortune,Crime
rulers of fortune,Drama
one last adventure: the making of stranger things 5,Documentary
outlaw,Action
outlaw,Biography
outlaw,Drama
four brothers,Action
four brothers,Crime
four brothers,Drama
kiss the girls,Crime
kiss the girls,Drama
kiss the girls,Mystery
the ultimatum: marry or move on,Reality-TV
surviving black hawk down,Documentary
surviving black hawk down,History
surviving black hawk down,War
fubar,Action
fubar,Adventure
fubar,Comedy
barbarian,Horror
barbarian,Mystery
barbarian,Thriller
sleeping dog,Crime
sleeping dog,Mystery
sleeping dog,Thriller
alita: battle angel,Action
alita: battle angel,Adventure
alita: battle angel,Sci-Fi
into the fire: the lost daughter,Crime
into the fire: the lost daughter,Documentary
cashero,Action
cashero,Adventure
cashero,Fantasy
doctor slump,Comedy
doctor slump,Drama
doctor slump,Romance
outside,Comedy
outside,Crime
outside,Drama
the fate of the furious,Action
the fate of the furious,Crime
the fate of the furious,Thriller
senna,Biography
senna,Documentary
senna,Sport
néro the assassin,Action
néro the assassin,Adventure
néro the assassin,Drama
record of ragnarok,Action
record of ragnarok,Adventure
record of ragnarok,Animation
culinary class wars,Game-Show
culinary class wars,Reality-TV
prometheus,Adventure
prometheus,Sci-Fi
top boy,Crime
top boy,Drama
top boy,Thriller
vladimir,Comedy
vladimir,Drama
crew,Action
crew,Comedy
crew,Crime
apple cider vinegar,Biography
apple cider vinegar,Crime
apple cider vinegar,Drama
the royals,Comedy
the royals,Drama
sisters' feud,Drama
a day and a half,Action
a day and a half,Drama
a day and a half,Thriller
in good hands 2,Comedy
in good hands 2,Drama
in good hands 2,Romance
woody woodpecker,Animation
woody woodpecker,Comedy
unicorn academy,Adventure
unicorn academy,Animation
unicorn academy,Comedy
inside furioza,Action
inside furioza,Drama
no time to die,Action
no time to die,Adventure
no time to die,Thriller
celebrity,Drama
hit man,Comedy
hit man,Crime
hit man,Romance
hijack '93,Drama
hijack '93,Thriller
city hunter,Action
city hunter,Comedy
city hunter,Crime
take care of maya,Documentary
a copenhagen love story,Drama
a copenhagen love story,Romance
can i tell you a secret?,Crime
can i tell you a secret?,Documentary
the carman family deaths,Crime
the carman family deaths,Documentary
the carman family deaths,Thriller
black clover: sword of the wizard king,Action
black clover: sword of the wizard king,Adventure
black clover: sword of the wizard king,Animation
see you on venus,Drama
see you on venus,Romance
almost family,Drama
con mum,Crime
con mum,Documentary
disaster holiday,Comedy
disaster holiday,Family
dhurandhar,Action
dhurandhar,Adventure
dhurandhar,Crime
murder mindfully,Comedy
murder mindfully,Crime
murder mindfully,Mystery
the love scam,Comedy
the love scam,Romance
a true gentleman,Drama
a true gentleman,Romance
hack your health: the secrets of your gut,Documentary
the 8 show,Comedy
the 8 show,Drama
the 8 show,Mystery
toxic town,Drama
mission: cross,Action
mission: cross,Comedy
mission: cross,Crime
28 weeks later,Horror
28 weeks later,Sci-Fi
love is blind: the reunion,Reality-TV
midsummer night,Comedy
midsummer night,Fantasy
midsummer night,Romance
my happy marriage,Animation
my happy marriage,Drama
my happy marriage,Fantasy
uncharted,Action
uncharted,Adventure
iron reign,Drama
iron reign,Mystery
iron reign,Thriller
the devil on trial,Crime
the devil on trial,Documentary
the devil on trial,Horror
miss night and day,Comedy
miss night and day,Fantasy
miss night and day,Romance
meet the khumalos,Comedy
meet the khumalos,Drama
golden kamuy,Action
golden kamuy,Adventure
golden kamuy,Animation
madagascar: escape 2 africa,Adventure
madagascar: escape 2 africa,Animation
madagascar: escape 2 africa,Comedy
a normal woman,Drama
a normal woman,Horror
a normal woman,Thriller
yellowstone,Drama
yellowstone,Western
demon slayer: kimetsu no yaiba,Action
demon slayer: kimetsu no yaiba,Adventure
demon slayer: kimetsu no yaiba,Animation
sweet home,Comedy
sweet home,Romance
bad dinosaurs,Adventure
bad dinosaurs,Animation
bad dinosaurs,Comedy
"my father, the btk killer",Crime
"my father, the btk killer",Documentary
miss peregrine's home for peculiar children,Adventure
miss peregrine's home for peculiar children,Drama
miss peregrine's home for peculiar children,Family
the maze runner,Action
the maze runner,Mystery
the maze runner,Sci-Fi
survival of the thickest,Comedy
survival of the thickest,Drama
love tactics 2,Comedy
love tactics 2,Romance
just one look,Crime
just one look,Drama
just one look,Mystery
cold pursuit,Action
cold pursuit,Comedy
cold pursuit,Crime
trainwreck: the astroworld tragedy,Documentary
bionic,Action
bionic,Adventure
bionic,Drama
nimona,Action
nimona,Adventure
nimona,Animation
life or something like it,Comedy
life or something like it,Romance
ford v. ferrari,Action
ford v. ferrari,Biography
ford v. ferrari,Drama
prison cell 211,Crime
prison cell 211,Drama
prison cell 211,Thriller
bodkin,Comedy
bodkin,Drama
bodkin,Mystery
arnold,Animation
arnold,Comedy
arnold,Family
the passion of the christ,Drama
shooter,Action
shooter,Drama
shooter,Thriller
ashes,Action
ashes,Adventure
ashes,Animation
katrina: come hell and high water,Documentary
sing 2,Adventure
sing 2,Animation
sing 2,Comedy
shark tale,Adventure
shark tale,Animation
shark tale,Comedy
secrets of the neanderthals,Documentary
the sand castle,Drama
the sand castle,Fantasy
the sand castle,Mystery
max,Action
max,Adventure
max,Sci-Fi
paw patrol: the mighty movie,Action
paw patrol: the mighty movie,Adventure
paw patrol: the mighty movie,Animation
get gotti,Crime
get gotti,Documentary
the devil wears prada,Comedy
the devil wears prada,Drama
buy now: the shopping conspiracy,Documentary
physical: asia,Game-Show
physical: asia,Reality-TV
puss in boots: the last wish,Action
puss in boots: the last wish,Adventure
puss in boots: the last wish,Animation
dirty pop: the boy band scam,Crime
dirty pop: the boy band scam,Documentary
victoria beckham,Documentary
victoria beckham,Drama
the chosen one,Drama
flightplan,Drama
flightplan,Mystery
flightplan,Thriller
heeramandi: the diamond bazaar,Drama
heeramandi: the diamond bazaar,History
heeramandi: the diamond bazaar,Romance
transporter 2,Action
transporter 2,Thriller
it's what's inside,Comedy
it's what's inside,Mystery
it's what's inside,Sci-Fi
boy swallows universe,Crime
boy swallows universe,Drama
boy swallows universe,Mystery
do patti,Crime
do patti,Drama
do patti,Mystery
nyad,Biography
nyad,Drama
nyad,History
the hijacking of flight 601,Drama
the hijacking of flight 601,History
the hijacking of flight 601,Thriller
deep fear,Action
deep fear,Horror
deep fear,Thriller
the tiktok killer,Crime
the tiktok killer,Documentary
murdaugh murders: a southern scandal,Crime
murdaugh murders: a southern scandal,Documentary
sly,Biography
sly,Documentary
the hunt,Drama
another self,Drama
another self,Romance
bank under siege,Action
bank under siege,Crime
bank under siege,Thriller
gold brick,Comedy
gold brick,Drama
our unwritten seoul,Drama
our unwritten seoul,Romance
the crystal cuckoo,Crime
the crystal cuckoo,Drama
the crystal cuckoo,Thriller
believer 2,Action
believer 2,Crime
believer 2,Thriller
countdown: paul vs. tyson,Documentary
countdown: paul vs. tyson,Sport
a time to kill,Crime
a time to kill,Drama
a time to kill,Thriller
queen charlotte: a bridgerton story,Drama
queen charlotte: a bridgerton story,History
queen charlotte: a bridgerton story,Romance
killer book club,Horror
killer book club,Thriller
the fast and the furious,Action
the fast and the furious,Crime
the fast and the furious,Thriller
departure,Drama
seventh son,Action
seventh son,Adventure
seventh son,Fantasy
once upon a crime,Comedy
once upon a crime,Crime
once upon a crime,Mystery
american manhunt: o.j. simpson,Crime
american manhunt: o.j. simpson,Documentary
american manhunt: o.j. simpson,History
cocomelon lane,Animation
cocomelon lane,Comedy
cocomelon lane,Family
one hundred years of solitude,Drama
one hundred years of solitude,Fantasy
one hundred years of solitude,History
underwater,Action
underwater,Adventure
underwater,Horror
our times,Comedy
our times,Romance
in time,Comedy
in time,Drama
my melody & kuromi,Adventure
my melody & kuromi,Animation
my melody & kuromi,Comedy
jailbreak: love on the run,Crime
jailbreak: love on the run,Documentary
thursday's widows,Drama
thursday's widows,Thriller
elektra,Action
elektra,Adventure
elektra,Crime
venom: let there be carnage,Action
venom: let there be carnage,Adventure
venom: let there be carnage,Crime
lolo and the kid,Drama
a killer paradox,Comedy
a killer paradox,Crime
a killer paradox,Drama
the addams family,Comedy
the addams family,Fantasy
glamorous,Comedy
glamorous,Drama
terminator: dark fate,Action
terminator: dark fate,Adventure
terminator: dark fate,Sci-Fi
is it cake?,Animation
is it cake?,Comedy
is it cake?,Game-Show
13 hours: the secret soldiers of benghazi,Action
13 hours: the secret soldiers of benghazi,Drama
13 hours: the secret soldiers of benghazi,History
fighter,Action
fighter,Biography
fighter,Drama
baki hanma vs kengan ashura,Action
baki hanma vs kengan ashura,Animation
baki hanma vs kengan ashura,Drama
the tourist,Action
the tourist,Romance
the tourist,Thriller
christmas as usual,Comedy
christmas as usual,Drama
christmas as usual,Romance
exodus: gods and kings,Action
exodus: gods and kings,Adventure
exodus: gods and kings,Drama
baki-dou: the invincible samurai,Action
baki-dou: the invincible samurai,Animation
baki-dou: the invincible samurai,Drama
street kings,Action
street kings,Crime
street kings,Thriller
"cocaine air: smugglers at 30,000 ft.",Crime
"cocaine air: smugglers at 30,000 ft.",Documentary
failure to launch,Comedy
failure to launch,Romance
ehrengard: the art of seduction,Comedy
ehrengard: the art of seduction,Drama
ehrengard: the art of seduction,Romance
the orphans,Drama
the orphans,History
the orphans,Romance
karma,Crime
karma,Drama
karma,Thriller
a father's miracle,Drama
goyo,Comedy
goyo,Drama
goyo,Romance
sing,Comedy
sing,Musical
sing,Romance
i woke up a vampire,Comedy
i woke up a vampire,Family
i woke up a vampire,Fantasy
boyfriend on demand,Comedy
boyfriend on demand,Drama
boyfriend on demand,Fantasy
the price of confession,Crime
the price of confession,Drama
the price of confession,Mystery
1992,Biography
1992,Crime
1992,Drama
million dollar secret,Game-Show
million dollar secret,Reality-TV
lead children,Drama
f9: the fast saga,Action
f9: the fast saga,Crime
f9: the fast saga,Thriller
the atypical family,Drama
the atypical family,Fantasy
the atypical family,Romance
america's sweethearts: dallas cowboys cheerleaders,Documentary
trainwreck: the cult of american apparel,Documentary
murder in monaco,Crime
murder in monaco,Documentary
mean girls,Comedy
"the program: cons, cults and kidnapping",Crime
"the program: cons, cults and kidnapping",Documentary
the beautiful game,Drama
the beautiful game,Sport
supersex,Biography
supersex,Drama
supersex,History
7 bears,Documentary
the day after tomorrow,Action
the day after tomorrow,Adventure
the day after tomorrow,Sci-Fi
shrek forever after,Adventure
shrek forever after,Animation
shrek forever after,Comedy
shaitaan,Drama
shaitaan,Horror
shaitaan,Thriller
young millionaires,Comedy
young millionaires,Drama
doona!,Comedy
doona!,Drama
doona!,Romance
wolf king,Adventure
wolf king,Animation
wolf king,Family
la brea,Drama
la brea,Thriller
attack on london: hunting the 7/7 bombers,Crime
attack on london: hunting the 7/7 bombers,Documentary
"old dog, new tricks",Comedy
the guest,Crime
the guest,Drama
the guest,Mystery
ferry 2,Action
ferry 2,Crime
ferry 2,Drama
safe house,Action
safe house,Thriller
martha,Drama
martha,Mystery
martha,Thriller
love con revenge,Crime
love con revenge,Documentary
love con revenge,Reality-TV
ic 814: the kandahar hijack,Drama
ic 814: the kandahar hijack,History
ic 814: the kandahar hijack,Thriller
the secret of the river,Drama
jurassic world: fallen kingdom,Action
jurassic world: fallen kingdom,Adventure
jurassic world: fallen kingdom,Sci-Fi
high tides,Drama
unlocked: a jail experiment,Documentary
unlocked: a jail experiment,Reality-TV
unsolved mysteries,Crime
unsolved mysteries,Documentary
unsolved mysteries,Mystery
copycat,Drama
copycat,Mystery
copycat,Thriller
cat & dog,Action
cat & dog,Adventure
cat & dog,Comedy
maharaja,Action
maharaja,Crime
maharaja,Drama
who killed jill dando?,Crime
who killed jill dando?,Documentary
who killed jill dando?,History
trainwreck: the real project x,Documentary
the addams family 2,Adventure
the addams family 2,Animation
the addams family 2,Comedy
the price of nonna's inheritance,Comedy
the casagrandes movie,Adventure
the casagrandes movie,Animation
the casagrandes movie,Comedy
burn the house down,Drama
burn the house down,Mystery
burn the house down,Thriller
troll,Adventure
troll,Animation
troll,Comedy
sweet home alabama,Comedy
sweet home alabama,Romance
what happens in vegas,Comedy
what happens in vegas,Romance
how to become a mob boss,Crime
how to become a mob boss,Documentary
glass,Comedy
glass,Crime
glass,Drama
catching killers,Action
catching killers,Crime
catching killers,Drama
jujutsu kaisen,Action
jujutsu kaisen,Adventure
jujutsu kaisen,Animation
hitler and the nazis: evil on trial,Documentary
hitler and the nazis: evil on trial,History
it takes two,Comedy
it takes two,Family
it takes two,Romance
the core,Action
the core,Adventure
the core,Sci-Fi
the croods,Adventure
the croods,Animation
the croods,Comedy
is it cake? halloween,Game-Show
is it cake? halloween,Reality-TV
gladiator ii,Action
gladiator ii,Adventure
gladiator ii,Drama
lost on a mountain in maine,Adventure
lost on a mountain in maine,Family
"a friend, a murderer",Crime
"a friend, a murderer",Documentary
captains of the world,Action
captains of the world,Adventure
captains of the world,Mystery
till murder do us part: soering vs. haysom,Crime
till murder do us part: soering vs. haysom,Documentary
till murder do us part: soering vs. haysom,History
romance in the house,Drama
romance in the house,Romance
the search for instagram's worst con artist,Crime
the search for instagram's worst con artist,Documentary
adoration,Drama
adoration,Romance
"go ahead, brother",Crime
"go ahead, brother",Drama
"go ahead, brother",Thriller
heartbreak high,Comedy
heartbreak high,Drama
heartbreak high,Romance
rise of the guardians,Action
rise of the guardians,Adventure
rise of the guardians,Animation
envious,Comedy
envious,Drama
envious,Romance
a time for bravery,Comedy
a time for bravery,Crime
the deepest breath,Adventure
the deepest breath,Documentary
the deepest breath,Sport
"jerry springer: fights, camera, action",Documentary
shark whisperer,Documentary
love forever,Comedy
love forever,Romance
inumber number: jozi gold,Action
inumber number: jozi gold,Adventure
inumber number: jozi gold,Crime
the dead girls,Crime
the dead girls,Drama
the dead girls,Mystery
beauty and the bester,Crime
beauty and the bester,Documentary
city of shadows,Crime
city of shadows,Drama
city of shadows,Mystery
"house, m.d.",Documentary
daddy's home 2,Comedy
trainwreck: balloon boy,Documentary
all-time high,Comedy
mr. mcmahon,Biography
mr. mcmahon,Crime
mr. mcmahon,Documentary
the bad guys,Adventure
the bad guys,Animation
the bad guys,Comedy
hotel transylvania 3: summer vacation,Adventure
hotel transylvania 3: summer vacation,Animation
hotel transylvania 3: summer vacation,Comedy
unknown: the lost pyramid,Documentary
unknown: the lost pyramid,History
monster high: the movie,Family
promised hearts,Drama
promised hearts,Romance
the resident,Action
the resident,Horror
the resident,Sci-Fi
the magnificent seven,Action
the magnificent seven,Adventure
the magnificent seven,Drama
sonic the hedgehog 3,Action
sonic the hedgehog 3,Adventure
sonic the hedgehog 3,Comedy
taskaree: the smuggler's web,Crime
taskaree: the smuggler's web,Thriller
skyscraper,Action
skyscraper,Adventure
skyscraper,Thriller
alpha,Biography
alpha,Crime
alpha,Drama
kill me if you dare,Comedy
kill me if you dare,Romance
unexplainable,Crime
unexplainable,Documentary
unexplainable,Mystery
a vampire in the family,Comedy
a vampire in the family,Fantasy
a discovery of witches,Drama
a discovery of witches,Fantasy
a discovery of witches,Romance
the great indian kapil show,Comedy
the great indian kapil show,Talk-Show
true haunting,Documentary
true haunting,Horror
surviving summer,Drama
surviving summer,Family
the leopard,Drama
the leopard,History
lucky baskhar,Crime
lucky baskhar,Drama
lucky baskhar,Thriller
the little things,Crime
the little things,Drama
the little things,Mystery
encounters,Drama
encounters,Sci-Fi
unknown: cave of bones,Documentary
the proposal,Comedy
the proposal,Drama
the proposal,Romance
taxi,Crime
taxi,Drama
the amazing digital circus,Adventure
the amazing digital circus,Animation
the amazing digital circus,Comedy
where the crawdads sing,Drama
where the crawdads sing,Mystery
where the crawdads sing,Romance
96 minutes,Drama
96 minutes,Thriller
animal,Drama
animal,Thriller
venom: the last dance,Action
venom: the last dance,Fantasy
venom: the last dance,Horror
dhoom dhaam,Action
dhoom dhaam,Comedy
dhoom dhaam,Romance
wyatt earp and the cowboy war,Documentary
wyatt earp and the cowboy war,Drama
wyatt earp and the cowboy war,Western
see you in my 19th life,Comedy
see you in my 19th life,Drama
see you in my 19th life,Fantasy
the favourite,Biography
the favourite,Comedy
the favourite,Drama
i am georgina,Reality-TV
a quiet place: day one,Drama
a quiet place: day one,Horror
a quiet place: day one,Sci-Fi
dubai bling,Reality-TV
(un)lucky sisters,Comedy
ballers,Comedy
ballers,Drama
ballers,Sport
raid 2,Action
raid 2,Crime
raid 2,Thriller
land of bad,Action
land of bad,Thriller
trainwreck: storm area 51,Documentary
my name is loh kiwan,Drama
my name is loh kiwan,Romance
sector 36,Crime
sector 36,Drama
sector 36,Thriller
alrawabi school for girls,Drama
mr. plankton,Comedy
mr. plankton,Drama
mr. plankton,Romance
louis theroux: inside the manosphere,Documentary
robbie williams,Biography
robbie williams,Documentary
robbie williams,Music
castaway diva,Comedy
castaway diva,Drama
castaway diva,Music
the frog,Adventure
the frog,Animation
the frog,Comedy
files of the unexplained,Crime
files of the unexplained,Documentary
files of the unexplained,Mystery
warrior,Action
warrior,Drama
warrior,Sport
aquaman and the lost kingdom,Action
aquaman and the lost kingdom,Adventure
aquaman and the lost kingdom,Fantasy
land of sin,Action
land of sin,Crime
land of sin,Drama
amsterdam empire,Crime
amsterdam empire,Drama
the marine,Action
the marine,Comedy
the marine,Drama
bee movie,Adventure
bee movie,Animation
bee movie,Comedy
karol g: tomorrow was beautiful,Documentary
karol g: tomorrow was beautiful,Music
trevor noah: where was i,Comedy
trevor noah: where was i,Documentary
top gun: maverick,Action
top gun: maverick,Drama
nice girls,Comedy
nice girls,Romance
don't breathe 2,Action
don't breathe 2,Crime
don't breathe 2,Horror
bade miyan chote miyan,Action
bade miyan chote miyan,Adventure
bade miyan chote miyan,Sci-Fi
dragon ball daima,Action
dragon ball daima,Adventure
dragon ball daima,Animation
mob war: philadelphia vs. the mafia,Crime
mob war: philadelphia vs. the mafia,Documentary
1883,Drama
1883,Western
half brothers,Comedy
half brothers,Drama
street flow 3,Drama
bangkok breaking: heaven and hell,Action
bangkok breaking: heaven and hell,Crime
bangkok breaking: heaven and hell,Drama
maharaj,Action
maharaj,Crime
maharaj,Drama
fifty shades freed,Drama
fifty shades freed,Mystery
fifty shades freed,Romance
halo,Action
halo,Adventure
halo,Sci-Fi
from the ashes,Crime
from the ashes,Drama
from the ashes,Mystery
free bert,Comedy
jack reacher,Action
jack reacher,Thriller
haq,Drama
happy ending,Comedy
happy ending,Romance
mysteries of the terracotta warriors,Documentary
mysteries of the terracotta warriors,History
sullivan's crossing,Drama
bad influencer,Drama
bad influencer,Thriller
blue eye samurai,Action
blue eye samurai,Adventure
blue eye samurai,Animation
rampage,Action
rampage,Adventure
rampage,Sci-Fi
the decameron,Comedy
the decameron,Drama
the decameron,History
untold: the murder of air mcnair,Crime
untold: the murder of air mcnair,Documentary
untold: the murder of air mcnair,Sport
kengan ashura,Action
kengan ashura,Animation
kengan ashura,Sport
is it cake? valentines,Game-Show
is it cake? valentines,Reality-TV
double jeopardy,Crime
double jeopardy,Drama
double jeopardy,Mystery
love on the spectrum,Documentary
love on the spectrum,Reality-TV
love on the spectrum,Romance
jaat,Action
jaat,Crime
jaat,Drama
subteran,Crime
subteran,Drama
subteran,Thriller
our living world,Documentary
semi-soeter,Comedy
norbit,Comedy
norbit,Romance
in the land of saints and sinners,Action
in the land of saints and sinners,Crime
in the land of saints and sinners,Drama
borderless fog,Crime
borderless fog,Drama
borderless fog,Mystery
bhakshak,Crime
bhakshak,Drama
saiyaara,Drama
saiyaara,Musical
saiyaara,Romance
the equalizer,Action
the equalizer,Crime
the equalizer,Thriller
the great seduction,Comedy
crime diaries: the celebrity stylist,Crime
a time called you,Drama
a time called you,Fantasy
a time called you,Mystery
the mountain between us,Drama
the mountain between us,Thriller
brigands: the quest for gold,Action
brigands: the quest for gold,Adventure
brigands: the quest for gold,Drama
holiday in the vineyards,Romance
deliver me,Biography
deliver me,Drama
deliver me,Music
castlevania: nocturne,Action
castlevania: nocturne,Adventure
castlevania: nocturne,Animation
mindcage,Crime
mindcage,Drama
mindcage,Horror
escaping twin flames,Biography
escaping twin flames,Documentary
shark bait,Horror
shark bait,Thriller
young royals,Drama
young royals,Romance
bitconned,Documentary
unknown: cosmic time machine,Documentary
kingdom,Action
kingdom,Adventure
blacklight,Action
blacklight,Drama
blacklight,Thriller
the quake,Action
the quake,Drama
the quake,Thriller
monster hunter,Action
monster hunter,Adventure
monster hunter,Fantasy
plane,Action
plane,Drama
plane,Sci-Fi
tere ishk mein,Action
tere ishk mein,Drama
tere ishk mein,Musical
spy ops,Documentary
spy ops,History
that night,Drama
that night,Romance
sikandar,Action
sikandar,Drama
cooking up murder: uncovering the story of césar román,Crime
cooking up murder: uncovering the story of césar román,Documentary
spectre,Action
spectre,Adventure
spectre,Thriller
resident playbook,Comedy
resident playbook,Drama
scary movie,Comedy
deva,Action
deva,Crime
deva,Drama
oklahoma city bombing: american terror,Crime
oklahoma city bombing: american terror,Documentary
manifest,Drama
manifest,Mystery
manifest,Sci-Fi
trainwreck: mayor of mayhem,Documentary
the mule,Crime
the mule,Drama
the mule,Thriller
real steel,Action
real steel,Drama
real steel,Sci-Fi
salvador,Drama
salvador,History
salvador,Thriller
a man called otto,Comedy
a man called otto,Drama
how to train your dragon: the hidden world,Action
how to train your dragon: the hidden world,Adventure
how to train your dragon: the hidden world,Animation
squared love everlasting,Comedy
squared love everlasting,Romance
maze runner: the scorch trials,Action
maze runner: the scorch trials,Adventure
maze runner: the scorch trials,Sci-Fi
night school,Comedy
wild,Adventure
wild,Biography
wild,Drama
poisoned: the dirty truth about your food,Documentary
car masters: rust to riches,Reality-TV
a tragedy foretold: flight 3054,Documentary
yoh! bestie,Comedy
yoh! bestie,Romance
conversations with a killer: the son of sam tapes,Biography
conversations with a killer: the son of sam tapes,Crime
conversations with a killer: the son of sam tapes,Documentary
rest in peace,Drama
rest in peace,Thriller
nobody,Action
nobody,Crime
nobody,Drama
cheers to life,Comedy
cheers to life,Drama
a life too short: the isabella nardoni case,Crime
a life too short: the isabella nardoni case,Documentary
the equalizer 3,Action
the equalizer 3,Crime
the equalizer 3,Thriller
dream,Drama
north of north,Documentary
despicable me 4,Adventure
despicable me 4,Animation
despicable me 4,Comedy
letters from the past,Drama
summer vacation,Adventure
summer vacation,Animation
summer vacation,Comedy
heavenly ever after,Comedy
heavenly ever after,Drama
heavenly ever after,Fantasy
organ child,Action
organ child,Crime
organ child,Drama
the wonder weeks,Comedy
the wonder weeks,Drama
sonic the hedgehog,Action
sonic the hedgehog,Adventure
sonic the hedgehog,Comedy
coach carter,Biography
coach carter,Drama
coach carter,Sport
nadaaniyan,Drama
nadaaniyan,Romance
eye for an eye,Crime
eye for an eye,Drama
eye for an eye,Thriller
noah,Action
noah,Adventure
noah,Drama
mr. car and the knights templar,Adventure
mr. car and the knights templar,Drama
mr. car and the knights templar,Family
baywatch,Action
baywatch,Comedy
baywatch,Crime
"angi: fake life, true crime",Crime
"angi: fake life, true crime",Documentary
animal kingdom,Crime
animal kingdom,Drama
animal kingdom,Thriller
ghosts,Action
ghosts,Adventure
ghosts,Thriller
the protege,Reality-TV
the art of racing in the rain,Comedy
the art of racing in the rain,Drama
the art of racing in the rain,Romance
chaos: the manson murders,Crime
chaos: the manson murders,Documentary
the seven deadly sins: four knights of the apocalypse,Action
the seven deadly sins: four knights of the apocalypse,Adventure
the seven deadly sins: four knights of the apocalypse,Animation
one-punch man,Action
one-punch man,Animation
one-punch man,Comedy
tomb raider,Action
tomb raider,Adventure
tomb raider,Fantasy
trap,Adventure
trap,Comedy
trap,Drama
inside the mind of a dog,Documentary
jolly llb 3,Comedy
jolly llb 3,Drama
savi,Drama
savi,War
anyone but you,Comedy
anyone but you,Romance
the back-up plan,Comedy
the back-up plan,Romance
the helicopter heist,Action
the helicopter heist,Crime
the helicopter heist,Drama
life of a king,Drama
happiness is,Animation
happiness is,Biography
happiness is,Documentary
the bequeathed,Crime
the bequeathed,Drama
the bequeathed,Mystery
the buckingham murders,Crime
the buckingham murders,Drama
the buckingham murders,Mystery
the witcher: sirens of the deep,Action
the witcher: sirens of the deep,Adventure
the witcher: sirens of the deep,Animation
death by lightning,Biography
death by lightning,Drama
death by lightning,History
the fragrant flower blooms with dignity,Animation
the fragrant flower blooms with dignity,Comedy
the fragrant flower blooms with dignity,Drama
shrek the third,Adventure
shrek the third,Animation
shrek the third,Comedy
the diamond heist,Crime
the diamond heist,Documentary
the diamond heist,History
big vape: the rise and fall of juul,Documentary
sonic prime,Adventure
sonic prime,Animation
sonic prime,Family
the boss baby: family business,Adventure
the boss baby: family business,Animation
the boss baby: family business,Comedy
dog days out,Animation
dog days out,Comedy
dog days out,Family
the mentalist,Crime
the mentalist,Drama
the mentalist,Mystery
predators,Action
predators,Adventure
predators,Horror
the biggest fan,Drama
love from 9 to 5,Comedy
love from 9 to 5,Romance
law abiding citizen,Action
law abiding citizen,Crime
law abiding citizen,Drama
welcome to the family,Comedy
valeria,Action
valeria,Adventure
valeria,Animation
khufiya,Action
khufiya,Biography
khufiya,Crime
how to lose a guy in 10 days,Comedy
how to lose a guy in 10 days,Romance
stillwater,Crime
stillwater,Drama
stillwater,Mystery
the yara gambirasio case: beyond reasonable doubt,Crime
the yara gambirasio case: beyond reasonable doubt,Documentary
the uncanny counter,Action
the uncanny counter,Drama
the uncanny counter,Fantasy
27 dresses,Comedy
27 dresses,Romance
the creature cases,Action
the creature cases,Adventure
the creature cases,Animation
hitman: agent 47,Action
hitman: agent 47,Adventure
hitman: agent 47,Crime
reptile,Crime
reptile,Drama
reptile,Mystery
don't move,Horror
don't move,Thriller
irish wish,Comedy
irish wish,Fantasy
irish wish,Romance
hidden strike,Action
hidden strike,Adventure
hidden strike,Comedy
cobra kai,Action
cobra kai,Comedy
cobra kai,Drama
rebel moon — part two: the scargiver,Action
rebel moon — part two: the scargiver,Adventure
rebel moon — part two: the scargiver,Drama
man vs baby,Comedy
man vs baby,Family
painkiller,Crime
painkiller,Drama
kidnapped: elizabeth smart,Crime
kidnapped: elizabeth smart,Documentary
ruth & boaz,Drama
ruth & boaz,Romance
the eternaut,Action
the eternaut,Adventure
the eternaut,Drama
the accident,Comedy
the accident,Romance
the glass dome,Crime
the glass dome,Drama
the secret life of pets,Adventure
the secret life of pets,Animation
the secret life of pets,Comedy
detective forst,Crime
detective forst,Drama
detective forst,Mystery
home,Action
home,Adventure
home,Fantasy
how to rob a bank,Comedy
how to rob a bank,Crime
how to rob a bank,Mystery
the strays,Drama
the strays,Mystery
the strays,Thriller
last stop larrimah,Crime
last stop larrimah,Documentary
last stop larrimah,Mystery
erased,Action
erased,Crime
erased,Thriller
school of chocolate,Game-Show
school of chocolate,Reality-TV
marry me,Comedy
marry me,Music
marry me,Romance
heirs to the land,Drama
heirs to the land,History
young sheldon,Comedy
the invitation,Drama
the invitation,Horror
the invitation,Mystery
the final: attack on wembley,Crime
the final: attack on wembley,Documentary
the final: attack on wembley,Sport
mr. holmes,Crime
mr. holmes,Drama
mr. holmes,Family
love actually,Comedy
love actually,Drama
love actually,Romance
blade runner 2049,Action
blade runner 2049,Drama
blade runner 2049,Mystery
cocaine bear,Comedy
cocaine bear,Crime
cocaine bear,Thriller
hell on the border,Adventure
hell on the border,Biography
hell on the border,Drama
babylon,Comedy
babylon,Drama
tall girl 2,Comedy
tall girl 2,Drama
tall girl 2,Family
how to train your dragon 2,Action
how to train your dragon 2,Adventure
how to train your dragon 2,Animation
together 99,Comedy
together 99,Drama
men in black: international,Action
men in black: international,Adventure
men in black: international,Comedy
mercury rising,Action
mercury rising,Crime
mercury rising,Drama
you don't know me,Crime
you don't know me,Drama
inside,Adventure
inside,Animation
inside,Comedy
the beekeeper,Action
the beekeeper,Crime
the beekeeper,Thriller
random hearts,Drama
random hearts,Mystery
random hearts,Romance
swedish,Comedy
swedish,Crime
swedish,Drama
the nun ii,Horror
the nun ii,Mystery
the nun ii,Thriller
war sailor,Drama
war sailor,War
unseen,Drama
unseen,Romance
sune – mission: midsummer,Comedy
sune – mission: midsummer,Family
red sparrow,Action
red sparrow,Drama
red sparrow,Thriller
lady chatterley's lover,Drama
lady chatterley's lover,Romance
uncoupled,Comedy
uncoupled,Drama
uncoupled,Romance
i came by,Thriller
oblivion,Action
oblivion,Adventure
oblivion,Sci-Fi
l.a.'s finest,Action
l.a.'s finest,Comedy
l.a.'s finest,Crime
persuasion,Comedy
persuasion,Drama
persuasion,Romance
erin brockovich,Biography
erin brockovich,Drama
the call of the wild,Adventure
the call of the wild,Drama
the call of the wild,Family
metal lords,Comedy
metal lords,Music
alcatraz,Biography
alcatraz,Crime
alcatraz,Drama
turning point: 9/11 and the war on terror,Documentary
turning point: 9/11 and the war on terror,History
turning point: 9/11 and the war on terror,War
love on the spectrum: australia,Documentary
love on the spectrum: australia,Reality-TV
love on the spectrum: australia,Romance
the trip,Adventure
the trip,Animation
the trip,Comedy
the good place,Comedy
the good place,Drama
the good place,Fantasy
muted,Mystery
muted,Sci-Fi
muted,Thriller
american assassin,Action
american assassin,Thriller
no country for old men,Crime
no country for old men,Drama
no country for old men,Thriller
gold run,Drama
gold run,Thriller
gold run,War
it chapter two,Drama
it chapter two,Fantasy
it chapter two,Horror
no hard feelings,Comedy
no hard feelings,Romance
the final race,Action
the final race,Comedy
the final race,Family
arrival,Drama
arrival,Mystery
arrival,Sci-Fi
one more time,Documentary
one more time,Music
the watchers,Drama
the watchers,Horror
the watchers,Mystery
the ash lad: in search of the golden castle,Adventure
the ash lad: in search of the golden castle,Family
the ash lad: in search of the golden castle,Fantasy
the unholy,Drama
the unholy,Horror
the unholy,Mystery
vjeran tomic: the spider-man of paris,Crime
vjeran tomic: the spider-man of paris,Documentary
breaking,Crime
breaking,Drama
breaking,Thriller
paradise highway,Crime
paradise highway,Drama
paradise highway,Thriller
killer sally,Crime
killer sally,Documentary
the glory,Drama
the glory,Mystery
the glory,Thriller
resident evil,Action
resident evil,Horror
resident evil,Sci-Fi
crisis,Comedy
crisis,Drama
for life,Action
for life,Comedy
for life,Crime
hotel transylvania,Animation
hotel transylvania,Comedy
hotel transylvania,Family
munich – the edge of war,Biography
munich – the edge of war,Drama
munich – the edge of war,History
crime scene: the texas killing fields,Crime
crime scene: the texas killing fields,Documentary
crime scene: the texas killing fields,History
the real housewives of beverly hills,Reality-TV
way home,Action
way home,Adventure
way home,Fantasy
identity thief,Comedy
identity thief,Crime
identity thief,Drama
12 strong,Action
12 strong,Drama
12 strong,History
sonic the hedgehog 2,Action
sonic the hedgehog 2,Adventure
sonic the hedgehog 2,Comedy
vantage point,Action
vantage point,Drama
vantage point,Thriller
in darkness,Action
in darkness,Adventure
in darkness,Sci-Fi
r.i.p.d.,Action
r.i.p.d.,Adventure
r.i.p.d.,Comedy
below deck sailing yacht,Reality-TV
gone in the night,Mystery
gone in the night,Thriller
the third wave,Action
the third wave,Crime
the third wave,Thriller
blood & gold,Action
blood & gold,Drama
blood & gold,War
schitt's creek,Comedy
shiny_flakes: the teenage drug lord,Biography
shiny_flakes: the teenage drug lord,Crime
shiny_flakes: the teenage drug lord,Documentary
it,Horror
delirium,Horror
delirium,Thriller
i am zlatan,Biography
i am zlatan,Drama
i am zlatan,Sport
the hobbit: the desolation of smaug,Adventure
the hobbit: the desolation of smaug,Fantasy
the green butchers,Comedy
the green butchers,Drama
the international,Comedy
the international,Drama
creed ii,Action
creed ii,Drama
creed ii,Sport
after life,Comedy
after life,Drama
memoirs of a geisha,Drama
memoirs of a geisha,Romance
our great national parks,Documentary
our great national parks,Family
the takeover,Action
the takeover,Crime
the takeover,Thriller
the christmas chronicles: part two,Adventure
the christmas chronicles: part two,Comedy
the christmas chronicles: part two,Family
guillermo del toro's cabinet of curiosities,Drama
guillermo del toro's cabinet of curiosities,Horror
guillermo del toro's cabinet of curiosities,Mystery
seal team,Action
seal team,Drama
seal team,War
the net,Biography
the net,Drama
lapua 1976,Drama
barbie: it takes two,Adventure
barbie: it takes two,Animation
barbie: it takes two,Comedy
the lodge,Drama
the lodge,Horror
the lodge,Mystery
antebellum,Drama
antebellum,Horror
antebellum,Mystery
under her control,Drama
girl in the picture,Crime
girl in the picture,Documentary
girl in the picture,Mystery
the takedown,Action
the takedown,Comedy
the takedown,Crime
get rich or die tryin',Biography
get rich or die tryin',Crime
get rich or die tryin',Drama
trainwreck: woodstock '99,Documentary
trainwreck: woodstock '99,History
trainwreck: woodstock '99,Music
lou,Adventure
lou,Crime
lou,Drama
run,Action
run,Drama
run,Sci-Fi
rose,Drama
rose,Horror
after we collided,Drama
after we collided,Romance
firestarter,Action
firestarter,Horror
firestarter,Sci-Fi
the wolf of wall street,Biography
the wolf of wall street,Comedy
the wolf of wall street,Crime
dolittle,Comedy
dolittle,Family
dolittle,Fantasy
furioza,Action
furioza,Crime
furioza,Drama
christmas with you,Comedy
christmas with you,Family
christmas with you,Romance
pieces of her,Crime
pieces of her,Drama
pieces of her,Mystery
jj+e,Drama
jj+e,Romance
red rose,Horror
red rose,Mystery
red rose,Thriller
me time,Action
me time,Crime
me time,Thriller
kill boksoon,Action
kill boksoon,Thriller
cheer,Comedy
cheer,Drama
the tunnel,Horror
the tunnel,Mystery
the tunnel,Thriller
maid,Drama
churchill at war,Biography
churchill at war,Documentary
churchill at war,History
the amazing spider-man 2,Action
the amazing spider-man 2,Adventure
the amazing spider-man 2,Sci-Fi
catch and release,Comedy
catch and release,Drama
catch and release,Romance
inside job,Crime
inside job,Documentary
primal fear,Crime
primal fear,Drama
primal fear,Mystery
luckiest girl alive,Drama
luckiest girl alive,Mystery
luckiest girl alive,Thriller
love tactics,Comedy
love tactics,Romance
knives out,Comedy
knives out,Crime
knives out,Drama
a boy called christmas,Adventure
a boy called christmas,Drama
a boy called christmas,Family
he's all that,Comedy
he's all that,Romance
the school for good and evil,Action
the school for good and evil,Comedy
the school for good and evil,Drama
queen of the south,Action
queen of the south,Crime
queen of the south,Drama
hit & run,Action
hit & run,Adventure
hit & run,Comedy
creed,Action
creed,Drama
creed,Sport
the next 365 days,Drama
the next 365 days,Romance
22 july,Crime
22 july,Drama
22 july,History
tarot,Horror
heist,Action
heist,Crime
heist,Drama
"ruby gillman, teenage kraken",Action
"ruby gillman, teenage kraken",Adventure
"ruby gillman, teenage kraken",Animation
one of us is lying,Crime
one of us is lying,Drama
one of us is lying,Mystery
mørkeland,Drama
mørkeland,Thriller
the wonder,Comedy
kaleidoscope,Action
kaleidoscope,Crime
kaleidoscope,Drama
fauda,Action
fauda,Crime
fauda,Drama
"vem är du, mamma mu?",Adventure
"vem är du, mamma mu?",Animation
"vem är du, mamma mu?",Family
emergency: nyc,Documentary
jurassic world: dominion,Action
jurassic world: dominion,Adventure
jurassic world: dominion,Sci-Fi
knight and day,Action
knight and day,Adventure
knight and day,Comedy
being eddie,Biography
being eddie,Documentary
selling the oc,Reality-TV
missing: dead or alive?,Crime
missing: dead or alive?,Documentary
rivers of fate,Crime
rivers of fate,Drama
rivers of fate,Mystery
resident alien,Comedy
resident alien,Drama
resident alien,Mystery
trainwreck: p.i. moms,Documentary
at home with the furys,Documentary
at home with the furys,Reality-TV
at home with the furys,Sport
wallace & gromit: vengeance most fowl,Adventure
wallace & gromit: vengeance most fowl,Animation
wallace & gromit: vengeance most fowl,Comedy
investigation alien,Documentary
american conspiracy: the octopus murders,Crime
american conspiracy: the octopus murders,Documentary
chor nikal ke bhaga,Crime
chor nikal ke bhaga,Drama
chor nikal ke bhaga,Thriller
tore,Comedy
tore,Drama
escape room: tournament of champions,Action
escape room: tournament of champions,Adventure
escape room: tournament of champions,Horror
the mummy,Action
the mummy,Adventure
the mummy,Fantasy
maze runner: death cure,Action
maze runner: death cure,Adventure
maze runner: death cure,Sci-Fi
knights of the zodiac,Action
knights of the zodiac,Adventure
knights of the zodiac,Drama
the negotiator,Action
the negotiator,Crime
the negotiator,Drama
downton abbey: a new era,Drama
downton abbey: a new era,Romance
g.i. joe: the rise of cobra,Action
g.i. joe: the rise of cobra,Adventure
g.i. joe: the rise of cobra,Sci-Fi
the flash,Action
the flash,Adventure
the flash,Drama
mrs. chatterjee vs norway,Biography
mrs. chatterjee vs norway,Drama
fathers and mothers,Comedy
fathers and mothers,Drama
morbius,Action
morbius,Adventure
morbius,Horror
in a valley of violence,Action
in a valley of violence,Drama
in a valley of violence,Western
m3gan,Horror
m3gan,Sci-Fi
m3gan,Thriller
top secret ufo projects: declassified,Documentary
madame web,Action
madame web,Thriller
ghost in the shell,Action
ghost in the shell,Crime
ghost in the shell,Drama
the big short,Biography
the big short,Comedy
the big short,Drama
ambulance,Action
ambulance,Crime
ambulance,Drama
shot caller,Crime
shot caller,Drama
shot caller,Thriller
life,Comedy
life,Drama
life,Romance
the man in the iron mask,Action
the man in the iron mask,Adventure
the man in the iron mask,Drama
unbroken,Biography
unbroken,Drama
unbroken,Sport
awake,Action
awake,Adventure
awake,Sci-Fi
jeen-yuhs: a kanye trilogy,Documentary
jeen-yuhs: a kanye trilogy,Music
the grand budapest hotel,Comedy
the grand budapest hotel,Drama
wellmania,Comedy
wellmania,Drama
wonka,Adventure
wonka,Comedy
wonka,Family
orphan,Horror
orphan,Mystery
orphan,Thriller
legally blonde,Comedy
legally blonde,Romance
workin' moms,Comedy
workin' moms,Drama
aka,Action
aka,Animation
aka,Comedy
care bears: unlock the magic,Adventure
care bears: unlock the magic,Animation
care bears: unlock the magic,Comedy
barnyard,Adventure
barnyard,Animation
barnyard,Comedy
the swedish connection,Biography
the swedish connection,Drama
the swedish connection,History
straw,Drama
straw,Romance
outlast,Adventure
outlast,Game-Show
outlast,Reality-TV
being gordon ramsay,Documentary
"thank you, i'm sorry",Comedy
"thank you, i'm sorry",Drama
"love, death & robots",Action
"love, death & robots",Adventure
"love, death & robots",Animation
the golden hour,Crime
the golden hour,Drama
the golden hour,Thriller
the manhattan alien abduction,Documentary
jim jefferies: two limb policy,Comedy
jim jefferies: two limb policy,Documentary
jim jefferies: two limb policy,Talk-Show
narvik,Drama
narvik,History
narvik,War
transformers: the last knight,Action
transformers: the last knight,Adventure
transformers: the last knight,Comedy
mr. & mrs. smith,Action
mr. & mrs. smith,Comedy
mr. & mrs. smith,Crime
ride along 2,Action
ride along 2,Comedy
ride along 2,Crime
cast away,Adventure
cast away,Drama
cast away,Romance
there's someone inside your house,Horror
there's someone inside your house,Mystery
there's someone inside your house,Thriller
on my block,Comedy
on my block,Drama
scaredy cats,Comedy
scaredy cats,Family
scaredy cats,Fantasy
no one gets out alive,Drama
no one gets out alive,Horror
no one gets out alive,Mystery
clickbait,Crime
clickbait,Drama
clickbait,Mystery
nightbooks,Family
nightbooks,Fantasy
nightbooks,Horror
8mm,Crime
8mm,Drama
8mm,Mystery
the loud house movie,Adventure
the loud house movie,Animation
the loud house movie,Comedy
the 100,Action
the 100,Drama
the 100,Sci-Fi
the kissing booth 3,Comedy
the kissing booth 3,Romance
gone for good,Crime
gone for good,Drama
gone for good,Mystery
elysium,Action
elysium,Drama
elysium,Sci-Fi
gunpowder milkshake,Action
gunpowder milkshake,Crime
gunpowder milkshake,Thriller
fatherhood,Comedy
fatherhood,Drama
skylines,Action
skylines,Sci-Fi
skylines,Thriller
katla,Drama
katla,Fantasy
katla,Mystery
the unknown soldier,Drama
the unknown soldier,War
billy lynn's long halftime walk,Action
billy lynn's long halftime walk,Drama
billy lynn's long halftime walk,Sport
battle: freestyle,Drama
battle: freestyle,Music
battle: freestyle,Romance
nope,Horror
nope,Mystery
nope,Sci-Fi
the running man,Action
the running man,Sci-Fi
the running man,Thriller
pokémon ultimate journeys: the series,Action
pokémon ultimate journeys: the series,Adventure
pokémon ultimate journeys: the series,Animation
kitti katz,Action
kitti katz,Adventure
kitti katz,Animation
helsinki crimes,Crime
helsinki crimes,Drama
fear and loathing in las vegas,Adventure
fear and loathing in las vegas,Comedy
fear and loathing in las vegas,Drama
mansfield park,Drama
mansfield park,Romance
family reunion,Comedy
family reunion,Drama
family reunion,Romance
extraordinary attorney woo,Drama
five nights at freddy's,Horror
five nights at freddy's,Mystery
five nights at freddy's,Thriller
fatman,Action
fatman,Adventure
fatman,Comedy
pokémon master journeys: the series,Action
pokémon master journeys: the series,Adventure
pokémon master journeys: the series,Animation
xxx,Action
xxx,Adventure
xxx,Drama
thanksgiving,Horror
thanksgiving,Mystery
thanksgiving,Thriller
daniel,Drama
state of play,Crime
state of play,Drama
state of play,Mystery
be somebody,Comedy
be somebody,Drama
be somebody,Romance
"roman j. israel, esq.",Crime
"roman j. israel, esq.",Drama
"roman j. israel, esq.",Thriller
chesapeake shores,Drama
chesapeake shores,Family
kung fu panda: the dragon knight,Action
kung fu panda: the dragon knight,Adventure
kung fu panda: the dragon knight,Animation
pirate gold of adak island,Adventure
pirate gold of adak island,Reality-TV
couples retreat,Comedy
hype house,Reality-TV
hitch,Comedy
hitch,Romance
the boondock saints ii: all saints day,Action
the boondock saints ii: all saints day,Crime
the boondock saints ii: all saints day,Thriller
heartburn,Comedy
heartburn,Drama
three identical strangers,Biography
three identical strangers,Documentary
three identical strangers,Drama
headhunters,Action
headhunters,Crime
headhunters,Thriller
hold my hand,Comedy
hold my hand,Romance
paul,Adventure
paul,Comedy
paul,Sci-Fi
twisters,Action
twisters,Adventure
twisters,Thriller
sisu,Action
sisu,Thriller
sisu,War
rock dog,Adventure
rock dog,Animation
rock dog,Comedy
the adventures of sharkboy and lavagirl,Action
the adventures of sharkboy and lavagirl,Adventure
the adventures of sharkboy and lavagirl,Comedy
oppenheimer,Biography
oppenheimer,Drama
oppenheimer,History
mummies,Action
mummies,Adventure
mummies,Fantasy
emily the criminal,Crime
emily the criminal,Drama
emily the criminal,Thriller
aquaman,Action
aquaman,Adventure
aquaman,Fantasy
sune vs. sune,Comedy
sune vs. sune,Family
sune vs. sune,Fantasy
just like heaven,Comedy
just like heaven,Drama
just like heaven,Fantasy
cloudy with a chance of meatballs,Adventure
cloudy with a chance of meatballs,Animation
cloudy with a chance of meatballs,Comedy
hell camp: teen nightmare,Crime
hell camp: teen nightmare,Documentary
the batman,Action
the batman,Crime
the batman,Drama
the score,Crime
the score,Drama
the score,Thriller
transformers: rise of the beasts,Action
transformers: rise of the beasts,Adventure
transformers: rise of the beasts,Sci-Fi
one day all this will be yours,Comedy
one day all this will be yours,Drama
one day all this will be yours,Music
paranoia,Drama
paranoia,Thriller
zodiac,Crime
zodiac,Drama
zodiac,Mystery
whitney houston: i wanna dance with somebody,Biography
whitney houston: i wanna dance with somebody,Drama
whitney houston: i wanna dance with somebody,Music
first daughter,Comedy
first daughter,Drama
first daughter,Romance
percy jackson: sea of monsters,Adventure
percy jackson: sea of monsters,Family
percy jackson: sea of monsters,Fantasy
get out,Horror
get out,Mystery
get out,Thriller
jackass forever,Action
jackass forever,Comedy
jackass forever,Documentary
evil dead rise,Horror
better times,Drama
let him go,Crime
let him go,Drama
let him go,Thriller
voyagers,Adventure
voyagers,Family
voyagers,Fantasy
storks,Adventure
storks,Animation
storks,Comedy
faithfully yours,Crime
faithfully yours,Mystery
faithfully yours,Thriller
firefly lane,Drama
firefly lane,Romance
florida man,Crime
florida man,Drama
florida man,Mystery
lewis capaldi: how i'm feeling now,Documentary
lewis capaldi: how i'm feeling now,Music
the magician's elephant,Adventure
the magician's elephant,Animation
the magician's elephant,Comedy
all quiet on the western front,Drama
all quiet on the western front,History
all quiet on the western front,War
last seen alive,Action
last seen alive,Crime
last seen alive,Drama
"pamela, a love story",Biography
"pamela, a love story",Documentary
lockwood & co.,Action
lockwood & co.,Adventure
lockwood & co.,Drama
women at war,Drama
women at war,History
women at war,War
gangs of new york,Crime
gangs of new york,Drama
how i became a gangster,Crime
how i became a gangster,Drama
memory,Crime
memory,Drama
memory,Mystery
the witcher: blood origin,Action
the witcher: blood origin,Adventure
the witcher: blood origin,Drama
i believe in santa,Comedy
i believe in santa,Romance
barbarians,Horror
barbarians,Mystery
barbarians,Thriller
the redeem team,Documentary
the redeem team,History
the redeem team,Sport
dynasty,Biography
dynasty,Drama
dynasty,Sport
day shift,Action
day shift,Comedy
day shift,Fantasy
carter,Action
carter,Adventure
carter,Sci-Fi
keep breathing,Adventure
keep breathing,Drama
keep breathing,Thriller
come play,Drama
come play,Horror
come play,Mystery
the whole nine yards,Comedy
the whole nine yards,Crime
the snowman,Crime
the snowman,Drama
the snowman,Horror
valley of the dead,Action
valley of the dead,Comedy
valley of the dead,Horror
clark,Comedy
clark,Documentary
clark,Reality-TV
the last castle,Action
the last castle,Drama
the last castle,Thriller
365 days: this day,Drama
365 days: this day,Romance
the in between,Drama
the in between,Fantasy
the in between,Romance
ghost rider,Action
ghost rider,Fantasy
ghost rider,Thriller
in good hands,Comedy
in good hands,Drama
in good hands,Romance
fistful of vengeance,Action
fistful of vengeance,Crime
fistful of vengeance,Drama
the silencing,Crime
the silencing,Drama
the silencing,Horror
my best friend anne frank,Drama
the lego batman movie,Action
the lego batman movie,Adventure
the lego batman movie,Animation
resort to love,Comedy
resort to love,Romance
cocaine cowboys: the kings of miami,Crime
cocaine cowboys: the kings of miami,Documentary
cocaine cowboys: the kings of miami,History
good on paper,Comedy
good on paper,Romance
80 for brady,Comedy
80 for brady,Drama
80 for brady,Sport
red notice,Action
red notice,Comedy
red notice,Thriller
adrift,Action
adrift,Adventure
adrift,Biography
anxious people,Comedy
anxious people,Crime
anxious people,Drama
there will be blood,Drama
captain phillips,Action
captain phillips,Biography
captain phillips,Crime
who were we running from?,Crime
who were we running from?,Drama
who were we running from?,Thriller
stay close,Comedy
stay close,Crime
stay close,Drama
i am a stalker,Crime
i am a stalker,Documentary
neymar: the perfect chaos,Biography
neymar: the perfect chaos,Documentary
neymar: the perfect chaos,Sport
amandla,Documentary
amandla,History
amandla,Music
spider-man 2,Action
spider-man 2,Adventure
spider-man 2,Sci-Fi
enemy at the gates,Action
enemy at the gates,Drama
enemy at the gates,War
red dragon,Crime
red dragon,Drama
red dragon,Thriller
dexter,Crime
dexter,Drama
dexter,Mystery
young royals forever,Documentary
percy jackson & the olympians: the lightning thief,Adventure
percy jackson & the olympians: the lightning thief,Family
percy jackson & the olympians: the lightning thief,Fantasy
thunder in my heart,Drama
the pledge,Crime
the pledge,Drama
the pledge,Mystery
2 hearts,Drama
2 hearts,Romance
the equalizer 2,Action
the equalizer 2,Crime
the equalizer 2,Mystery
the outfit,Crime
the outfit,Drama
the outfit,Mystery
behind blue skies,Crime
behind blue skies,Drama
the emoji movie,Adventure
the emoji movie,Animation
the emoji movie,Comedy
the remarkable life of ibelin,Animation
the remarkable life of ibelin,Biography
the remarkable life of ibelin,Documentary
hanna,Action
hanna,Adventure
hanna,Drama
when in rome,Comedy
when in rome,Romance
violent night,Action
violent night,Comedy
violent night,Thriller
long live the bonus family,Comedy
long live the bonus family,Drama
my big fat greek wedding 3,Comedy
my big fat greek wedding 3,Drama
my big fat greek wedding 3,Romance
down for love,Reality-TV
casino royale,Action
casino royale,Adventure
casino royale,Thriller
fatale,Drama
fatale,Thriller
take that,Documentary
"svensson, svensson",Comedy
"svensson, svensson",Family
five star chef,Game-Show
five star chef,Reality-TV
the rookie,Action
the rookie,Crime
the rookie,Drama
venom,Action
venom,Adventure
venom,Sci-Fi
the deep end of the ocean,Drama
synchronic,Drama
synchronic,Horror
synchronic,Mystery
finding you,Comedy
finding you,Drama
finding you,Romance
heatwave,Thriller
jason bourne,Action
jason bourne,Thriller
anna nicole smith: you don't know me,Biography
anna nicole smith: you don't know me,Documentary
prey for the devil,Horror
prey for the devil,Mystery
prey for the devil,Thriller
mcgregor forever,Biography
mcgregor forever,Documentary
mcgregor forever,Sport
the last kingdom: seven kings must die,Action
the last kingdom: seven kings must die,Drama
the last kingdom: seven kings must die,History
obsession,Drama
obsession,Romance
obsession,Thriller
designated survivor,Action
designated survivor,Drama
designated survivor,Mystery
luther: the fallen sun,Action
luther: the fallen sun,Crime
luther: the fallen sun,Drama
entrapment,Action
entrapment,Crime
entrapment,Romance
in his shadow,Crime
in his shadow,Drama
in his shadow,Thriller
the last kingdom,Action
the last kingdom,Drama
the last kingdom,History
close to home: murder in the coalfield,Crime
close to home: murder in the coalfield,Drama
close to home: murder in the coalfield,Mystery
taken 3,Action
taken 3,Crime
taken 3,Thriller
misconduct,Crime
misconduct,Drama
misconduct,Mystery
next in fashion,Reality-TV
robin hood,Action
robin hood,Adventure
robin hood,Drama
barbie: skipper and the big babysitting adventure,Animation
barbie: skipper and the big babysitting adventure,Family
a little chaos,Drama
a little chaos,Romance
you people,Comedy
you people,Romance
the change-up,Comedy
the change-up,Fantasy
treason,Action
treason,Drama
treason,Thriller
the noel diary,Comedy
the noel diary,Drama
the noel diary,Romance
medieval,Action
medieval,Drama
medieval,History
trolls world tour,Adventure
trolls world tour,Animation
trolls world tour,Comedy
enola holmes 2,Action
enola holmes 2,Adventure
enola holmes 2,Crime
warrior nun,Action
warrior nun,Drama
warrior nun,Fantasy
the watcher,Drama
the watcher,Horror
the watcher,Mystery
the blacklist,Crime
the blacklist,Drama
the blacklist,Mystery
layer cake,Crime
layer cake,Drama
layer cake,Thriller
athena,Action
athena,Drama
athena,Thriller
a jazzman's blues,Drama
a jazzman's blues,Mystery
a jazzman's blues,Romance
no limit,Drama
no limit,Romance
no limit,Sport
clear and present danger,Action
clear and present danger,Crime
clear and present danger,Drama
escape from alcatraz,Biography
escape from alcatraz,Crime
escape from alcatraz,Drama
sleepless,Comedy
sleepless,Drama
sleepless,Romance
partner track,Drama
the long road to war,Documentary
blasted,Comedy
blasted,Drama
blasted,Romance
man vs bee,Comedy
man vs bee,Family
man vs bee,Short
the condemned,Action
the condemned,Crime
the condemned,Thriller
a perfect pairing,Comedy
a perfect pairing,Romance
ozark,Crime
ozark,Drama
ozark,Thriller
the perfect family,Comedy
welcome to eden,Action
welcome to eden,Drama
welcome to eden,Sci-Fi
grace and frankie,Comedy
grace and frankie,Drama
the adam project,Action
the adam project,Adventure
the adam project,Comedy
greenland,Action
greenland,Adventure
greenland,Thriller
trust no one: the hunt for the crypto king,Crime
trust no one: the hunt for the crypto king,Documentary
against the ice,Adventure
against the ice,Drama
against the ice,History
life after death with tyler henry,Reality-TV
nocturnal animals,Drama
nocturnal animals,Thriller
the baby-sitters club,Comedy
the baby-sitters club,Drama
the baby-sitters club,Family
enough,Action
enough,Adventure
enough,Thriller
the kissing booth 2,Comedy
the kissing booth 2,Romance
suits,Comedy
suits,Drama
atypical,Comedy
atypical,Drama
new amsterdam,Drama
the huntsman: winter's war,Action
the huntsman: winter's war,Adventure
the huntsman: winter's war,Drama
the angry birds movie 2,Action
the angry birds movie 2,Adventure
the angry birds movie 2,Animation
sophie: a murder in west cork,Crime
sophie: a murder in west cork,Documentary
sophie: a murder in west cork,History
love & death,Action
love & death,Adventure
love & death,Animation
quantum of solace,Action
quantum of solace,Adventure
quantum of solace,Mystery
bad teacher,Comedy
bad teacher,Romance
amsterdam,Comedy
amsterdam,Drama
amsterdam,History
avatar: the last airbender,Action
avatar: the last airbender,Adventure
avatar: the last airbender,Animation
timeline,Action
timeline,Adventure
timeline,Sci-Fi
the lego movie 2: the second part,Adventure
the lego movie 2: the second part,Animation
the lego movie 2: the second part,Comedy
pokémon horizons: the series,Action
pokémon horizons: the series,Adventure
pokémon horizons: the series,Animation
captain fall,Animation
captain fall,Comedy
unstable,Comedy
7 women and a murder,Comedy
7 women and a murder,Crime
7 women and a murder,Mystery
home team,Comedy
home team,Drama
home team,Sport
gymnastics academy: a second chance,Drama
gymnastics academy: a second chance,Family
gymnastics academy: a second chance,Sport
f*ck love too,Comedy
f*ck love too,Romance
the taming of the shrewd,Comedy
the taming of the shrewd,Romance
bordertown,Crime
bordertown,Drama
bordertown,Mystery
don't kill me,Fantasy
don't kill me,Horror
don't kill me,Romance
last christmas,Comedy
last christmas,Drama
last christmas,Fantasy
another life,Adventure
another life,Animation
another life,Drama
the chair,Comedy
the chair,Drama
bartkowiak,Action
bartkowiak,Crime
bartkowiak,Sport
vikings,Action
vikings,Adventure
vikings,Drama
pokémon journeys: the series,Action
pokémon journeys: the series,Adventure
pokémon journeys: the series,Animation
how to train your dragon,Action
how to train your dragon,Adventure
how to train your dragon,Animation
the hunting wives,Drama
the hunting wives,Mystery
the hunting wives,Thriller
checkered ninja 2,Action
checkered ninja 2,Adventure
checkered ninja 2,Animation
"lyle, lyle, crocodile",Adventure
"lyle, lyle, crocodile",Comedy
"lyle, lyle, crocodile",Family
peculiar people,Comedy
the animal,Action
the animal,Adventure
the animal,Animation
sunderland 'til i die,Documentary
sunderland 'til i die,Sport
riverdance: the animated adventure,Adventure
riverdance: the animated adventure,Animation
riverdance: the animated adventure,Comedy
the hunger games: catching fire,Action
the hunger games: catching fire,Adventure
the hunger games: catching fire,Sci-Fi
what's your number?,Comedy
what's your number?,Romance
time trap,Action
time trap,Adventure
time trap,Mystery
john wick: chapter 2,Action
john wick: chapter 2,Crime
john wick: chapter 2,Thriller
harriet,Action
harriet,Biography
harriet,Drama
the glass house,Crime
the glass house,Drama
the glass house,Mystery
tonight you're sleeping with me,Drama
tonight you're sleeping with me,Romance
the worst person in the world,Comedy
the worst person in the world,Drama
the worst person in the world,Romance
high: confessions of an ibiza drug mule,Crime
high: confessions of an ibiza drug mule,Documentary
lakeview terrace,Crime
lakeview terrace,Drama
lakeview terrace,Thriller
smallville,Action
smallville,Adventure
smallville,Drama
my name,Drama
my name,Romance
pokémon the movie: secrets of the jungle,Action
pokémon the movie: secrets of the jungle,Adventure
pokémon the movie: secrets of the jungle,Animation
the five juanas,Crime
the five juanas,Drama
the five juanas,Horror
the starling,Comedy
the starling,Drama
monsters inside: the 24 faces of billy milligan,Crime
monsters inside: the 24 faces of billy milligan,Documentary
ad astra,Adventure
ad astra,Drama
ad astra,Mystery
aftermath,Drama
aftermath,Mystery
aftermath,Thriller
rust creek,Action
rust creek,Crime
rust creek,Drama
queen of chess,Biography
queen of chess,Documentary
skyfall,Action
skyfall,Adventure
skyfall,Thriller
into the blue,Action
into the blue,Adventure
into the blue,Crime
younger,Comedy
younger,Romance
conan o'brien: the kennedy center mark twain prize for american humor,Comedy
white boy rick,Crime
white boy rick,Drama
reunion,Comedy
ghislaine maxwell: filthy rich,Crime
ghislaine maxwell: filthy rich,Documentary
the new force,Crime
the new force,Drama
the new force,History
in the earth,Drama
in the earth,Horror
in the earth,Mystery
"as above, so below",Adventure
"as above, so below",Horror
"as above, so below",Mystery
run & gun,Action
run & gun,Thriller
black knight,Adventure
black knight,Comedy
black knight,Fantasy
all my life,Drama
all my life,Romance
phantom pups,Comedy
phantom pups,Family
phantom pups,Fantasy
wander,Comedy
wander,Romance
bordertown: mural murders,Crime
bordertown: mural murders,Drama
bordertown: mural murders,Mystery
action pack,Action
action pack,Comedy
action pack,Crime
baby driver,Action
baby driver,Crime
baby driver,Drama
saving private ryan,Drama
saving private ryan,War
jane got a gun,Action
jane got a gun,Crime
jane got a gun,Drama
a second chance: rivals!,Drama
a second chance: rivals!,Family
a second chance: rivals!,Sport
the ugly truth,Comedy
the ugly truth,Romance
flickering lights,Action
flickering lights,Comedy
flickering lights,Crime
champions,Action
champions,Adventure
champions,Horror
hunter killer,Action
hunter killer,Thriller
it's complicated,Comedy
it's complicated,Drama
it's complicated,Romance
mr. deeds,Comedy
mr. deeds,Romance
stolen: heist of the century,Crime
stolen: heist of the century,Documentary
borgen,Drama
elves,Drama
elves,Fantasy
elves,Horror
colonia,Biography
colonia,Drama
colonia,History
ordinary angels,Biography
ordinary angels,Drama
the seat,Drama
the seat,Mystery
the hill,Drama
the hill,Horror
the hill,Mystery
trolls band together,Adventure
trolls band together,Animation
trolls band together,Comedy
mountain queen: the summits of lhakpa sherpa,Documentary
pernille,Comedy
pernille,Drama
miss bala,Action
miss bala,Crime
miss bala,Drama
mechanic: resurrection,Action
mechanic: resurrection,Adventure
mechanic: resurrection,Thriller
kill 'em all 2,Action
don't die: the man who wants to live forever,Documentary
ticket to paradise,Comedy
ticket to paradise,Drama
ticket to paradise,Romance
bad boys: ride or die,Action
bad boys: ride or die,Adventure
bad boys: ride or die,Comedy
making it in marbella,Reality-TV
dungeons & dragons: honor among thieves,Action
dungeons & dragons: honor among thieves,Adventure
dungeons & dragons: honor among thieves,Comedy
the black phone,Horror
the black phone,Mystery
the black phone,Thriller
open heart,Drama
open heart,Romance
psych,Crime
psych,Drama
psych,Horror
from,Action
from,Adventure
from,Comedy
"tad, the lost explorer and the emerald tablet",Adventure
"tad, the lost explorer and the emerald tablet",Animation
"tad, the lost explorer and the emerald tablet",Comedy
murder on the orient express,Comedy
murder on the orient express,Crime
murder on the orient express,Drama
the lost city,Action
the lost city,Adventure
the lost city,Comedy
the good doctor,Drama
abandoned,Horror
abandoned,Mystery
abandoned,Thriller
old,Crime
old,Drama
old,Thriller
geronimo: an american legend,Drama
geronimo: an american legend,History
geronimo: an american legend,Western
kopps,Action
kopps,Comedy
in my dreams,Comedy
in my dreams,Drama
in my dreams,Romance
passengers,Drama
passengers,Romance
passengers,Sci-Fi
escape from planet earth,Adventure
escape from planet earth,Animation
escape from planet earth,Comedy
not quite narwhal,Adventure
not quite narwhal,Animation
not quite narwhal,Comedy
four good days,Drama
royalteen: princess margrethe,Drama
royalteen: princess margrethe,Romance
heat,Action
heat,Crime
heat,Drama
pretty young thing,Drama
queen cleopatra,Documentary
queen cleopatra,Drama
queen cleopatra,History
sex/life,Comedy
sex/life,Drama
sex/life,Romance
mine,Action
mine,Adventure
mine,Comedy
jurassic world,Action
jurassic world,Adventure
jurassic world,Sci-Fi
bushwick,Action
bushwick,Thriller
the volcano: rescue from whakaari,Documentary
a storm for christmas,Comedy
a storm for christmas,Drama
god's crooked lines,Drama
god's crooked lines,Mystery
god's crooked lines,Thriller
the swimmers,Biography
the swimmers,Drama
the swimmers,Sport
my unorthodox life,Reality-TV
arne alligator,Animation
arne alligator,Family
dead to me,Comedy
dead to me,Crime
dead to me,Drama
american made,Action
american made,Comedy
american made,Crime
"pepsi, where's my jet?",Documentary
"pepsi, where's my jet?",History
inside man,Crime
inside man,Drama
inside man,Mystery
the playlist,Biography
the playlist,Drama
the playlist,Music
blonde,Comedy
blonde,Romance
s.w.a.t.,Action
s.w.a.t.,Adventure
s.w.a.t.,Crime
pokémon: the arceus chronicles,Action
pokémon: the arceus chronicles,Adventure
pokémon: the arceus chronicles,Animation
love in the villa,Comedy
love in the villa,Romance
takers,Action
takers,Crime
takers,Drama
devil in ohio,Drama
devil in ohio,Horror
devil in ohio,Mystery
maximum risk,Action
maximum risk,Crime
maximum risk,Thriller
attack on finland,Action
attack on finland,Thriller
the most hated man on the internet,Crime
the most hated man on the internet,Documentary
the man from toronto,Action
the man from toronto,Adventure
the man from toronto,Comedy
love & gelato,Comedy
love & gelato,Drama
love & gelato,Romance
spiderhead,Action
spiderhead,Crime
spiderhead,Drama
georgetown,Biography
georgetown,Crime
georgetown,Drama
peaky blinders,Crime
peaky blinders,Drama
collision,Action
collision,Adventure
collision,Animation
senior year,Comedy
senior year,Drama
senior year,Family
eye see you,Drama
the mystery of marilyn monroe: the unheard tapes,Biography
the mystery of marilyn monroe: the unheard tapes,Crime
the mystery of marilyn monroe: the unheard tapes,Documentary
silverton siege,Action
silverton siege,Crime
silverton siege,Drama
365 days,Drama
365 days,Romance
alien: covenant,Horror
alien: covenant,Sci-Fi
alien: covenant,Thriller
dawn of the planet of the apes,Action
dawn of the planet of the apes,Adventure
dawn of the planet of the apes,Drama
marlowe,Crime
marlowe,Drama
marlowe,Mystery
choose or die,Drama
choose or die,Horror
choose or die,Thriller
28 days,Drama
28 days,Horror
28 days,Sci-Fi
spider-man: no way home,Action
spider-man: no way home,Adventure
spider-man: no way home,Fantasy
blood,Drama
return to space,Documentary
taboo,Drama
taboo,Mystery
taboo,Thriller
the forever purge,Action
the forever purge,Crime
the forever purge,Drama
made in italy,Comedy
made in italy,Drama
made in italy,Romance
the rental,Drama
the rental,Horror
the rental,Mystery
space force,Comedy
all of us are dead,Action
all of us are dead,Drama
all of us are dead,Fantasy
rough diamonds,Crime
rough diamonds,Drama
rough diamonds,Mystery
the other boleyn girl,Biography
the other boleyn girl,Drama
the other boleyn girl,History
the italian job,Action
the italian job,Crime
the italian job,Thriller
in from the cold,Drama
in from the cold,Thriller
money heist,Action
money heist,Crime
money heist,Drama
the invisible man,Drama
the invisible man,Horror
the invisible man,Mystery
emma.,Comedy
emma.,Drama
emma.,Romance
lucifer,Crime
lucifer,Drama
lucifer,Fantasy
ganglands,Action
ganglands,Crime
ganglands,Drama
the stronghold,Action
the stronghold,Crime
the stronghold,Drama
the royal treatment,Comedy
the royal treatment,Family
the royal treatment,Romance
vivo,Adventure
vivo,Animation
vivo,Comedy
wish dragon,Adventure
wish dragon,Animation
wish dragon,Comedy
stargate sg-1,Action
stargate sg-1,Adventure
stargate sg-1,Drama
go dog go,Adventure
go dog go,Animation
go dog go,Comedy
gone baby gone,Crime
gone baby gone,Drama
gone baby gone,Mystery
14 peaks: nothing is impossible,Adventure
14 peaks: nothing is impossible,Documentary
14 peaks: nothing is impossible,Sport
spoiled brats,Comedy
the marco effect,Crime
the marco effect,Thriller
bruised,Drama
bruised,Sport
army of thieves,Action
army of thieves,Comedy
army of thieves,Crime
dampyr,Fantasy
dampyr,Horror
bad boys for life,Action
bad boys for life,Comedy
bad boys for life,Crime
the forgotten battle,Action
the forgotten battle,Adventure
the forgotten battle,War
allied,Action
allied,Drama
allied,Romance
brawl in cell block 99,Crime
brawl in cell block 99,Drama
brawl in cell block 99,Thriller
beverly hills cop,Action
beverly hills cop,Comedy
beverly hills cop,Crime
the hunger games,Action
the hunger games,Adventure
the hunger games,Sci-Fi
princess power,Action
princess power,Adventure
princess power,Animation
widows,Action
widows,Adventure
widows,Sci-Fi
hov1 4-ever,Documentary
hov1 4-ever,Music
hov1 4-ever,Musical
sniper: ultimate kill,Action
sniper: ultimate kill,Drama
sniper: ultimate kill,Thriller
love me,Action
love me,Adventure
love me,Thriller
i'll see you in my dreams,Comedy
i'll see you in my dreams,Drama
i'll see you in my dreams,Romance
bullet train,Action
bullet train,Comedy
bullet train,Thriller
overboard,Comedy
overboard,Romance
infinite storm,Drama
infinite storm,Thriller
scent of a woman,Drama
mrs. harris goes to paris,Comedy
mrs. harris goes to paris,Drama
the tank,Action
the tank,Drama
the tank,Thriller
black and blue,Action
black and blue,Thriller
deep impact,Action
deep impact,Drama
deep impact,Sci-Fi
cheat: unfinished business,Reality-TV
chicken run,Adventure
chicken run,Animation
chicken run,Comedy
the sum of all fears,Action
the sum of all fears,Drama
the sum of all fears,Thriller
maybe baby,Comedy
maybe baby,Romance
true blood,Drama
true blood,Fantasy
true blood,Mystery
forgetting sarah marshall,Comedy
forgetting sarah marshall,Drama
forgetting sarah marshall,Romance
downsizing,Drama
downsizing,Fantasy
downsizing,Sci-Fi
balls,Action
balls,Adventure
balls,Animation
exorcist: the beginning,Horror
exorcist: the beginning,Mystery
exorcist: the beginning,Thriller
my life as a comedian,Biography
my life as a comedian,Drama
dark winds,Crime
dark winds,Drama
dark winds,Mystery
abigail,Action
abigail,Comedy
abigail,Crime
hot tub time machine,Comedy
hot tub time machine,Sci-Fi
the vampire diaries,Drama
the vampire diaries,Fantasy
the vampire diaries,Horror
toughest forces on earth,Documentary
beef,Comedy
beef,Drama
murder mystery,Crime
murder mystery,Mystery
murder mystery,Romance
fireheart,Adventure
fireheart,Animation
fireheart,Comedy
money shot: the pornhub story,Documentary
mh370: the plane that disappeared,Documentary
meet joe black,Drama
meet joe black,Fantasy
meet joe black,Romance
true spirit,Adventure
true spirit,Biography
true spirit,Drama
the pale blue eye,Crime
the pale blue eye,Horror
the pale blue eye,Mystery
the hatchet wielding hitchhiker,Crime
the hatchet wielding hitchhiker,Documentary
dog gone,Biography
dog gone,Drama
dog gone,Family
1899,Adventure
1899,Drama
1899,Thriller
dahmer,Biography
dahmer,Crime
dahmer,Drama
from scratch,Drama
from scratch,Romance
hellhole,Horror
hellhole,Mystery
snabba cash,Action
snabba cash,Crime
snabba cash,Drama
forever rich,Action
forever rich,Comedy
forever rich,Crime
the midnight club,Drama
the midnight club,Horror
the midnight club,Mystery
conversations with a killer: the jeffrey dahmer tapes,Biography
conversations with a killer: the jeffrey dahmer tapes,Crime
conversations with a killer: the jeffrey dahmer tapes,Documentary
the anthrax attacks,Crime
the anthrax attacks,Documentary
narco-saints,Action
narco-saints,Biography
narco-saints,Crime
dated and related,Reality-TV
love & anarchy,Comedy
love & anarchy,Drama
love & anarchy,Romance
the contractor,Action
the contractor,Drama
the contractor,Thriller
first kill,Crime
first kill,Drama
first kill,Horror
teenage mutant ninja turtles 2,Action
teenage mutant ninja turtles 2,Adventure
teenage mutant ninja turtles 2,Animation
colors of love,Drama
colors of love,Romance
21,Action
21,Comedy
21,Crime
inventing anna,Biography
inventing anna,Drama
black crab,Action
black crab,Adventure
black crab,Drama
the last letter from your lover,Drama
the last letter from your lover,Romance
crash pad,Comedy
snowpiercer,Action
snowpiercer,Sci-Fi
snowpiercer,Thriller
downfall: the case against boeing,Documentary
through my window,Comedy
through my window,Drama
through my window,Romance
the woman in the house across the street from the girl in the window,Comedy
the woman in the house across the street from the girl in the window,Crime
the woman in the house across the street from the girl in the window,Drama
undercover,Action
undercover,Comedy
queer eye,Reality-TV
spider-man 3,Action
spider-man 3,Adventure
spider-man 3,Sci-Fi
the silent sea,Adventure
the silent sea,Drama
the silent sea,Horror
superstore,Comedy
lost in space,Adventure
lost in space,Drama
lost in space,Family
a castle for christmas,Adventure
a castle for christmas,Comedy
a castle for christmas,Drama
the unlikely murderer,Crime
the unlikely murderer,Drama
central intelligence,Action
central intelligence,Comedy
central intelligence,Crime
yara,Crime
yara,Drama
yara,Thriller
only mine,Romance
company of heroes,Documentary
the guilty,Crime
the guilty,Drama
the guilty,Thriller
a tale dark & grimm,Action
a tale dark & grimm,Adventure
a tale dark & grimm,Animation
midnight mass,Drama
midnight mass,Fantasy
midnight mass,Horror
good girls,Comedy
good girls,Crime
good girls,Drama
the great raid,Action
the great raid,Drama
the great raid,War
the marksman,Action
the marksman,Drama
the marksman,Thriller
zombieland: double tap,Action
zombieland: double tap,Comedy
zombieland: double tap,Horror
chernobyl 1986,Documentary
blood red sky,Action
blood red sky,Drama
blood red sky,Horror
trollhunters: rise of the titans,Action
trollhunters: rise of the titans,Adventure
trollhunters: rise of the titans,Animation
major grom: plague doctor,Action
major grom: plague doctor,Comedy
major grom: plague doctor,Crime
warcraft,Action
warcraft,Adventure
warcraft,Fantasy
this little love of mine,Drama
this little love of mine,Romance
the tax collector,Action
the tax collector,Crime
the tax collector,Drama
the last of the mohicans,Action
the last of the mohicans,Adventure
the last of the mohicans,Drama
peppa pig,Adventure
peppa pig,Animation
peppa pig,Comedy
disquiet,Horror
disquiet,Mystery
disquiet,Thriller
red eye,Thriller
frozen land,Drama
don't worry darling,Drama
don't worry darling,Mystery
don't worry darling,Thriller
"sihja, the rebel fairy",Family
"sihja, the rebel fairy",Fantasy
infiesto,Action
infiesto,Adventure
infiesto,Crime
pulp fiction,Crime
pulp fiction,Drama
cyberpunk: edgerunners,Action
cyberpunk: edgerunners,Adventure
cyberpunk: edgerunners,Animation
10 cloverfield lane,Drama
10 cloverfield lane,Horror
10 cloverfield lane,Sci-Fi
the boss baby: back in the crib,Adventure
the boss baby: back in the crib,Animation
the boss baby: back in the crib,Comedy
wrongfully accused,Action
wrongfully accused,Comedy
wrongfully accused,Thriller
the northman,Action
the northman,Adventure
the northman,Drama
barbie,Adventure
barbie,Comedy
barbie,Fantasy
rurouni kenshin: the beginning,Action
rurouni kenshin: the beginning,Adventure
rurouni kenshin: the beginning,Drama
if you love somebody,Drama
book club: the next chapter,Comedy
book club: the next chapter,Romance
out of tune,Comedy
out of tune,Drama
inside: usa,Crime
inside: usa,Documentary
inside: usa,Sport
checkered ninja,Action
checkered ninja,Adventure
checkered ninja,Animation
klovn the final,Comedy
wanted,Action
wanted,Crime
wanted,Thriller
knock at the cabin,Horror
knock at the cabin,Mystery
knock at the cabin,Thriller
oldboys,Action
oldboys,Drama
oldboys,Mystery
the christmas family,Drama
bob marley: one love,Biography
bob marley: one love,Drama
bob marley: one love,Music
bling empire: new york,Reality-TV
the kissing booth,Comedy
the kissing booth,Romance
three wishes for cinderella,Adventure
three wishes for cinderella,Drama
three wishes for cinderella,Family
living,Drama
living,Mystery
living,Thriller
monday,Action
monday,Crime
monday,Fantasy
christmas on mistletoe farm,Comedy
christmas on mistletoe farm,Family
barbie mysteries,Adventure
barbie mysteries,Animation
barbie mysteries,Comedy
the puppet master: hunting the ultimate conman,Crime
the puppet master: hunting the ultimate conman,Documentary
mother/android,Drama
mother/android,Sci-Fi
mother/android,Thriller
how i fell in love with a gangster,Crime
how i fell in love with a gangster,Drama
the girl from oslo,Drama
the girl from oslo,Thriller
mile 22,Action
mile 22,Crime
mile 22,Thriller
titans,Drama
titans,Romance
single all the way,Comedy
single all the way,Drama
single all the way,Romance
addicted,Comedy
addicted,Romance
the harder they fall,Action
the harder they fall,Drama
the harder they fall,Western
army of the dead,Action
army of the dead,Adventure
army of the dead,Crime
the claus family,Comedy
the claus family,Family
the claus family,Fantasy
maya and the three,Action
maya and the three,Adventure
maya and the three,Animation
night teeth,Action
night teeth,Crime
night teeth,Drama
charlie's angels,Action
charlie's angels,Adventure
charlie's angels,Comedy
bohemian rhapsody,Biography
bohemian rhapsody,Drama
bohemian rhapsody,Music
britney vs spears,Biography
britney vs spears,Crime
britney vs spears,Documentary
kate,Comedy
kate,Fantasy
kate,Romance
downton abbey,Drama
downton abbey,Romance
sweet girl,Action
sweet girl,Drama
sweet girl,Thriller
the witcher: nightmare of the wolf,Action
the witcher: nightmare of the wolf,Adventure
the witcher: nightmare of the wolf,Animation
beckett,Action
beckett,Crime
beckett,Drama
van helsing,Action
van helsing,Adventure
van helsing,Fantasy
the hobbit: an unexpected journey,Adventure
the hobbit: an unexpected journey,Fantasy
the cook of castamar,Drama
the cook of castamar,Romance
the hobbit: the battle of the five armies,Adventure
the hobbit: the battle of the five armies,Fantasy
mama,Fantasy
mama,Horror
mama,Thriller
bandit,Crime
bandit,Drama
how to get to heaven from belfast,Comedy
how to get to heaven from belfast,Thriller
lee,Action
lee,Biography
lee,Drama
the missile,Drama
the missile,Sci-Fi
accepted,Comedy
the ruins,Adventure
the ruins,Horror
the ruins,Thriller
the fall guy,Action
the fall guy,Comedy
the fall guy,Drama
risto räppääjä,Comedy
risto räppääjä,Family
risto räppääjä,Musical
war for the planet of the apes,Action
war for the planet of the apes,Adventure
war for the planet of the apes,Drama
talamasca: the secret order,Drama
talamasca: the secret order,Fantasy
talamasca: the secret order,Sci-Fi
triptych,Drama
triptych,Mystery
triptych,Thriller
the big 4,Action
the big 4,Comedy
the big 4,Crime
lesson plan,Action
lesson plan,Crime
lesson plan,Drama
punisher: war zone,Action
punisher: war zone,Crime
punisher: war zone,Drama
jojo's bizarre adventure,Action
jojo's bizarre adventure,Adventure
jojo's bizarre adventure,Animation
security,Action
security,Comedy
security,Crime
prey,Action
prey,Comedy
prey,Crime
step up,Crime
step up,Drama
step up,Music
pretty young love,Romance
the family stone,Comedy
the family stone,Drama
the family stone,Romance
adam's apples,Comedy
adam's apples,Crime
adam's apples,Drama
stepmom,Comedy
stepmom,Drama
mr. mercedes,Crime
mr. mercedes,Drama
mr. mercedes,Mystery
"hello, goodbye, and everything in between",Comedy
"hello, goodbye, and everything in between",Drama
"hello, goodbye, and everything in between",Romance
the jane austen book club,Comedy
the jane austen book club,Drama
the jane austen book club,Romance
dumplin',Comedy
dumplin',Drama
the mask of zorro,Action
the mask of zorro,Adventure
the mask of zorro,Comedy
chicago med,Drama
mr. malcolm's list,Comedy
mr. malcolm's list,Drama
mr. malcolm's list,Romance
loving,Comedy
loving,Drama
loving,Romance
the armstrong lie,Biography
the armstrong lie,Documentary
the armstrong lie,Sport
american outlaws,Action
american outlaws,Drama
american outlaws,Western
rebel royals: an unlikely love story,Biography
rebel royals: an unlikely love story,Documentary
furiosa: a mad max saga,Action
furiosa: a mad max saga,Adventure
furiosa: a mad max saga,Sci-Fi
hotel transylvania 2,Adventure
hotel transylvania 2,Animation
hotel transylvania 2,Comedy
sneaky pete,Comedy
sneaky pete,Crime
sneaky pete,Drama
civil war,Action
civil war,Sci-Fi
in bed with santa,Comedy
godzilla x kong: the new empire,Action
godzilla x kong: the new empire,Adventure
godzilla x kong: the new empire,Fantasy
tenet,Action
tenet,Sci-Fi
tenet,Thriller
lilla spöket laban spökar igen,Animation
lilla spöket laban spökar igen,Fantasy
the truman show,Comedy
the truman show,Drama
the cursed,Action
the cursed,Adventure
the cursed,Fantasy
blippi's job show,Family
power,Action
power,Adventure
power,Drama
65,Action
65,Adventure
65,Sci-Fi
love again,Comedy
love again,Drama
love again,Romance
meg 2: the trench,Action
meg 2: the trench,Adventure
meg 2: the trench,Horror
migration,Adventure
migration,Animation
migration,Comedy
the darkest minds,Action
the darkest minds,Adventure
the darkest minds,Drama
dark windows,Horror
dark windows,Thriller
get carter,Crime
get carter,Thriller
outlander,Adventure
outlander,Drama
outlander,Fantasy
fast x,Action
fast x,Adventure
fast x,Crime
the missing,Adventure
the missing,Drama
the missing,Thriller
"confess, fletch",Comedy
"confess, fletch",Crime
"confess, fletch",Mystery
the martian,Adventure
the martian,Drama
the martian,Sci-Fi
grenfell: uncovered,Documentary
the day will come,Drama
elvis,Biography
elvis,Drama
elvis,Music
masterminds,Biography
masterminds,Comedy
masterminds,Crime
crawlspace,Horror
crawlspace,Thriller
sune's summer,Comedy
sune's summer,Family
johnny english strikes again,Action
johnny english strikes again,Adventure
johnny english strikes again,Comedy
the ultimatum: queer love,Reality-TV
the royal hotel,Drama
mother's day,Comedy
mother's day,Drama
mother's day,Romance
the great wall,Action
the great wall,Adventure
the great wall,Fantasy
leave,Drama
leave,Mystery
leave,Thriller
murder mystery 2,Action
murder mystery 2,Adventure
murder mystery 2,Comedy
the bounty hunter,Action
the bounty hunter,Comedy
the bounty hunter,Romance
possession,Horror
possession,Mystery
possession,Thriller
smurfs: the lost village,Adventure
smurfs: the lost village,Animation
smurfs: the lost village,Comedy
hunger,Action
hunger,Adventure
hunger,Sci-Fi
how to get rich,Documentary
divergent,Action
divergent,Adventure
divergent,Drama
chupa,Action
chupa,Adventure
chupa,Drama
shadow and bone,Action
shadow and bone,Adventure
shadow and bone,Drama
waco: american apocalypse,Crime
waco: american apocalypse,Documentary
curve,Drama
curve,Romance
curve,Sport
viking wolf,Horror
viking wolf,Thriller
blue beetle,Action
blue beetle,Adventure
blue beetle,Sci-Fi
stowaway,Adventure
stowaway,Sci-Fi
stowaway,Thriller
fate: the winx saga,Action
fate: the winx saga,Adventure
fate: the winx saga,Drama
the figo affair: the transfer that changed football,Biography
the figo affair: the transfer that changed football,Documentary
the figo affair: the transfer that changed football,Sport
the sea beast,Action
the sea beast,Adventure
the sea beast,Animation
running with the devil: the wild world of john mcafee,Biography
running with the devil: the wild world of john mcafee,Crime
running with the devil: the wild world of john mcafee,Documentary
the gray man,Action
the gray man,Mystery
the gray man,Thriller
code name: emperor,Drama
code name: emperor,Thriller
cosmic sin,Action
cosmic sin,Sci-Fi
aline,Biography
aline,Comedy
aline,Drama
superbad,Comedy
terminator genisys,Action
terminator genisys,Adventure
terminator genisys,Sci-Fi
the comeback trail,Comedy
the comeback trail,Crime
top gun,Action
top gun,Drama
turbo,Adventure
turbo,Animation
turbo,Comedy
marmaduke,Comedy
marmaduke,Family
triple 9,Action
triple 9,Crime
triple 9,Drama
father stu,Biography
father stu,Drama
father stu,Sport
anatomy of a scandal,Drama
anatomy of a scandal,Mystery
anatomy of a scandal,Thriller
how it ends,Action
how it ends,Drama
how it ends,Horror
the wedding ringer,Comedy
the wedding ringer,Romance
jimmy savile: a british horror story,Biography
jimmy savile: a british horror story,Crime
jimmy savile: a british horror story,Documentary
the bubble,Comedy
off track,Comedy
off track,Drama
off track,Romance
the king,Adventure
the king,Drama
the king,Fantasy
the pirates: the last royal treasure,Action
the pirates: the last royal treasure,Adventure
the pirates: the last royal treasure,Comedy
the cuphead show!,Action
the cuphead show!,Adventure
the cuphead show!,Animation
target number one,Action
target number one,Thriller
master cheng,Comedy
master cheng,Drama
master cheng,Romance
gossip girl,Drama
gossip girl,Romance
tin & tina,Horror
tin & tina,Mystery
tin & tina,Thriller
a tourist's guide to love,Adventure
a tourist's guide to love,Comedy
a tourist's guide to love,Romance
transatlantic,Drama
transatlantic,History
the deep house,Drama
the deep house,Horror
the deep house,Mystery
we have a ghost,Adventure
we have a ghost,Comedy
we have a ghost,Family
your place or mine,Comedy
your place or mine,Romance
in the line of fire,Action
in the line of fire,Crime
in the line of fire,Drama
the patriot,Action
the patriot,Drama
the patriot,War
harry & meghan,Biography
harry & meghan,Documentary
madoff: the monster of wall street,Crime
madoff: the monster of wall street,Documentary
white noise,Drama
white noise,Horror
white noise,Mystery
slumberland,Adventure
slumberland,Comedy
slumberland,Drama
capturing the killer nurse,Crime
capturing the killer nurse,Documentary
enola holmes,Adventure
enola holmes,Crime
enola holmes,Drama
blackout,Action
blackout,Sci-Fi
blackout,Thriller
brooklyn nine-nine,Comedy
brooklyn nine-nine,Crime
i used to be famous,Comedy
i used to be famous,Drama
i used to be famous,Music
end of the road,Action
end of the road,Crime
end of the road,Drama
the imperfects,Action
the imperfects,Adventure
the imperfects,Drama
echoes,Horror
echoes,Mystery
echoes,Thriller
that's amor,Comedy
that's amor,Romance
purple hearts,Drama
purple hearts,Music
purple hearts,Romance
better call saul,Crime
better call saul,Drama
recurrence,Comedy
keep sweet: pray and obey,Crime
keep sweet: pray and obey,Documentary
white house down,Action
white house down,Drama
white house down,Thriller
our father,Action
our father,Adventure
our father,Drama
along for the ride,Drama
along for the ride,Romance
conversations with a killer: the john wayne gacy tapes,Biography
conversations with a killer: the john wayne gacy tapes,Crime
conversations with a killer: the john wayne gacy tapes,Documentary
windfall,Crime
windfall,Drama
windfall,Thriller
the weekend away,Crime
the weekend away,Drama
the weekend away,Mystery
bad vegan: fame. fraud. fugitives.,Crime
bad vegan: fame. fraud. fugitives.,Documentary
bumblebee,Action
bumblebee,Adventure
bumblebee,Sci-Fi
texas chainsaw massacre,Horror
raising dion,Drama
raising dion,Sci-Fi
don't look up,Comedy
don't look up,Drama
don't look up,Sci-Fi
archive 81,Drama
archive 81,Horror
archive 81,Mystery
brazen,Crime
brazen,Drama
brazen,Mystery
the amazing spider-man,Action
the amazing spider-man,Sci-Fi
a california christmas: city lights,Comedy
a california christmas: city lights,Drama
a california christmas: city lights,Romance
the power of the dog,Drama
the power of the dog,Western
true story,Comedy
true story,Sport
hellbound,Horror
hellbound,Thriller
the rundown,Action
the rundown,Adventure
the rundown,Comedy
hypnotic,Action
hypnotic,Drama
hypnotic,Mystery
dive club,Adventure
dive club,Drama
dive club,Family
sas: rise of the black swan,Action
spotlight,Biography
spotlight,Crime
spotlight,Drama
the last mercenary,Action
the last mercenary,Adventure
the last mercenary,Comedy
rupaul's drag race,Game-Show
rupaul's drag race,Reality-TV
the seven deadly sins,Action
the seven deadly sins,Adventure
the seven deadly sins,Animation
the truce,Drama
the truce,War
the holdovers,Comedy
the holdovers,Drama
chucky,Comedy
chucky,Horror
chucky,Thriller
promising young woman,Crime
promising young woman,Drama
promising young woman,Mystery
a trip to infinity,Documentary
star trek beyond,Action
star trek beyond,Adventure
star trek beyond,Sci-Fi
transformers,Action
transformers,Adventure
transformers,Sci-Fi
nobody sleeps in the woods tonight 2,Comedy
nobody sleeps in the woods tonight 2,Horror
nobody sleeps in the woods tonight 2,Thriller
my little pony: a new generation,Adventure
my little pony: a new generation,Animation
my little pony: a new generation,Comedy
willy's wonderland,Action
willy's wonderland,Comedy
willy's wonderland,Horror
kung fu panda 2,Action
kung fu panda 2,Adventure
kung fu panda 2,Animation
christopher – a beautiful real life,Biography
christopher – a beautiful real life,Documentary
christopher – a beautiful real life,Music
honey,Adventure
honey,Comedy
honey,Family
riders of justice,Action
riders of justice,Comedy
riders of justice,Drama
hard target,Action
hard target,Crime
hard target,Thriller
felon,Action
felon,Drama
felon,Thriller
the kindness of strangers,Drama
i still believe,Biography
i still believe,Drama
i still believe,Music
moneyball,Biography
moneyball,Drama
moneyball,Sport
love song,Drama
catch me if you can,Biography
catch me if you can,Crime
catch me if you can,Drama
safe,Action
safe,Thriller
mr. good: cop or crook?,Crime
mr. good: cop or crook?,Documentary
winter on fire: ukraine's fight for freedom,Documentary
winter on fire: ukraine's fight for freedom,History
all the money in the world,Biography
all the money in the world,Crime
all the money in the world,Drama
post mortem: no one dies in skarnes,Comedy
post mortem: no one dies in skarnes,Drama
post mortem: no one dies in skarnes,Thriller
intrusion,Action
intrusion,Drama
intrusion,Mystery
a beautiful life,Drama
a beautiful life,Music
a beautiful life,Romance
bad thoughts,Comedy
master of the house,Comedy
master of the house,Drama
home for christmas,Comedy
home for christmas,Drama
home for christmas,Romance
wham!,Biography
wham!,Documentary
wham!,Music
return of the king: the fall and rise of elvis presley,Documentary
return of the king: the fall and rise of elvis presley,Music
baby fever,Comedy
baby fever,Drama
baby fever,Romance
bloodshot,Action
bloodshot,Adventure
bloodshot,Sci-Fi
alvin and the chipmunks: chipwrecked,Adventure
alvin and the chipmunks: chipwrecked,Animation
alvin and the chipmunks: chipwrecked,Comedy
age of attraction,Reality-TV
marines,Action
marines,Comedy
marines,Drama
love is blind: sweden,Game-Show
love is blind: sweden,Reality-TV
love is blind: sweden,Romance
britain and the blitz,Documentary
britain and the blitz,History
the heartbreak kid,Comedy
the heartbreak kid,Romance
big mouth,Animation
big mouth,Comedy
big mouth,Romance
the hooligan,Action
the hooligan,Comedy
the hooligan,Crime
heweliusz,Drama
heweliusz,History
woman of the dead,Crime
woman of the dead,Drama
woman of the dead,Mystery
om nom stories,Action
om nom stories,Adventure
om nom stories,Animation
off track 2,Comedy
off track 2,Drama
off track 2,Romance
tour de france: unchained,Documentary
tour de france: unchained,Sport
jimmy carr: natural born killer,Comedy
jimmy carr: natural born killer,Documentary
how to become a cult leader,Crime
how to become a cult leader,Documentary
ancient apocalypse,Documentary
ancient apocalypse,History
gold & greed: the hunt for fenn's treasure,Documentary
tex mex motors,Reality-TV
turning point: the vietnam war,Documentary
turning point: the vietnam war,History
turning point: the vietnam war,War
assassin's creed,Action
assassin's creed,Adventure
assassin's creed,Sci-Fi
muscles & mayhem: an unauthorized story of american gladiators,Documentary
muscles & mayhem: an unauthorized story of american gladiators,History
muscles & mayhem: an unauthorized story of american gladiators,Sport
a part of you,Drama
the karate kid,Action
the karate kid,Drama
the karate kid,Family
billionaire island,Comedy
billionaire island,Drama
cocomelon,Adventure
cocomelon,Animation
cocomelon,Family
critical: between life and death,Documentary
too much,Crime
too much,Drama
too much,Mystery
ripley,Crime
ripley,Drama
ripley,Thriller
the snow sister,Drama
the snow sister,Family
exploding kittens,Animation
exploding kittens,Comedy
buying london,Reality-TV
the mother,Action
the mother,Thriller
good will hunting,Drama
good will hunting,Romance
together: treble winners,Documentary
together: treble winners,Sport
little siberia,Comedy
little siberia,Drama
little siberia,Thriller
diary of a ditched girl,Comedy
diary of a ditched girl,Drama
diary of a ditched girl,Romance
alvin and the chipmunks: the squeakquel,Adventure
alvin and the chipmunks: the squeakquel,Animation
alvin and the chipmunks: the squeakquel,Comedy
suburræterna,Action
suburræterna,Crime
suburræterna,Drama
the lady's companion,Comedy
the lady's companion,History
the lady's companion,Romance
gangs of oslo,Crime
the pacific,Action
the pacific,Adventure
the pacific,Drama
sprint,Documentary
sprint,Sport
the accidental twins,Documentary
the stranger,Action
the stranger,Adventure
the stranger,Fantasy
maybe baby 2,Comedy
world war z,Action
world war z,Adventure
world war z,Horror
from rock star to killer,Crime
from rock star to killer,Documentary
the wrong track,Action
the wrong track,Adventure
the wrong track,Crime
the client,Crime
the client,Drama
the client,Mystery
hack my home,Reality-TV
love is blind: france,Reality-TV
love is blind: france,Romance
pokémon concierge,Adventure
pokémon concierge,Animation
pokémon concierge,Comedy
"with love, meghan",Reality-TV
the boy and the heron,Adventure
the boy and the heron,Animation
the boy and the heron,Drama
high plains drifter,Drama
high plains drifter,Western
mermaid magic,Adventure
mermaid magic,Animation
mermaid magic,Comedy
battle camp,Game-Show
battle camp,Reality-TV
barbie life in the dreamhouse,Animation
barbie life in the dreamhouse,Comedy
barbie life in the dreamhouse,Family
the circle,Action
the circle,Adventure
the circle,Comedy
the kings of tupelo: a southern crime saga,Crime
the kings of tupelo: a southern crime saga,Documentary
terminator zero,Action
terminator zero,Adventure
terminator zero,Animation
the days,Action
the days,Adventure
the days,Sci-Fi
crime scene berlin: nightlife killer,Crime
crime scene berlin: nightlife killer,Documentary
larva in mars,Animation
larva in mars,Comedy
larva in mars,Sci-Fi
kleo,Action
kleo,Crime
kleo,Drama
the riot,Drama
the riot,Thriller
the pope's exorcist,Horror
the pope's exorcist,Thriller
retribution,Action
retribution,Horror
retribution,Sci-Fi
wedding season,Comedy
wedding season,Romance
alba,Drama
heavy load,Comedy
eastern promises,Crime
eastern promises,Drama
eastern promises,Thriller
narcos: mexico,Biography
narcos: mexico,Crime
narcos: mexico,Drama
1917,Action
1917,Drama
1917,War
mr. robot,Crime
mr. robot,Drama
mr. robot,Thriller
schumacher,Biography
schumacher,Documentary
schumacher,Sport
afterlife of the party,Comedy
afterlife of the party,Drama
afterlife of the party,Fantasy
hustlers,Comedy
hustlers,Crime
hustlers,Drama
lol surprise: the movie,Comedy
high water,Crime
high water,Drama
high water,Thriller
striking distance,Action
striking distance,Crime
striking distance,Mystery
dc league of super-pets,Action
dc league of super-pets,Adventure
dc league of super-pets,Animation
first knight,Action
first knight,Adventure
first knight,Drama
monster high,Animation
monster high,Comedy
monster high,Family
magic mike's last dance,Comedy
magic mike's last dance,Drama
dogman,Crime
dogman,Drama
dogman,Thriller
hot pursuit,Action
hot pursuit,Comedy
hot pursuit,Crime
the legend of tarzan,Action
the legend of tarzan,Adventure
the legend of tarzan,Drama
the holiday,Comedy
the holiday,Romance
mercy,Biography
mercy,Crime
mercy,Drama
21 jump street,Action
21 jump street,Comedy
21 jump street,Crime
kung fu panda 4,Action
kung fu panda 4,Adventure
kung fu panda 4,Animation
american sniper,Action
american sniper,Biography
american sniper,Drama
georgia rule,Comedy
georgia rule,Drama
longlegs,Crime
longlegs,Horror
longlegs,Mystery
ronja the robber's daughter,Adventure
ronja the robber's daughter,Drama
ronja the robber's daughter,Family
wonder park,Adventure
wonder park,Animation
wonder park,Comedy
redeeming love,Drama
redeeming love,Romance
redeeming love,Western
smile,Horror
smile,Mystery
smile,Thriller
the monuments men,Biography
the monuments men,Comedy
the monuments men,Drama
a lucky man,Biography
a lucky man,Drama
a lucky man,Music
black adam,Action
black adam,Adventure
black adam,Fantasy
a merry christmas wish,Comedy
priest,Action
priest,Fantasy
priest,Horror
dune: part two,Action
dune: part two,Adventure
dune: part two,Drama
shaft,Action
shaft,Crime
shaft,Thriller
teenage mutant ninja turtles: mutant mayhem,Action
teenage mutant ninja turtles: mutant mayhem,Adventure
teenage mutant ninja turtles: mutant mayhem,Animation
spy,Action
spy,Comedy
the meg,Action
the meg,Adventure
the meg,Horror
hidden figures,Biography
hidden figures,Drama
hidden figures,History
spies in disguise,Action
spies in disguise,Adventure
spies in disguise,Animation
jumanji: the next level,Action
jumanji: the next level,Adventure
jumanji: the next level,Comedy
missing,Comedy
missing,Drama
the dragon prince,Action
the dragon prince,Adventure
the dragon prince,Animation
scream vi,Horror
scream vi,Mystery
scream vi,Thriller
barracuda queens,Crime
barracuda queens,Drama
barracuda queens,Thriller
the nurse,Biography
the nurse,Crime
the nurse,Drama
victim/suspect,Crime
victim/suspect,Documentary
12 mighty orphans,Drama
12 mighty orphans,History
12 mighty orphans,Sport
jarhead,Biography
jarhead,Drama
jarhead,War
here today,Comedy
here today,Drama
here today,Music
faraway,Drama
faraway,Fantasy
faraway,Romance
welcome home roscoe jenkins,Comedy
welcome home roscoe jenkins,Romance
the law according to lidia poët,Biography
the law according to lidia poët,Crime
the law according to lidia poët,Drama
full swing,Documentary
full swing,Sport
chef,Adventure
chef,Comedy
chef,Drama
the snow girl,Crime
the snow girl,Drama
the snow girl,Mystery
cunk on earth,Comedy
jung_e,Action
jung_e,Adventure
jung_e,Drama
the chronicles of riddick,Action
the chronicles of riddick,Adventure
the chronicles of riddick,Sci-Fi
belleville cop,Comedy
belleville cop,Crime
how do you know,Comedy
how do you know,Drama
how do you know,Romance
my name is vendetta,Action
my name is vendetta,Crime
my name is vendetta,Drama
falling for christmas,Comedy
falling for christmas,Romance
the chalk line,Horror
the chalk line,Mystery
the chalk line,Thriller
mr. harrigan's phone,Drama
mr. harrigan's phone,Horror
mr. harrigan's phone,Mystery
bling empire,Reality-TV
do revenge,Comedy
do revenge,Drama
do revenge,Romance
loving adults,Crime
loving adults,Drama
loving adults,Thriller
the lørenskog disappearance,Crime
the lørenskog disappearance,Drama
sins of our mother,Crime
sins of our mother,Documentary
sins of our mother,Mystery
entrapped,Action
entrapped,Crime
entrapped,Romance
diary of a gigolo,Crime
diary of a gigolo,Drama
diary of a gigolo,Mystery
look both ways,Comedy
look both ways,Drama
look both ways,Fantasy
royalteen,Drama
royalteen,Romance
when the bough breaks,Drama
when the bough breaks,Thriller
i just killed my dad,Crime
i just killed my dad,Documentary
hustle,Crime
hustle,Drama
dangerous liaisons,Drama
dangerous liaisons,Romance
toscana,Drama
toscana,Romance
halftime,Action
halftime,Drama
halftime,Sport
a quiet place part ii,Drama
a quiet place part ii,Horror
a quiet place part ii,Sci-Fi
interceptor,Action
interceptor,Adventure
interceptor,Drama
gothika,Horror
gothika,Mystery
gothika,Thriller
the doorman,Action
the doorman,Drama
the doorman,Thriller
super pupz,Adventure
super pupz,Comedy
super pupz,Family
6 underground,Action
6 underground,Thriller
rescued by ruby,Biography
rescued by ruby,Drama
rescued by ruby,Family
little women,Drama
little women,Romance
the tinder swindler,Crime
the tinder swindler,Documentary
young wallander,Crime
young wallander,Drama
young wallander,Mystery
the defeated,Drama
the defeated,History
the defeated,Thriller
den of thieves,Action
den of thieves,Crime
den of thieves,Drama
the hustle,Drama
the hustle,Sport
the unforgivable,Crime
the unforgivable,Drama
the unforgivable,Mystery
wwii in color: road to victory,Documentary
wwii in color: road to victory,History
wwii in color: road to victory,War
jurassic world camp cretaceous,Action
jurassic world camp cretaceous,Adventure
jurassic world camp cretaceous,Animation
cowboy bebop,Action
cowboy bebop,Adventure
cowboy bebop,Animation
tiger king,Biography
tiger king,Crime
tiger king,Documentary
the chestnut man,Crime
the chestnut man,Drama
the chestnut man,Mystery
father christmas is back,Comedy
cut throat city,Action
cut throat city,Crime
cut throat city,Drama
håkan bråkan,Comedy
håkan bråkan,Family
pokémon: to be a pokémon master: ultimate journeys: the series,Action
pokémon: to be a pokémon master: ultimate journeys: the series,Adventure
pokémon: to be a pokémon master: ultimate journeys: the series,Animation
resident evil: welcome to raccoon city,Action
resident evil: welcome to raccoon city,Horror
resident evil: welcome to raccoon city,Sci-Fi
the smurfs,Adventure
the smurfs,Animation
the smurfs,Comedy
don't pick up the phone,Crime
don't pick up the phone,Documentary
scrooge: a christmas carol,Adventure
scrooge: a christmas carol,Animation
scrooge: a christmas carol,Comedy
the guns of navarone,Action
the guns of navarone,Adventure
the guns of navarone,Drama
bonus family,Comedy
bonus family,Drama
beyond the bar,Drama
art of love,Biography
art of love,Comedy
art of love,Drama
the dad quest,Comedy
the dad quest,Drama
trigger,Action
trigger,Crime
trigger,Thriller
run rabbit run,Adventure
run rabbit run,Animation
run rabbit run,Comedy
baby bandito,Action
baby bandito,Crime
baby bandito,Drama
the trunk,Drama
the trunk,Mystery
the trunk,Romance
alpha males,Comedy
monk,Mystery
monk,Sci-Fi
monk,Thriller
kübra,Drama
kübra,Thriller
the mask,Comedy
the mask,Crime
the mask,Fantasy
cash queens,Comedy
cash queens,Crime
cash queens,Thriller
rumble,Action
rumble,Comedy
rumble,Crime
super crazy,Comedy
girls to buy,Action
girls to buy,Crime
girls to buy,Drama
dabba cartel,Crime
dabba cartel,Drama
death whisperer,Horror
death whisperer,Thriller
herself,Drama
the valet,Comedy
the valet,Drama
the valet,Romance
death before the wedding,Comedy
the queen of flow,Drama
the queen of flow,Music
the queen of flow,Romance
typhoon family,Drama
typhoon family,Romance
rosa peral's tapes,Crime
rosa peral's tapes,Documentary
boxer,Drama
boxer,Romance
boxer,Sport
planet single: greek adventure,Comedy
planet single: greek adventure,Drama
mandala murders,Crime
mandala murders,Drama
mandala murders,Mystery
letters to god,Drama
cold meat,Thriller
a body that works,Drama
heaven in hell,Action
heaven in hell,Adventure
heaven in hell,Drama
street flow 2,Crime
street flow 2,Drama
goodbye earth,Drama
goodbye earth,Sci-Fi
goodbye earth,Thriller
tougen anki,Action
tougen anki,Animation
tougen anki,Fantasy
the potato lab,Comedy
the potato lab,Drama
the potato lab,Romance
the devil's plan,Game-Show
the devil's plan,Reality-TV
the world will tremble,Biography
the world will tremble,Drama
the world will tremble,History
devara,Action
devara,Adventure
devara,Drama
owning manhattan,Reality-TV
hellboy,Action
hellboy,Adventure
hellboy,Fantasy
delhi crime,Crime
delhi crime,Drama
murder mubarak,Comedy
murder mubarak,Horror
murder mubarak,Mystery
officer on duty,Action
officer on duty,Crime
officer on duty,Thriller
kleks academy,Adventure
kleks academy,Family
kleks academy,Fantasy
robinson crusoe,Adventure
robinson crusoe,Drama
john wick,Action
john wick,Crime
john wick,Thriller
lifemark,Biography
lifemark,Drama
nothing to see here,Comedy
nothing to see here,Drama
kohrra,Crime
kohrra,Drama
kohrra,Mystery
pavane,Drama
pavane,Romance
she walks in darkness,Drama
she walks in darkness,History
she walks in darkness,Thriller
the christmas chronicles,Adventure
the christmas chronicles,Comedy
the christmas chronicles,Family
non-stop,Action
non-stop,Mystery
non-stop,Thriller
"to love, to lose",Drama
"to love, to lose",Fantasy
"to love, to lose",Romance
aloha,Comedy
aloha,Drama
aloha,Romance
sunny sanskari ki tulsi kumari,Family
sunny sanskari ki tulsi kumari,Romance
a journey,Adventure
a journey,Comedy
a journey,Drama
tuiskoms,Drama
dune,Action
dune,Adventure
dune,Drama
the lovely bones,Drama
the lovely bones,Fantasy
the lovely bones,Thriller
daaku maharaaj,Action
daaku maharaaj,Crime
daaku maharaaj,Drama
chhaava,Action
chhaava,Drama
chhaava,History
the garfield movie,Adventure
the garfield movie,Comedy
the garfield movie,Family
haunted hotel,Animation
haunted hotel,Comedy
haunted hotel,Horror
dragon,Action
dragon,Adventure
dragon,Animation
the girlfriend,Drama
motorvalley,Action
motorvalley,Drama
motorvalley,Sport
leanne,Comedy
shirley,Biography
shirley,Drama
shirley,Mystery
srikanth,Biography
srikanth,Drama
1923,Drama
1923,Western
"juan gabriel: i must, i can, i will",Biography
"juan gabriel: i must, i can, i will",Documentary
"juan gabriel: i must, i can, i will",Music
saripodhaa sanivaaram,Action
saripodhaa sanivaaram,Crime
saripodhaa sanivaaram,Drama
leatherface,Crime
leatherface,Drama
leatherface,Horror
spider-man: across the spider-verse,Action
spider-man: across the spider-verse,Adventure
spider-man: across the spider-verse,Animation
cj7,Adventure
cj7,Comedy
cj7,Drama
on the line,Thriller
"love is blind, habibi",Reality-TV
"love is blind, habibi",Romance
retro,Action
retro,Crime
retro,Drama
shahmaran,Adventure
shahmaran,Drama
shahmaran,Fantasy
the shack,Drama
the shack,Fantasy
ghosts of the abyss,Documentary
ghosts of the abyss,Family
tyson's run,Drama
court of gold,Documentary
court of gold,Sport
hotel mumbai,Action
hotel mumbai,Drama
hotel mumbai,History
the quick and the dead,Action
the quick and the dead,Drama
the quick and the dead,Romance
dream girl 2,Comedy
dream girl 2,Drama
dream girl 2,Romance
royal rumble,Sport
they call him og,Action
they call him og,Crime
they call him og,Drama
mafia mamma,Action
mafia mamma,Comedy
mafia mamma,Crime
the burning sea,Action
the burning sea,Adventure
the burning sea,Drama
sintonia,Crime
sintonia,Drama
sintonia,Music
disenchantment,Action
disenchantment,Adventure
disenchantment,Animation
smile 2,Horror
smile 2,Mystery
smile 2,Thriller
rez ball,Drama
rez ball,Sport
d.p.,Action
d.p.,Crime
d.p.,Drama
the curse of la llorona,Horror
the curse of la llorona,Mystery
the curse of la llorona,Thriller
single papa,Comedy
blood of zeus,Action
blood of zeus,Adventure
blood of zeus,Animation
meiyazhagan,Drama
meiyazhagan,Family
an honest life,Drama
an honest life,Mystery
an honest life,Thriller
dude,Comedy
dude,Mystery
dude,Sci-Fi
vidaamuyarchi,Action
vidaamuyarchi,Crime
vidaamuyarchi,Drama
the trip 8,Comedy
indian 2,Action
indian 2,Drama
indian 2,Musical
thug life,Action
thug life,Crime
thug life,Drama
raël: the alien prophet,Documentary
pedro páramo,Drama
pedro páramo,Fantasy
pedro páramo,Horror
saare jahan se accha: the silent guardians,Drama
saare jahan se accha: the silent guardians,Thriller
kingdom 3: the flame of destiny,Action
kingdom 3: the flame of destiny,History
kingdom 3: the flame of destiny,War
mech cadets,Action
mech cadets,Adventure
mech cadets,Animation
tehran,Action
tehran,Crime
tehran,Drama
mr. & mrs. mahi,Drama
mr. & mrs. mahi,Sport
maareesan,Comedy
maareesan,Drama
maareesan,Thriller
tokyo swindlers,Crime
tokyo swindlers,Drama
tokyo swindlers,Thriller
turning point: the bomb and the cold war,Documentary
blood & water,Drama
blood & water,Mystery
lobola man,Comedy
lobola man,Romance
kingdom: return of the great general,Action
kingdom: return of the great general,Drama
kingdom: return of the great general,History
article 370,Action
article 370,Drama
article 370,Thriller
ghostbusters: frozen empire,Adventure
ghostbusters: frozen empire,Comedy
ghostbusters: frozen empire,Fantasy
when the stars gossip,Comedy
when the stars gossip,Drama
when the stars gossip,Romance
the three musketeers: d'artagnan,Action
the three musketeers: d'artagnan,Adventure
the three musketeers: d'artagnan,History
son of sardaar 2,Comedy
kho gaye hum kahan,Comedy
kho gaye hum kahan,Drama
kho gaye hum kahan,Romance
anweshippin kandethum,Crime
anweshippin kandethum,Drama
anweshippin kandethum,Mystery
the long game,Drama
the long game,History
the long game,Sport
swim to me,Drama
amar singh chamkila,Biography
amar singh chamkila,Drama
amar singh chamkila,Music
stephen,Comedy
stephen,Talk-Show
vicky vidya ka woh wala video,Comedy
trolls,Adventure
trolls,Animation
trolls,Comedy
ángel di maría: breaking down the wall,Biography
ángel di maría: breaking down the wall,Documentary
ángel di maría: breaking down the wall,Sport
guns & gulaabs,Comedy
guns & gulaabs,Crime
guns & gulaabs,Romance
"hello, love, again",Drama
"hello, love, again",Romance
cindy la regia,Comedy
the indrani mukerjea story: buried truth,Crime
the indrani mukerjea story: buried truth,Documentary
the mole,Documentary
mad unicorn,Drama
a virtuous business,Comedy
a virtuous business,Drama
abduction,Action
abduction,Drama
abduction,Mystery
how to sell drugs online (fast),Comedy
how to sell drugs online (fast),Crime
how to sell drugs online (fast),Drama
joko anwar's nightmares and daydreams,Drama
joko anwar's nightmares and daydreams,Horror
joko anwar's nightmares and daydreams,Mystery
good news,Action
good news,Comedy
good news,Crime
glow up,Game-Show
glow up,Reality-TV
andrew schulz: life,Comedy
andrew schulz: life,Documentary
bad boy,Action
bad boy,Comedy
bad boy,Crime
delicious in dungeon,Adventure
delicious in dungeon,Animation
delicious in dungeon,Comedy
the envoys,Drama
the envoys,Fantasy
the envoys,Romance
the seven deadly sins: grudge of edinburgh part 2,Action
the seven deadly sins: grudge of edinburgh part 2,Adventure
the seven deadly sins: grudge of edinburgh part 2,Animation
divorce,Comedy
divorce,Drama
divorce,Romance
vini jr.,Biography
vini jr.,Documentary
vini jr.,Sport
akhanda 2: thaandavam,Action
akhanda 2: thaandavam,Drama
akhanda 2: thaandavam,Fantasy
wild wild punjab,Comedy
wild wild punjab,Romance
with love,Action
with love,Adventure
with love,Thriller
death whisperer 2,Action
death whisperer 2,Horror
death whisperer 2,Thriller
the claus family 3,Comedy
the claus family 3,Family
the claus family 3,Fantasy
shaolin soccer,Action
shaolin soccer,Comedy
shaolin soccer,Fantasy
caught in the web: the murders behind zona divas,Documentary
khakee: the bengal chapter,Action
khakee: the bengal chapter,Crime
khakee: the bengal chapter,Drama
the life you wanted,Drama
jurassic world rebirth,Action
jurassic world rebirth,Adventure
jurassic world rebirth,Sci-Fi
the champion,Biography
the champion,Drama
the champion,History
air force elite: thunderbirds,Documentary
buying beverly hills,Reality-TV
kaala paani,Drama
kaala paani,Thriller
good bad ugly,Adventure
good bad ugly,Drama
good bad ugly,Western
perdida,Crime
perdida,Drama
perdida,Mystery
the tale of lady ok,Drama
the tale of lady ok,History
the tale of lady ok,Romance
sajini shinde ka viral video,Crime
sajini shinde ka viral video,Mystery
sajini shinde ka viral video,Thriller
the match,Comedy
the match,Crime
the match,Drama
mahavatar narsimha,Action
mahavatar narsimha,Animation
mahavatar narsimha,Drama
lost bullet,Action
lost bullet,Crime
lost bullet,Thriller
banger,Comedy
banger,Drama
class act,Crime
class act,Documentary
go!,Comedy
go!,Romance
a madea homecoming,Comedy
a madea homecoming,Drama
a madea homecoming,Romance
sukhee,Comedy
sukhee,Drama
the turkish passion,Drama
the turkish passion,Romance
gundam: requiem for vengeance,Action
gundam: requiem for vengeance,Adventure
gundam: requiem for vengeance,Animation
the (almost) legends,Comedy
the (almost) legends,Music
a deadly invitation,Comedy
a deadly invitation,Mystery
a deadly invitation,Thriller
annapoorni,Drama
dhadak 2,Drama
dhadak 2,Mystery
dhadak 2,Romance
black warrant,Crime
black warrant,Drama
emergency,Action
emergency,Drama
emergency,Thriller
everything now,Comedy
everything now,Drama
hop,Action
hop,Adventure
hop,Fantasy
the outreau case: a french nightmare,Crime
the outreau case: a french nightmare,Documentary
unknown: killer robots,Documentary
runaway jury,Crime
runaway jury,Drama
runaway jury,Thriller
that '90s show,Comedy
that '90s show,Drama
that '90s show,Romance
doom at your service,Drama
doom at your service,Fantasy
doom at your service,Romance
in youth we trust,Crime
in youth we trust,Drama
badly in love,Reality-TV
badly in love,Romance
tee yai: born to be bad,Drama
untamed royals,Crime
untamed royals,Drama
azaad,Drama
azaad,History
azaad,War
frieren: beyond journey's end,Adventure
frieren: beyond journey's end,Animation
frieren: beyond journey's end,Comedy
children of the church steps,Drama
children of the church steps,History
children of the church steps,Thriller
replacing chef chico,Drama
replacing chef chico,Romance
rewind,Comedy
triple frontier,Action
triple frontier,Adventure
triple frontier,Thriller
i am a killer,Crime
i am a killer,Drama
i am a killer,Horror
the abandoned,Horror
the abandoned,Mystery
the abandoned,Thriller
the waiter,Comedy
the waiter,Crime
the waiter,Drama
zombieverse,Comedy
zombieverse,Game-Show
zombieverse,Horror
"good morning, verônica",Crime
"good morning, verônica",Drama
"good morning, verônica",Mystery
rising impact,Animation
rising impact,Drama
rising impact,Sport
kadhalikka neramillai,Drama
900 days without anabel,Crime
900 days without anabel,Documentary
my hero academia,Action
my hero academia,Adventure
my hero academia,Animation
underdogs,Comedy
underdogs,Sport
stolen vacation,Comedy
babo: the haftbefehl story,Documentary
babo: the haftbefehl story,Music
salaar,Action
salaar,Crime
salaar,Drama
afwaah,Drama
afwaah,Thriller
maledictions,Drama
maledictions,Thriller
eve,Action
eve,Adventure
eve,Comedy
single's inferno reunion,Reality-TV
the trust,Comedy
ctrl,Drama
ctrl,Thriller
seasons,Adventure
seasons,Animation
seasons,Comedy
metro... in dino,Drama
metro... in dino,Musical
metro... in dino,Romance
bagheera,Action
bagheera,Crime
bagheera,Thriller
kondal,Action
kondal,Crime
kondal,Drama
thandel,Action
thandel,Adventure
thandel,Romance
luz: the light of the heart,Adventure
luz: the light of the heart,Comedy
luz: the light of the heart,Family
prisoners,Crime
prisoners,Drama
prisoners,Mystery
wonderland,Adventure
wonderland,Family
wonderland,Fantasy
love is blind: brazil,Reality-TV
love is blind: brazil,Romance
fixed,Comedy
fixed,Documentary
cigarette girl,Drama
cigarette girl,History
cigarette girl,Romance
head to head,Action
head to head,Crime
head to head,Thriller
jack,Drama
jack,War
blood brothers: fury of the dragon,Action
blood brothers: fury of the dragon,Crime
blood brothers: fury of the dragon,Drama
friday night plan,Comedy
friday night plan,Drama
single salma,Comedy
gumraah,Action
gumraah,Crime
gumraah,Drama
the wild robot,Adventure
the wild robot,Animation
the wild robot,Family
w.a.g.s to riches,Reality-TV
his three daughters,Drama
my dad the bounty hunter,Action
my dad the bounty hunter,Adventure
my dad the bounty hunter,Animation
gandeevadhari arjuna,Action
gandeevadhari arjuna,Thriller
mighty bheem's playtime,Adventure
mighty bheem's playtime,Animation
mighty bheem's playtime,Comedy
jo koy: live from brooklyn,Comedy
jo koy: live from brooklyn,Documentary
greater kalesh,Drama
greater kalesh,Family
sosyal climbers,Comedy
sosyal climbers,Romance
back to 15,Comedy
back to 15,Drama
the whirlwind,Drama
the whirlwind,Western
fisk,Comedy
fisk,Drama
house of ga'a,Biography
house of ga'a,Drama
house of ga'a,History
creature,Drama
creature,Fantasy
creature,Romance
miss adrenaline: a tale of twins,Crime
miss adrenaline: a tale of twins,Drama
miss adrenaline: a tale of twins,Romance
frankly speaking,Comedy
frankly speaking,Drama
frankly speaking,Romance
a woman with no filter,Comedy
marry my dead body,Action
marry my dead body,Comedy
marry my dead body,Crime
pro bono,Comedy
pro bono,Drama
wwe: unreal,Documentary
wwe: unreal,Reality-TV
wwe: unreal,Sport
di4ries,Comedy
di4ries,Drama
di4ries,Family
holy family,Drama
super rich in korea,Reality-TV
apaixonada,Comedy
apaixonada,Romance
the upshaws,Comedy
kota factory,Comedy
kota factory,Drama
i am not mendoza,Comedy
i am not mendoza,Drama
un/happy for you,Drama
un/happy for you,Romance
instant family,Comedy
instant family,Drama
the apothecary diaries,Animation
the apothecary diaries,Drama
the apothecary diaries,History
cosmic princess kaguya!,Animation
cosmic princess kaguya!,Drama
cosmic princess kaguya!,Fantasy
mismatched,Comedy
mismatched,Drama
mismatched,Romance
crypto boy,Drama
you and everything else,Drama
you and everything else,Romance
drawing closer,Drama
drawing closer,Romance
bison kaalamaadan,Action
bison kaalamaadan,Biography
bison kaalamaadan,Drama
"ice cold: murder, coffee and jessica wongso",Crime
"ice cold: murder, coffee and jessica wongso",Documentary
spy kids,Action
spy kids,Adventure
spy kids,Comedy
kontrabida academy,Comedy
kontrabida academy,Drama
the dead don't die,Action
the dead don't die,Comedy
the dead don't die,Crime
sweet family,Comedy
sweet family,Drama
amy schumer: emergency contact,Comedy
amy schumer: emergency contact,Documentary
doc,Action
doc,Adventure
doc,Fantasy
phantom lawyer,Comedy
phantom lawyer,Drama
phantom lawyer,Mystery
the delivery rider,Action
the delivery rider,Drama
el paseo 7,Comedy
building the band,Game-Show
building the band,Music
building the band,Reality-TV
kaiju no. 8,Action
kaiju no. 8,Adventure
kaiju no. 8,Animation
simón,Biography
simón,Drama
simón,History
king of clones,Documentary
graveyard,Horror
the stone,Adventure
the stone,Family
the stone,Fantasy
better late than single,Reality-TV
better late than single,Romance
eye of the storm,Drama
the last hours of mario biondo,Crime
the last hours of mario biondo,Documentary
tribhuvan mishra ca topper,Comedy
tribhuvan mishra ca topper,Crime
tribhuvan mishra ca topper,Drama
until dawn,Drama
until dawn,Horror
until dawn,Mystery
oh my ghost clients,Comedy
oh my ghost clients,Drama
homebound,Drama
bert kreischer: lucky,Comedy
bert kreischer: lucky,Documentary
still shining,Drama
still shining,Romance
spy x family code: white,Action
spy x family code: white,Animation
spy x family code: white,Comedy
28 years later,Horror
28 years later,Sci-Fi
28 years later,Thriller
freestyle,Action
freestyle,Crime
6ixtynin9 the series,Comedy
6ixtynin9 the series,Crime
6ixtynin9 the series,Thriller
no ritmo da fé,Drama
no ritmo da fé,Musical
no ritmo da fé,Romance
final draft,Comedy
final draft,Drama
final draft,Romance
just alice,Comedy
just alice,Romance
anaganaga oka raju,Comedy
anaganaga oka raju,Family
a very good girl,Comedy
a very good girl,Drama
a very good girl,Mystery
hound's hill,Drama
hound's hill,Mystery
hound's hill,Thriller
three idiots in kenya,Reality-TV
tomb watcher,Horror
we were kings,Documentary
we were kings,Sport
left-handed girl,Drama
hi nanna,Drama
hi nanna,Family
hi nanna,Romance
it ends with us,Drama
it ends with us,Romance
ipar adalah maut,Drama
ipar adalah maut,Romance
hillbilly elegy,Biography
hillbilly elegy,Drama
garouden: the way of the lone wolf,Action
garouden: the way of the lone wolf,Animation
garouden: the way of the lone wolf,Fantasy
women on the edge,Drama
to catch a killer,Action
to catch a killer,Crime
to catch a killer,Drama
the village,Drama
the village,Mystery
the village,Thriller
"umjolo: my beginning, my end!",Comedy
"umjolo: my beginning, my end!",Drama
"umjolo: my beginning, my end!",Romance
full speed,Action
full speed,Comedy
thank you for coming,Comedy
surviving paradise,Documentary
beautiful rebel,Biography
beautiful rebel,Drama
beautiful rebel,Music
kountry wayne: a woman's prayer,Comedy
kountry wayne: a woman's prayer,Documentary
100 meters,Biography
100 meters,Comedy
100 meters,Drama
you are not alone: fighting the wolf pack,Documentary
loudermilk,Comedy
loudermilk,Drama
adagio,Action
adagio,Crime
adagio,Thriller
m3gan 2.0,Action
m3gan 2.0,Sci-Fi
m3gan 2.0,Thriller
the magic prank show with justin willman,Comedy
the magic prank show with justin willman,Reality-TV
dr. seuss's the sneetches,Adventure
dr. seuss's the sneetches,Animation
dr. seuss's the sneetches,Comedy
blood legacy,Horror
lohusa,Comedy
eva lasting,Drama
eva lasting,Romance
don't hate the player,Reality-TV
the haunted palace,Horror
fiasco,Comedy
the postcard killings,Crime
the postcard killings,Drama
the postcard killings,Mystery
mad square,Comedy
isolated,Horror
isolated,Sci-Fi
isolated,Thriller
irugapatru,Drama
the queenstown kings,Drama
the queenstown kings,Sport
zero to hero,Biography
zero to hero,Drama
zero to hero,Sport
love is blind: germany,Reality-TV
love is blind: germany,Romance
como si fuera la primera vez,Comedy
chastity high,Drama
chastity high,Romance
mike epps: ready to sell out,Comedy
mike epps: ready to sell out,Documentary
hell's paradise: jigokuraku,Action
hell's paradise: jigokuraku,Adventure
hell's paradise: jigokuraku,Animation
nevertheless : the shapes of love,Romance
the three musketeers: milady,Action
the three musketeers: milady,Adventure
the three musketeers: milady,Drama
i hate christmas,Comedy
i hate christmas,Romance
no more bets,Crime
no more bets,Drama
finding ola,Comedy
finding ola,Drama
i know what you did last summer,Horror
i know what you did last summer,Mystery
our oceans,Documentary
infamy,Drama
infamy,Music
wrath of man,Action
wrath of man,Crime
wrath of man,Thriller
my family,Biography
my family,Comedy
my family,Drama
the bricklayer,Action
the bricklayer,Thriller
kang solah from kang mak x nenek gayung,Comedy
kang solah from kang mak x nenek gayung,Fantasy
kang solah from kang mak x nenek gayung,Horror
thangalaan,Action
thangalaan,Adventure
thangalaan,Drama
norma: antara mertua dan menantu,Drama
norma: antara mertua dan menantu,Romance
kandahar,Action
kandahar,Drama
kandahar,Thriller
dragon ball z: battle of gods,Action
dragon ball z: battle of gods,Adventure
dragon ball z: battle of gods,Animation
until you burn,Drama
until you burn,Romance
gold rush gang,Action
gold rush gang,Comedy
gold rush gang,Drama
【oshi no ko】,Animation
【oshi no ko】,Drama
【oshi no ko】,Fantasy
too old for fairy tales 2,Family
your honor,Crime
your honor,Drama
your honor,Thriller
haunting of mount gede,Adventure
haunting of mount gede,Horror
partiu américa,Comedy
the menu,Comedy
the menu,Horror
the menu,Thriller
lone survivor,Action
lone survivor,Biography
lone survivor,Drama
in her place,Crime
in her place,Drama
in her place,History
yo yo honey singh: famous,Documentary
yo yo honey singh: famous,Drama
revolver rita,Action
revolver rita,Comedy
revolver rita,Crime
you gotta believe,Drama
you gotta believe,Family
you gotta believe,Sport
the rose of versailles,Action
the rose of versailles,Animation
the rose of versailles,Drama
challenger,Comedy
challenger,Drama
challenger,Romance
casper,Comedy
casper,Family
casper,Fantasy
night at the museum,Adventure
night at the museum,Comedy
night at the museum,Family
the tutor,Mystery
the tutor,Thriller
a simple favor,Comedy
a simple favor,Crime
a simple favor,Mystery
love at second sight,Comedy
love at second sight,Drama
love at second sight,Fantasy
the rising of the shield hero,Action
the rising of the shield hero,Adventure
the rising of the shield hero,Animation
the accountant,Action
the accountant,Crime
the accountant,Drama
les segpa,Comedy
beetlejuice beetlejuice,Comedy
beetlejuice beetlejuice,Fantasy
uninvited,Drama
uninvited,Fantasy
uninvited,Horror
blown away,Action
blown away,Crime
blown away,Drama
my hero academia: you're next,Action
my hero academia: you're next,Adventure
my hero academia: you're next,Animation
in love and deep water,Comedy
in love and deep water,Mystery
in love and deep water,Romance
masters of the universe: revolution,Action
masters of the universe: revolution,Adventure
masters of the universe: revolution,Animation
anna,Horror
anna,Mystery
anna,Thriller
secret mall apartment,Documentary
the intern,Comedy
the intern,Drama
untold,Action
untold,Drama
untold,Fantasy
all india rank,Comedy
all india rank,Drama
lilim,Action
lilim,Drama
lilim,Horror
aema,Comedy
aema,Drama
aema,History
the expendables 4,Action
the expendables 4,Adventure
the expendables 4,Thriller
the later daters,Reality-TV
the later daters,Romance
those who wish me dead,Action
those who wish me dead,Drama
those who wish me dead,Thriller
unhinged,Action
unhinged,Thriller
about my father,Comedy
megan leavey,Action
megan leavey,Biography
megan leavey,Drama
tenor,Comedy
tenor,Music
tenor,Romance
wonder,Action
wonder,Adventure
wonder,Fantasy
serial teachers,Comedy
geostorm,Action
geostorm,Sci-Fi
geostorm,Thriller
now you see me,Crime
now you see me,Mystery
now you see me,Thriller
tillu square,Action
tillu square,Comedy
tillu square,Crime
grave torture,Drama
grave torture,Horror
grave torture,Thriller
faceless,Drama
midnight at the pera palace,Drama
midnight at the pera palace,History
midnight at the pera palace,Mystery
sicario,Action
sicario,Crime
sicario,Drama
midnight in the switchgrass,Crime
midnight in the switchgrass,Mystery
midnight in the switchgrass,Thriller
project ufo,Documentary
get hard,Comedy
get hard,Crime
get hard,Drama
receiver,Comedy
receiver,Family
receiver,Sport
singsot,Horror
doce família,Comedy
ride along,Action
ride along,Comedy
ride along,Crime
spider-man: into the spider-verse,Action
spider-man: into the spider-verse,Adventure
spider-man: into the spider-verse,Animation
twilight,Drama
twilight,Fantasy
twilight,Romance
vacation,Comedy
4 kings 2,Action
4 kings 2,Crime
4 kings 2,Drama
sugar mill,Horror
sugar mill,Thriller
the lady of silence: the mataviejitas murders,Crime
the lady of silence: the mataviejitas murders,Documentary
the lady of silence: the mataviejitas murders,History
gigantes,Comedy
gigantes,Drama
gigantes,Romance
long shot,Comedy
long shot,Romance
malbatt: misi bakara,Action
malbatt: misi bakara,Drama
malbatt: misi bakara,History
last vegas,Comedy
edge of tomorrow,Action
edge of tomorrow,Adventure
edge of tomorrow,Sci-Fi
kaulitz & kaulitz,Biography
kaulitz & kaulitz,Documentary
kaulitz & kaulitz,Music
the fairly oddparents: a new wish,Adventure
the fairly oddparents: a new wish,Animation
the fairly oddparents: a new wish,Comedy
oho enthan baby,Drama
naga,Drama
naga,Thriller
rio,Adventure
rio,Animation
rio,Comedy
the playing card killer,Crime
the playing card killer,Documentary
the playing card killer,History
karate kid: legends,Action
karate kid: legends,Drama
karate kid: legends,Family
strangers in the park,Comedy
strangers in the park,Drama
hannah berner: we ride at dawn,Comedy
lost bullet 2,Action
lost bullet 2,Crime
lost bullet 2,Thriller
tammy,Biography
tammy,Drama
tammy,Romance
jagun jagun,Drama
jagun jagun,History
journey 2: the mysterious island,Action
journey 2: the mysterious island,Adventure
journey 2: the mysterious island,Comedy
in the heart of the sea,Action
in the heart of the sea,Adventure
in the heart of the sea,Biography
ex ex lovers,Comedy
ex ex lovers,Drama
ex ex lovers,Romance
dangal,Action
dangal,Biography
dangal,Drama
munkar,Horror
bhola shankar,Action
bhola shankar,Crime
bhola shankar,Drama
fall,Action
fall,Adventure
fall,Sci-Fi
san andreas,Action
san andreas,Adventure
san andreas,Thriller
just go with it,Comedy
just go with it,Romance
big nunu's little heist,Action
big nunu's little heist,Comedy
big nunu's little heist,Crime
aaron rodgers: enigma,Documentary
aaron rodgers: enigma,Sport
alone,Comedy
alone,Family
glass heart,Drama
this is i,Comedy
this is i,Drama
love never lies: poland,Reality-TV
dasim,Horror
the hunting party,Adventure
the hunting party,Comedy
the hunting party,Drama
dumb money,Biography
dumb money,Comedy
dumb money,Drama
the taming of the shrewd 2,Comedy
the taming of the shrewd 2,Romance
rob peace,Biography
rob peace,Drama
fury,Action
fury,Adventure
fury,Sci-Fi
harold and the purple crayon,Adventure
harold and the purple crayon,Animation
harold and the purple crayon,Comedy
dog man,Comedy
dog man,Crime
dog man,Drama
chelsea handler: the feeling,Comedy
chelsea handler: the feeling,Documentary
call of the dead,Drama
call of the dead,Horror
everybody loves me when i'm dead,Crime
everybody loves me when i'm dead,Drama
everybody loves me when i'm dead,Thriller
mike and dave need wedding dates,Comedy
mike and dave need wedding dates,Romance
first wives club,Comedy
the heartbreak agency,Comedy
the heartbreak agency,Romance
homefront,Action
homefront,Crime
homefront,Thriller
the machine,Action
the machine,Sci-Fi
nobody 2,Action
nobody 2,Comedy
nobody 2,Crime
nuremberg,Drama
nuremberg,History
nuremberg,War
copshop,Action
copshop,Thriller
dave attell: hot cross buns,Comedy
dave attell: hot cross buns,Documentary
the mire,Crime
the mire,Drama
the mire,Thriller
dancing village : the curse begins,Horror
dancing village : the curse begins,Mystery
dancing village : the curse begins,Thriller
larissa: the other side of anitta,Biography
larissa: the other side of anitta,Documentary
larissa: the other side of anitta,Music
mallari,Crime
mallari,Drama
mallari,Horror
laura,Drama
laura,Film-Noir
laura,Mystery
luccas neto em: o meu aniversário,Adventure
luccas neto em: o meu aniversário,Comedy
luccas neto em: o meu aniversário,Family
meninas não choram,Drama
matilda,Comedy
matilda,Family
matilda,Fantasy
upgrade,Action
upgrade,Sci-Fi
upgrade,Thriller
now you see me 2,Action
now you see me 2,Adventure
now you see me 2,Comedy
down the rabbit hole,Documentary
down the rabbit hole,Drama
the last goodbye,Documentary
the last goodbye,Music
the secret agent,Crime
the secret agent,Drama
the secret agent,Mystery
a dog's way home,Adventure
a dog's way home,Drama
a dog's way home,Family
do not disturb,Comedy
do not disturb,Drama
terror comes knocking: the marcela borges story,Thriller
the boyfriend,Comedy
the boyfriend,Romance
massacre of the witches,Horror
massacre of the witches,Thriller
force of nature,Comedy
force of nature,Romance
air mata di ujung sajadah,Drama
wind river,Crime
wind river,Drama
wind river,Mystery
magik rompak,Action
magik rompak,Crime
magik rompak,Thriller
kampung jabang mayit: ritual maut,Horror
love is blind: italy,Reality-TV
love is blind: italy,Romance
nosso sonho,Biography
nosso sonho,Comedy
nosso sonho,Drama
el conde,Comedy
el conde,Fantasy
el conde,History
the angry birds movie,Action
the angry birds movie,Adventure
the angry birds movie,Animation
the doomsday cult of antares de la luz,Documentary
maboroshi,Animation
maboroshi,Drama
maboroshi,Fantasy
"i, the executioner",Action
"i, the executioner",Adventure
"i, the executioner",Comedy
yadang: the snitch,Action
yadang: the snitch,Comedy
yadang: the snitch,Crime
holy night: demon hunters,Action
holy night: demon hunters,Fantasy
holy night: demon hunters,Horror
familia,Action
familia,Adventure
familia,Animation
exhuma,Horror
exhuma,Mystery
what if,Action
what if,Adventure
what if,Animation
aniela,Drama
technoboys,Comedy
technoboys,Music
sunshine,Drama
sunshine,Romance
sunshine,Sci-Fi
pig,Drama
pig,Mystery
reporting for duty,Comedy
reporting for duty,Crime
suzume,Adventure
suzume,Animation
suzume,Drama
the walking dead: the ones who live,Drama
the walking dead: the ones who live,Horror
the walking dead: the ones who live,Thriller
47 ronin,Action
47 ronin,Drama
47 ronin,Fantasy
the best mother in the world,Drama
crime scene zero,Crime
crime scene zero,Reality-TV
amazon bullseye,Adventure
amazon bullseye,Comedy
lies hidden in my garden,Drama
lies hidden in my garden,Mystery
lies hidden in my garden,Thriller
jumbo,Adventure
jumbo,Animation
jumbo,Comedy
a brother and 7 siblings,Drama
a brother and 7 siblings,Family
sore: a wife from the future,Drama
sore: a wife from the future,Fantasy
sore: a wife from the future,Romance
the ugly,Adventure
the ugly,Drama
the ugly,Western
mr. bachchan,Action
mr. bachchan,Crime
mr. bachchan,Drama
the first slam dunk,Animation
the first slam dunk,Comedy
the first slam dunk,Drama
the guardian of the monarchs,Documentary
guntur kaaram,Action
guntur kaaram,Drama
escape,Adventure
escape,Drama
escape,Thriller
lost in the night,Drama
lost in the night,Thriller
let's get divorced,Comedy
let's get divorced,Drama
let's get divorced,Romance
banduan,Action
banduan,Crime
banduan,Thriller
keys to the heart,Comedy
keys to the heart,Drama
keys to the heart,Family
grave of the fireflies,Animation
grave of the fireflies,Drama
grave of the fireflies,War
no other choice,Comedy
no other choice,Crime
no other choice,Drama
i am the end of the world,Comedy
agen +62,Comedy
school spirits,Drama
school spirits,Fantasy
school spirits,Mystery
concrete utopia,Action
concrete utopia,Adventure
concrete utopia,Drama
ransomed,Action
ransomed,Crime
ransomed,Drama
hard days,Action
hard days,Thriller
bear man,Action
bear man,Comedy
the raid: redemption,Action
the raid: redemption,Crime
the raid: redemption,Thriller
vinci 2,Comedy
vinci 2,Crime
silent truth,Crime
silent truth,Drama
silent truth,Mystery
minha vida em marte,Comedy
pilot,Action
pilot,Drama
pilot,Mystery
there's still tomorrow,Comedy
there's still tomorrow,Drama
there's still tomorrow,History
how to deal with a heartbreak,Comedy
how to deal with a heartbreak,Drama
omniscient reader: the prophecy,Action
omniscient reader: the prophecy,Adventure
omniscient reader: the prophecy,Drama
firefighters,Action
firefighters,Drama
taxi driver,Crime
taxi driver,Drama
the murderer,Comedy
the murderer,Crime
the murderer,Drama
operation pope,Drama
operation pope,Thriller
rebound,Comedy
rebound,Romance
murder report,Drama
murder report,Horror
murder report,Thriller
bro,Action
bro,Drama
bro,History
the captive,Crime
the captive,Drama
the captive,Mystery
the beast,Adventure
the beast,Family
the beast,Fantasy
streaming,Horror
good boy,Adventure
good boy,Comedy
politically incorrect,Comedy
politically incorrect,News
politically incorrect,Talk-Show
24 hours with gaspar,Action
24 hours with gaspar,Crime
24 hours with gaspar,Drama
hopeless,Crime
hopeless,Drama
mamonas assassinas: o filme,Biography
mamonas assassinas: o filme,Drama
mamonas assassinas: o filme,Music
#ladyrancho,Comedy
pretty guardian sailor moon cosmos the movie,Action
pretty guardian sailor moon cosmos the movie,Adventure
pretty guardian sailor moon cosmos the movie,Animation
sham,Comedy
sham,Drama
instant daddy,Comedy
instant daddy,Drama
the paradise of thorns,Drama
the paradise of thorns,Thriller
first gentleman,Comedy
the little rascals,Comedy
the little rascals,Family
the little rascals,Romance
something's gotta give,Comedy
something's gotta give,Drama
something's gotta give,Romance
keluarga yang tak dirindukan,Drama
keluarga yang tak dirindukan,Family
still single,Comedy
katinka,Documentary
katinka,Sport
gunung kawi,Comedy
gunung kawi,Horror
uang panai 2,Comedy
uang panai 2,Drama
uang panai 2,Romance
toba dreams,Biography
toba dreams,Drama
bloodlust beauty,Drama
bloodlust beauty,Horror
bloodlust beauty,Thriller
pelangi tanpa warna,Drama
the jury,Crime
the jury,Drama
the jury,Mystery
the outrun,Biography
the outrun,Drama
something borrowed,Comedy
something borrowed,Drama
something borrowed,Romance
american reunion,Comedy
little england,Drama
little england,Romance
get organized with the home edit,Reality-TV
we die young,Action
we die young,Crime
we die young,Drama
pan,Action
pan,Adventure
pan,Sci-Fi
get well soon,Comedy
get well soon,Drama
get well soon,Romance
the nice guys,Action
the nice guys,Comedy
the nice guys,Crime
"el rey, vicente fernández",Biography
"el rey, vicente fernández",Drama
"el rey, vicente fernández",Music
kabir singh,Drama
kabir singh,Romance
arctic,Adventure
arctic,Drama
riddick,Action
riddick,Adventure
riddick,Sci-Fi
uglydolls,Adventure
uglydolls,Animation
uglydolls,Comedy
ije: the journey,Adventure
ije: the journey,Fantasy
ije: the journey,Sci-Fi
gone,Drama
gone,Mystery
gone,Thriller
afrobeats: the backstory,Documentary
afrobeats: the backstory,Music
deliver us from evil,Crime
deliver us from evil,Horror
deliver us from evil,Mystery
strangers,Drama
strangers,Fantasy
strangers,Horror
miracle in cell no. 7,Drama
may december,Comedy
may december,Drama
ready player one,Action
ready player one,Adventure
ready player one,Sci-Fi
atomic blonde,Action
atomic blonde,Thriller
the legend of hercules,Action
the legend of hercules,Adventure
the legend of hercules,Fantasy
the survivor,Crime
the survivor,Drama
the survivor,Mystery
marokkaanse bruiloft,Comedy
marokkaanse bruiloft,Romance
the midnight after,Comedy
the midnight after,Mystery
the midnight after,Sci-Fi
poker face,Comedy
poker face,Crime
poker face,Drama
in broad daylight: the narvarte case,Crime
in broad daylight: the narvarte case,Documentary
guadalupe reyes,Comedy
the bachelor 3,Action
the bachelor 3,Comedy
love life,Comedy
love life,Romance
the iron claw,Biography
the iron claw,Drama
the iron claw,Sport
the pink panther,Adventure
the pink panther,Comedy
the pink panther,Crime
sniper: the last stand,Action
the empty chair: final exam,Horror
the empty chair: final exam,Thriller
sweet little things,Comedy
gemencheh boys,Biography
gemencheh boys,Drama
gemencheh boys,Sport
ahwak,Comedy
ahwak,Romance
sesame street,Animation
sesame street,Drama
sesame street,Family
the commuter,Action
the commuter,Mystery
the commuter,Thriller
the closer,Crime
the closer,Drama
the closer,Mystery
nafsi,Talk-Show
xtreme,Action
xtreme,Crime
xtreme,Drama
more than blue: the series,Drama
more than blue: the series,Romance
memories of a murderer: the nilsen tapes,Biography
memories of a murderer: the nilsen tapes,Crime
memories of a murderer: the nilsen tapes,Documentary
weather for two,Drama
run for the money,Game-Show
run for the money,Reality-TV
black hawk down,Action
black hawk down,Drama
black hawk down,History
boy,Action
boy,Comedy
boy,Crime
the bad education movie,Comedy
haunted house for sale,Drama
haunted house for sale,Romance
haunted house for sale,Thriller
one for the money,Action
one for the money,Comedy
one for the money,Crime
rocco & sjuul,Comedy
rocco & sjuul,Drama
"web of make believe: death, lies and the internet",Crime
"web of make believe: death, lies and the internet",Documentary
the blossoming love,Drama
the blossoming love,Fantasy
the blossoming love,Romance
the father,Drama
the father,Mystery
the wedding date,Comedy
the wedding date,Romance
jungleland,Drama
jungleland,Sport
the imposter,Biography
the imposter,Crime
the imposter,Documentary
dongeng sang kancil,Adventure
dongeng sang kancil,Animation
dongeng sang kancil,Comedy
seven pounds,Drama
seven pounds,Mystery
seven pounds,Thriller
my sister's husband,Drama
wasteland,Comedy
wasteland,Horror
keeping up with the kardashians,Family
keeping up with the kardashians,Reality-TV
game of death,Action
game of death,Crime
game of death,Drama
derry girls,Comedy
last night in soho,Drama
last night in soho,Horror
last night in soho,Mystery
conviction: murder at the station,Crime
conviction: murder at the station,Documentary
blossom,Drama
blossom,Romance
the trouble with maggie cole,Comedy
the trouble with maggie cole,Drama
weathering with you,Animation
weathering with you,Drama
weathering with you,Fantasy
hot fuzz,Action
hot fuzz,Comedy
hot fuzz,Mystery
race to the summit,Adventure
race to the summit,Documentary
race to the summit,Sport
friend,Comedy
friend,Romance
the town,Crime
the town,Drama
the town,Thriller
butterfly,Drama
butterfly,Sci-Fi
butterfly,Thriller
our season,Drama
our season,Fantasy
parasyte: part 1,Action
parasyte: part 1,Drama
parasyte: part 1,Horror
ms. apocalypse,Action
ms. apocalypse,Animation
ms. apocalypse,Drama
superagente makey,Action
superagente makey,Comedy
sorry? not sorry!,Documentary
hotel bitcoin,Comedy
just cause,Action
just cause,Crime
just cause,Drama
search www,Drama
search www,Romance
closet battle,Reality-TV
jiva!,Drama
manhunt: the child snatcher,Documentary
war of the arrows,Action
war of the arrows,Adventure
navarasa,Drama
temurun,Horror
temurun,Thriller
avengement,Action
avengement,Sci-Fi
between him and her,Drama
between him and her,Romance
meenakshi sundareshwar,Comedy
meenakshi sundareshwar,Romance
the interview,Action
the interview,Adventure
the interview,Comedy
the humans and the mongoose,Comedy
the humans and the mongoose,Fantasy
the humans and the mongoose,Horror
princess sarah,Comedy
princess sarah,Drama
princess sarah,Family
push,Action
push,Sci-Fi
push,Thriller
brewing love,Comedy
brewing love,Drama
brewing love,Romance
a stand worthy of men,Comedy
a stand worthy of men,Drama
les têtes de l'emploi,Comedy
mirciulica,Comedy
the action pack,Action
the action pack,Comedy
the action pack,Crime
the returning dead,Comedy
the returning dead,Horror
the returning dead,Sci-Fi
the cold light of day,Action
the cold light of day,Adventure
the cold light of day,Thriller
resident evil: afterlife,Action
resident evil: afterlife,Horror
resident evil: afterlife,Sci-Fi
missed connections,Documentary
missed connections,Mystery
love through a prism,Animation
love through a prism,Drama
love through a prism,History
autumn girl,Biography
autumn girl,Drama
autumn girl,Musical
greta,Drama
greta,Mystery
greta,Thriller
wasp network,Crime
wasp network,Drama
wasp network,Thriller
our folks: the beginning,Comedy
warm bodies,Action
warm bodies,Comedy
warm bodies,Horror
becky & badette,Comedy
becky & badette,Drama
libertate,Drama
dearly beloved,Drama
home wrecker,Drama
home wrecker,Thriller
now and forever,Crime
now and forever,Drama
now and forever,Romance
life as we know it,Comedy
life as we know it,Drama
life as we know it,Romance
the too-perfect saint: tossed aside by my fiancé and sold to another kingdom,Animation
the too-perfect saint: tossed aside by my fiancé and sold to another kingdom,Fantasy
the too-perfect saint: tossed aside by my fiancé and sold to another kingdom,Romance
¡asu mare! los amigos,Comedy
laabam,Drama
why live it solo?!,Drama
spontaneous,Comedy
spontaneous,Drama
spontaneous,Horror
a thousand words,Comedy
a thousand words,Drama
a thousand words,Fantasy
the house of flowers: the movie,Comedy
the house of flowers: the movie,Drama
el cartel,Action
el cartel,Crime
el cartel,Drama
bridge to terabithia,Drama
bridge to terabithia,Family
bridge to terabithia,Fantasy
niña niño,Drama
blade ii,Action
blade ii,Horror
blade ii,Sci-Fi
the crime,Adventure
the crime,Family
the crime,Fantasy
wwe wrestlemania,Sport
wwe wrestlemania,Talk-Show
rurouni kenshin: the legend ends,Action
rurouni kenshin: the legend ends,Adventure
rurouni kenshin: the legend ends,Drama
la guzmán,Biography
la guzmán,Drama
la guzmán,Music
karel,Biography
karel,Documentary
the art of passion,Drama
the art of passion,Romance
the art of passion,Thriller
party hard,Horror
party hard,Thriller
bosnian pot,Comedy
bosnian pot,Drama
the meaning and mystery of life,Animation
the meaning and mystery of life,Documentary
the meaning and mystery of life,Drama
the final score,Biography
the final score,Drama
the final score,Sport
proud princess,Comedy
proud princess,Drama
proud princess,Family
10 days of a curious man,Crime
10 days of a curious man,Drama
10 days of a curious man,Mystery
ray,Action
ray,Adventure
ray,Animation
zumbo's just desserts,Game-Show
zumbo's just desserts,Reality-TV
north country,Drama
the perfect man,Comedy
the perfect man,Family
the perfect man,Romance
love you for now,Comedy
love you for now,Drama
love you for now,Romance
buddy games,Comedy
jewish matchmaking,Reality-TV
jewish matchmaking,Romance
landlord,Comedy
landlord,Drama
tempos,Crime
tempos,Romance
tempos,Thriller
four christmases,Comedy
four christmases,Drama
four christmases,Romance
carol of the bells,Drama
carol of the bells,History
island,Drama
island,Mystery
island,Thriller
why am i alive,Drama
alchemist academy,Action
alchemist academy,Adventure
alchemist academy,Fantasy
kung fu panda,Action
kung fu panda,Adventure
kung fu panda,Animation
news of the world,Action
news of the world,Adventure
news of the world,Drama
darkest hour,Biography
darkest hour,Drama
darkest hour,History
the current war,Biography
the current war,Drama
the current war,History
bride wars,Comedy
bride wars,Romance
big,Comedy
big,Romance
the house of the spirits,Drama
the house of the spirits,Romance
the secret diary of an exchange student,Comedy
the secret diary of an exchange student,Romance
the bad guys 2,Action
the bad guys 2,Adventure
the bad guys 2,Animation
rich in love 2,Comedy
rich in love 2,Romance
hotel for dogs,Comedy
hotel for dogs,Family
biohackers,Drama
biohackers,Sci-Fi
biohackers,Thriller
do you see what i see,Horror
gone girl,Drama
gone girl,Mystery
gone girl,Thriller
back to q82,Action
back to q82,Adventure
back to q82,Comedy
the powerpuff girls,Action
the powerpuff girls,Adventure
the powerpuff girls,Animation
resurrected rides,Reality-TV
motherless brooklyn,Crime
motherless brooklyn,Drama
motherless brooklyn,Mystery
ghosts of girlfriends past,Comedy
ghosts of girlfriends past,Fantasy
ghosts of girlfriends past,Romance
brother in love,Comedy
the ninth gate,Mystery
the ninth gate,Thriller
happy crush,Comedy
happy crush,Romance
what a girl wants,Comedy
what a girl wants,Drama
what a girl wants,Family
spencer,Biography
spencer,Drama
raat akeli hai,Crime
raat akeli hai,Drama
raat akeli hai,Mystery
eraser: reborn,Action
eraser: reborn,Crime
eraser: reborn,Thriller
scoob!,Adventure
scoob!,Animation
scoob!,Comedy
payback,Action
payback,Crime
payback,Drama
the catholic school,Drama
break point,Action
break point,Crime
break point,Thriller
final destination,Horror
final destination,Thriller
emmanuelle,Drama
emmanuelle,Romance
shutter,Drama
shutter,Mystery
shutter,Thriller
grey lady,Crime
grey lady,Drama
grey lady,Mystery
kaiserschmarrndrama,Comedy
kaiserschmarrndrama,Crime
wicked,Action
wicked,Crime
wicked,Thriller
what's wrong with secretary kim,Comedy
what's wrong with secretary kim,Mystery
what's wrong with secretary kim,Romance
deadly class,Action
deadly class,Adventure
deadly class,Comedy
scarlet hill,Thriller
reply 1988,Comedy
reply 1988,Drama
reply 1988,Family
daddy issue,Comedy
young guns,Action
young guns,Drama
young guns,Western
the healed wounds,Documentary
black rose,Horror
black rose,Music
bridget jones: mad about the boy,Comedy
bridget jones: mad about the boy,Drama
bridget jones: mad about the boy,Romance
love game in eastern fantasy,Action
love game in eastern fantasy,Adventure
love game in eastern fantasy,Drama
new gods: nezha reborn,Action
new gods: nezha reborn,Animation
new gods: nezha reborn,Fantasy
octopus with broken arms,Crime
octopus with broken arms,Mystery
octopus with broken arms,Thriller
appropriate adult,Crime
appropriate adult,Drama
appropriate adult,Mystery
detective chinatown 1900,Comedy
detective chinatown 1900,Drama
detective chinatown 1900,Mystery
the negotiation,Action
the negotiation,Crime
the negotiation,Drama
the lord of the rings: the fellowship of the ring,Adventure
the lord of the rings: the fellowship of the ring,Drama
the lord of the rings: the fellowship of the ring,Fantasy
the room,Drama
"girl, interrupted",Biography
"girl, interrupted",Drama
the story of ming lan,Drama
the story of ming lan,History
the story of ming lan,Romance
the playroom,Drama
the playroom,Thriller
lost in the stars,Crime
lost in the stars,Drama
lost in the stars,Mystery
night swim,Horror
night swim,Mystery
night swim,Thriller
shin jigen! crayon shin-chan the movie,Action
shin jigen! crayon shin-chan the movie,Adventure
shin jigen! crayon shin-chan the movie,Animation
trust no one,Crime
trust no one,Documentary
the amazing world of gumball,Adventure
the amazing world of gumball,Animation
the amazing world of gumball,Comedy
rurouni kenshin: kyoto inferno,Action
rurouni kenshin: kyoto inferno,Adventure
rurouni kenshin: kyoto inferno,Drama
the snitch cartel: origins,Crime
the snitch cartel: origins,Drama
merlí. sapere aude,Comedy
merlí. sapere aude,Drama
the hand of god,Drama
salt,Action
salt,Thriller
till death,Horror
till death,Thriller
almost happy,Comedy
the hangover: part iii,Comedy
the hangover: part iii,Crime
chips,Action
chips,Comedy
chips,Crime
rebelde way,Adventure
rebelde way,Comedy
rebelde way,Drama
dota: dragon's blood,Action
dota: dragon's blood,Adventure
dota: dragon's blood,Animation
the dilemma,Documentary
the dilemma,Drama
precious cargo,Action
precious cargo,Comedy
precious cargo,Thriller
my big fat greek wedding 2,Comedy
my big fat greek wedding 2,Romance
look away,Biography
look away,Drama
look away,Romance
hold tight,Crime
hold tight,Drama
hold tight,Mystery
fifty shades of grey,Drama
fifty shades of grey,Romance
fifty shades of grey,Thriller
london has fallen,Action
london has fallen,Thriller
"boo, bitch",Comedy
"boo, bitch",Drama
"boo, bitch",Fantasy
this is the end,Comedy
this is the end,Fantasy
this is the end,Sci-Fi
us,Crime
us,Drama
us,Mystery
hellboy: the crooked man,Action
hellboy: the crooked man,Adventure
hellboy: the crooked man,Fantasy
running with the devil,Crime
running with the devil,Drama
running with the devil,Thriller
10 things i hate about you,Comedy
10 things i hate about you,Drama
10 things i hate about you,Romance
the karate kid part ii,Action
the karate kid part ii,Family
the karate kid part ii,Sport
maid in manhattan,Comedy
maid in manhattan,Drama
maid in manhattan,Romance
paddington,Adventure
paddington,Comedy
paddington,Family
la reina del sur,Action
la reina del sur,Crime
la reina del sur,Drama
the boss,Adventure
the boss,Animation
the boss,Comedy
beautiful creatures,Drama
beautiful creatures,Fantasy
beautiful creatures,Romance
chokehold,Drama
chokehold,Thriller
in this corner of the world,Animation
in this corner of the world,Drama
in this corner of the world,History
the year i started masturbating,Comedy
the year i started masturbating,Drama
delicious romance,Comedy
delicious romance,Romance
house of sims,Reality-TV
fighting with my family,Biography
fighting with my family,Comedy
fighting with my family,Drama
pui pui molcar the movie: molmax,Adventure
pui pui molcar the movie: molmax,Animation
pui pui molcar the movie: molmax,Comedy
u.s. marshals,Action
u.s. marshals,Crime
u.s. marshals,Thriller
gangs of london,Action
gangs of london,Crime
gangs of london,Drama
dangerous,Action
dangerous,Crime
dangerous,Drama
yes man,Comedy
yes man,Romance
backlash,Drama
backlash,Western
ghost town,Comedy
ghost town,Drama
ghost town,Fantasy
ayaanle,Drama
part-time spy,Action
part-time spy,Comedy
too hot to handle: brazil,Game-Show
too hot to handle: brazil,Reality-TV
too hot to handle: brazil,Romance
boomika,Horror
not others,Comedy
not others,Drama
not others,History
decoupled,Comedy
decoupled,Drama
code name: the cleaner,Action
code name: the cleaner,Comedy
code name: the cleaner,Crime
she,Crime
she,Drama
she,Mystery
doll house,Action
doll house,Drama
doll house,Thriller
chillin' in another world with level 2 super cheat powers,Adventure
chillin' in another world with level 2 super cheat powers,Animation
chillin' in another world with level 2 super cheat powers,Comedy
an action hero,Action
an action hero,Comedy
an action hero,Crime
the romantics,Comedy
the romantics,Drama
the romantics,Romance
budapest,Comedy
budapest,Drama
pearl,Action
pearl,Adventure
pearl,Fantasy
dinner for schmucks,Comedy
detective anna,Crime
detective anna,Fantasy
detective anna,Mystery
wise guys,Comedy
wise guys,Crime
marriage proposal,Drama
marriage proposal,Romance
goodbye julia,Drama
winter dream,Sci-Fi
mo,Adventure
mo,Animation
mo,Comedy
strawman,Comedy
strawman,Drama
strawman,History
screw mickiewicz,Comedy
screw mickiewicz,Drama
ip man 4: the finale,Action
ip man 4: the finale,Biography
ip man 4: the finale,Drama
hunter's prayer,Action
hunter's prayer,Thriller
how to be yours,Romance
cult of chucky,Horror
cult of chucky,Thriller
the forgiven,Drama
groundhog day,Comedy
groundhog day,Drama
groundhog day,Fantasy
the hardest hour,Documentary
labor day,Crime
labor day,Drama
labor day,Romance
h2o: just add water,Adventure
h2o: just add water,Comedy
h2o: just add water,Drama
havel,Comedy
havel,Thriller
shazam!,Action
shazam!,Adventure
shazam!,Comedy
wild abandon,Comedy
wild abandon,Drama
killerman,Action
killerman,Thriller
the white princess,Drama
the white princess,History
the white princess,Romance
heartsong,Comedy
heartsong,Drama
heartsong,Music
if only,Comedy
if only,Drama
if only,Fantasy
crush,Drama
crush,Romance
crush,Sport
recep i̇vedik 6,Comedy
masha and the bear,Adventure
masha and the bear,Animation
masha and the bear,Comedy
ranveer vs wild with bear grylls,Documentary
no escape room,Reality-TV
little italy,Comedy
little italy,Romance
the replacement killers,Action
the replacement killers,Crime
the replacement killers,Thriller
seeking justice,Action
seeking justice,Drama
seeking justice,Mystery
sissi,Comedy
sissi,Drama
sissi,History
bibi blocksberg and the secret of blue owls,Comedy
bibi blocksberg and the secret of blue owls,Family
bibi blocksberg and the secret of blue owls,Fantasy
no sudden move,Crime
no sudden move,Drama
no sudden move,Mystery
wunderschön,Comedy
wunderschön,Drama
the twilight saga: breaking dawn: part 1,Adventure
the twilight saga: breaking dawn: part 1,Drama
the twilight saga: breaking dawn: part 1,Fantasy
unsane,Drama
unsane,Horror
unsane,Mystery
the big wedding,Comedy
the big wedding,Drama
the big wedding,Romance
chief of station,Action
chief of station,Thriller
anonymously yours,Drama
anonymously yours,Romance
waves,Action
waves,Adventure
waves,Sci-Fi
backtrace,Crime
backtrace,Drama
backtrace,Thriller
la piloto,Action
la piloto,Drama
toy boy,Crime
toy boy,Drama
toy boy,Thriller
mad money,Comedy
mad money,Crime
mad money,Thriller
the next karate kid,Action
the next karate kid,Drama
the next karate kid,Family
god's favorite idiot,Comedy
god's favorite idiot,Fantasy
i see you,Horror
i see you,Mystery
i see you,Thriller
the obscure spring,Drama
heroic losers,Adventure
heroic losers,Comedy
heroic losers,Crime
heather mcmahan: son i never had,Comedy
heather mcmahan: son i never had,Documentary
behind her eyes,Drama
behind her eyes,Mystery
behind her eyes,Thriller
the vince staples show,Biography
the vince staples show,Comedy
the vince staples show,Music
yoh! christmas,Comedy
yoh! christmas,Romance
due date,Comedy
due date,Drama
moving on,Crime
moving on,Drama
moving on,Thriller
blitz,Action
blitz,Adventure
blitz,Crime
the secret,Action
the secret,Adventure
the secret,Comedy
ice soldiers,Action
ice soldiers,Sci-Fi
ice soldiers,Thriller
hope springs,Comedy
hope springs,Drama
hope springs,Romance
hell or high water,Crime
hell or high water,Drama
hell or high water,Thriller
welcome to the punch,Action
welcome to the punch,Crime
welcome to the punch,Thriller
home invasion,Comedy
home invasion,Romance
home invasion,Thriller
baby ruby,Drama
baby ruby,Horror
baby ruby,Thriller
capital,Crime
capital,Documentary
capital,History
maktub,Comedy
maktub,Drama
caramel,Comedy
caramel,Drama
caramel,Romance
zoolander,Comedy
naked gun 33 1/3: the final insult,Comedy
naked gun 33 1/3: the final insult,Crime
salma's home,Drama
masked ward,Thriller
closed ward,Drama
drowning love,Drama
drowning love,Romance
the lost king,Action
the lost king,Adventure
the lost king,Fantasy
japan sinks: people of hope,Adventure
japan sinks: people of hope,Drama
japan sinks: people of hope,Sci-Fi
silver spoon,Comedy
silver spoon,Family
iron man,Action
iron man,Adventure
iron man,Sci-Fi
the journalist,Drama
the journalist,Thriller
hope,Action
hope,Adventure
hope,Fantasy
sket dance,Animation
sket dance,Comedy
sket dance,Drama
extraordinary you,Comedy
extraordinary you,Fantasy
extraordinary you,Romance
mio's cookbook,Drama
kasane,Action
kasane,Drama
kasane,Fantasy
psycho-pass: the movie,Action
psycho-pass: the movie,Animation
psycho-pass: the movie,Crime
the fable: the killer who doesn't kill,Action
the fable: the killer who doesn't kill,Comedy
the fable: the killer who doesn't kill,Mystery
winny,Animation
winny,Comedy
winny,Family
samurai's promise,Action
samurai's promise,History
samurai's promise,Romance
romantic killer,Animation
romantic killer,Comedy
romantic killer,Drama
ikebukuro west gate park,Action
ikebukuro west gate park,Comedy
ikebukuro west gate park,Crime
whale store xoxo,Romance
lazarus,Horror
lazarus,Mystery
lazarus,Sci-Fi
rascal does not dream of bunny girl senpai,Animation
rascal does not dream of bunny girl senpai,Drama
rascal does not dream of bunny girl senpai,Fantasy
renfield,Action
renfield,Comedy
renfield,Fantasy
wedding high,Comedy
wedding high,Drama
wedding high,Romance
yizo yizo,Drama
blessers,Adventure
blessers,Animation
blessers,Fantasy
hush,Horror
hush,Thriller
soweto blaze,Comedy
"bob ross: happy accidents, betrayal & greed",Documentary
the party,Comedy
the party,Romance
pretty proofreader,Comedy
pretty proofreader,Drama
the rational life,Drama
the rational life,Romance
train to busan,Action
train to busan,Horror
train to busan,Thriller
meet yourself,Drama
meet yourself,Romance
theera kadhal,Drama
theera kadhal,Romance
born in gaza,Documentary
spider in the web,Action
spider in the web,Adventure
spider in the web,Crime
my father is an airplane,Drama
divorce attorney shin,Drama
mat tudung begins,Comedy
mat tudung begins,Romance
kau vs aku,Drama
kau vs aku,Romance
vanished,Crime
vanished,Drama
vanished,Mystery
rambut kafan,Drama
rambut kafan,Horror
kahar: kapla high council,Action
kahar: kapla high council,Crime
kahar: kapla high council,Drama
hachi: a dog's tale,Biography
hachi: a dog's tale,Drama
hachi: a dog's tale,Family
ejen ali: the movie 2,Action
ejen ali: the movie 2,Adventure
ejen ali: the movie 2,Animation
grown ups,Comedy
hotel sakura,Drama
hotel sakura,Horror
hotel sakura,Mystery
cube,Horror
cube,Mystery
cube,Sci-Fi
pamali: the little devil,Horror
pamali: the little devil,Mystery
oddballs,Adventure
oddballs,Family
30. march,Crime
30. march,Drama
30. march,Mystery
the time it takes,Drama
the time it takes,Romance
the time it takes,Short
the old way,Action
the old way,Drama
the old way,Western
in hell,Action
in hell,Drama
in hell,Thriller
sous le même toit,Comedy
sous le même toit,Family
six nations: full contact,Documentary
six nations: full contact,Sport
the legend of the blue sea,Comedy
the legend of the blue sea,Drama
the legend of the blue sea,Fantasy
beastie boys,Biography
beastie boys,Documentary
beastie boys,Music
"un gars, une fille",Comedy
"un gars, une fille",Family
"un gars, une fille",Romance
tazza: the high rollers,Comedy
tazza: the high rollers,Crime
high cookie,Talk-Show
200 pounds beauty,Comedy
200 pounds beauty,Drama
200 pounds beauty,Music
sleight,Crime
sleight,Drama
sleight,Sci-Fi
a-list to playlist,Reality-TV
parole examiner lee,Crime
parole examiner lee,Drama
parole examiner lee,Mystery
the witch,Action
the witch,Adventure
the witch,Drama
"marry me, dude",Comedy
"marry me, dude",Romance
the crew,Action
the crew,Comedy
the crew,Crime
early birds,Comedy
cuffs,Action
cuffs,Crime
cuffs,Drama
finding mom,Comedy
finding mom,Documentary
love island australia,Reality-TV
les segpa au ski,Comedy
don,Drama
don,Mystery
don,Sci-Fi
words on bathroom walls,Drama
words on bathroom walls,Romance
the professionals,Action
the professionals,Crime
the professionals,Drama
another lottery ticket,Comedy
adela,Comedy
adela,Crime
adela,Fantasy
operation hyacinth,Crime
operation hyacinth,Drama
operation hyacinth,Thriller
mighty morphin power rangers: once & always,Action
mighty morphin power rangers: once & always,Adventure
mighty morphin power rangers: once & always,Drama
litrato,Drama
the devil's bride,Horror
the devil's bride,Thriller
the case of iwona wieczorek,Reality-TV
shrew,Comedy
shrew,Drama
shrew,Romance
the fabulous filipino brothers,Comedy
the fabulous filipino brothers,Drama
the fabulous filipino brothers,Romance
the chambermaid,Drama
mr. & mrs. stodola,Crime
mr. & mrs. stodola,Drama
whiskey tango foxtrot,Biography
whiskey tango foxtrot,Comedy
whiskey tango foxtrot,Drama
demolition man,Action
demolition man,Sci-Fi
demolition man,Thriller
last stop 174,Crime
last stop 174,Drama
last stop 174,Thriller
boogie,Drama
oh my venus,Comedy
oh my venus,Drama
oh my venus,Romance
when i met you in tokyo,Comedy
when i met you in tokyo,Drama
when i met you in tokyo,Romance
nosferatu,Fantasy
nosferatu,Horror
nosferatu,Mystery
most eligible bachelor,Drama
most eligible bachelor,Romance
falling into your smile,Comedy
falling into your smile,Drama
falling into your smile,Romance
stand by me doraemon,Animation
stand by me doraemon,Comedy
stand by me doraemon,Drama
never back down,Action
never back down,Drama
never back down,Sport
school of magical animals,Adventure
school of magical animals,Family
school of magical animals,Musical
the knight of shadows: between yin and yang,Action
the knight of shadows: between yin and yang,Adventure
the knight of shadows: between yin and yang,Comedy
bachna ae haseeno,Comedy
bachna ae haseeno,Drama
bachna ae haseeno,Romance
oh belinda,Comedy
oh belinda,Fantasy
summer of '92,Biography
summer of '92,Comedy
summer of '92,Drama
recep ivedik 7,Comedy
duplex,Comedy
the art of war,Action
the art of war,Adventure
the art of war,Crime
the priest's children,Comedy
the priest's children,Drama
the fast and the furious: tokyo drift,Action
the fast and the furious: tokyo drift,Crime
the fast and the furious: tokyo drift,Thriller
light of my lion,Drama
light of my lion,Family
light of my lion,Mystery
g-men,Crime
g-men,Drama
g-men,Film-Noir
20th century boys 1: beginning of the end,Adventure
20th century boys 1: beginning of the end,Fantasy
20th century boys 1: beginning of the end,Mystery
riverside mukolitta,Drama
riverside mukolitta,Family
"caution, hazardous wife: the movie",Action
"caution, hazardous wife: the movie",Adventure
"caution, hazardous wife: the movie",Drama
brother of the year,Comedy
brother of the year,Drama
brother of the year,Romance
escort,Comedy
escort,Drama
escort,Romance
my love story!!,Animation
my love story!!,Comedy
my love story!!,Romance
to be continued,Comedy
the last house on the left,Horror
the last house on the left,Thriller
plan 75,Drama
plan 75,Sci-Fi
it all ends here,Crime
it all ends here,Drama
it all ends here,Romance
the deer king,Action
the deer king,Adventure
the deer king,Animation
the autopsy of jane doe,Horror
the autopsy of jane doe,Mystery
the autopsy of jane doe,Thriller
"from today, it's my turn!!: the movie",Action
"from today, it's my turn!!: the movie",Adventure
"from today, it's my turn!!: the movie",Comedy
some like it rare,Comedy
some like it rare,Horror
smugglers,Action
smugglers,Crime
haw,Action
haw,Drama
haw,History
the last wife,Drama
the last wife,Romance
gamera -rebirth-,Action
gamera -rebirth-,Drama
gamera -rebirth-,Fantasy
pending train,Drama
pending train,Sci-Fi
pending train,Thriller
ariyoshi assists,Comedy
ariyoshi assists,Reality-TV
ranking of kings,Action
ranking of kings,Adventure
ranking of kings,Animation
the 47 ronin in debt,Comedy
the 47 ronin in debt,History
the mole song: undercover agent reiji,Action
the mole song: undercover agent reiji,Comedy
the mole song: undercover agent reiji,Crime
twilight: saya in sasara,Drama
between walls,Drama
between walls,Romance
shiva baby,Comedy
shiva baby,Drama
the whistleblower,Biography
the whistleblower,Crime
the whistleblower,Drama
radio,Biography
radio,Drama
radio,Sport
the green glove gang,Comedy
the green glove gang,Crime
too hot to handle: spain,Game-Show
too hot to handle: spain,Reality-TV
uma quase dupla,Action
uma quase dupla,Comedy
uma quase dupla,Crime
excuse my french,Comedy
excuse my french,Drama
last chance u: basketball,Documentary
last chance u: basketball,Sport
the journey,Adventure
the journey,Fantasy
freeridge,Comedy
freeridge,Drama
freeridge,Mystery
friday night dinner,Comedy
outnumbered,Comedy
outnumbered,Drama
honour,Action
honour,Crime
honour,Drama
the nobody zone: interview with an irish serial killer,Documentary
vertigo,Mystery
vertigo,Romance
vertigo,Thriller
without a paddle,Adventure
without a paddle,Comedy
without a paddle,Mystery
state of emergency,Horror
state of emergency,Sci-Fi
state of emergency,Thriller
project gutenberg,Action
project gutenberg,Crime
project gutenberg,Mystery
rabies,Horror
monte carlo,Adventure
monte carlo,Comedy
monte carlo,Family
new in town,Comedy
new in town,Romance
the specialist,Action
the specialist,Drama
the specialist,Thriller
showtime,Action
showtime,Comedy
showtime,Crime
rookie blue,Action
rookie blue,Crime
rookie blue,Drama
the family man,Comedy
the family man,Drama
the family man,Fantasy
vermines,Animation
vermines,Comedy
vermines,Crime
diana: the woman inside,Documentary
spawn,Action
spawn,Crime
spawn,Drama
the immaculate room,Drama
the immaculate room,Thriller
child 44,Crime
child 44,Drama
child 44,History
dolce amore,Comedy
dolce amore,Drama
dolce amore,Romance
love child,Drama
rubble & crew,Animation
el greco,Biography
el greco,Drama
butcher's crossing,Adventure
butcher's crossing,Drama
butcher's crossing,Western
american pie 2,Comedy
members only: palm beach,Reality-TV
anything for a pop star,Comedy
anything for a pop star,Music
everything must go,Comedy
everything must go,Drama
without warning,Horror
without warning,Sci-Fi
without warning,Thriller
piranha,Comedy
piranha,Horror
scarecrow,Drama
bittersweet sixteen,Comedy
bittersweet sixteen,Drama
unfriended: dark web,Horror
unfriended: dark web,Mystery
unfriended: dark web,Thriller
bigfoot family,Adventure
bigfoot family,Animation
bigfoot family,Family
jfk,Drama
jfk,History
jfk,Thriller
perfume: the story of a murderer,Crime
perfume: the story of a murderer,Drama
perfume: the story of a murderer,Fantasy
hunt for the wilderpeople,Adventure
hunt for the wilderpeople,Comedy
hunt for the wilderpeople,Drama
jumanji,Action
jumanji,Adventure
jumanji,Comedy
justice league,Action
justice league,Adventure
justice league,Fantasy
neal brennan: crazy good,Comedy
neal brennan: crazy good,Documentary
here,Drama
here,Horror
here,Mystery
night creatures,Action
night creatures,Adventure
night creatures,Drama
the women,Comedy
the women,Drama
the final destination,Horror
the final destination,Thriller
the unbearable weight of massive talent,Action
the unbearable weight of massive talent,Comedy
the unbearable weight of massive talent,Crime
thimmarusu,Drama
gaston lagaffe,Adventure
gaston lagaffe,Comedy
community,Comedy
ok jaanu,Drama
ok jaanu,Romance
the forest,Horror
the forest,Mystery
the forest,Thriller
three of us,Drama
three of us,Romance
kuyang,Drama
kuyang,Horror
kuyang,Thriller
christmas in love,Comedy
christmas in love,Romance
salaam namaste,Comedy
salaam namaste,Drama
salaam namaste,Romance
seinfeld,Comedy
night drive,Crime
night drive,Drama
night drive,Film-Noir
alvin and the chipmunks,Adventure
alvin and the chipmunks,Animation
alvin and the chipmunks,Comedy
priscilla,Comedy
priscilla,Music
rocknrolla,Action
rocknrolla,Crime
rocknrolla,Thriller
the way back,Comedy
the way back,Drama
out of the furnace,Crime
out of the furnace,Drama
out of the furnace,Thriller
edge of the world,Adventure
edge of the world,Drama
fired up!,Comedy
fired up!,Sport
home sweet hell,Comedy
home sweet hell,Crime
home sweet hell,Horror
wicked little letters,Biography
wicked little letters,Comedy
wicked little letters,Crime
june again,Drama
knockaround guys,Crime
knockaround guys,Drama
knockaround guys,Thriller
danger close,Action
danger close,Drama
danger close,War
the war with grandpa,Comedy
the war with grandpa,Drama
the war with grandpa,Family
fred claus,Comedy
fred claus,Family
fred claus,Fantasy
24 hours to live,Action
24 hours to live,Sci-Fi
24 hours to live,Thriller
the bag man,Action
the bag man,Crime
the bag man,Drama
6 below: miracle on the mountain,Biography
6 below: miracle on the mountain,Drama
6 below: miracle on the mountain,Sport
monk comes down the mountain,Action
monk comes down the mountain,Adventure
monk comes down the mountain,Comedy
the kill room,Mystery
the kill room,Thriller
harem,Drama
harem,History
buckley's chance,Family
my first client,Crime
my first client,Drama
the good mother,Action
the good mother,Adventure
the good mother,Animation
one outs,Drama
one outs,Horror
one outs,Mystery
pawno,Comedy
pawno,Drama
pawno,Romance
a stitch in time,Comedy
my (im)perfect family,Drama
gran torino,Drama
laplace's witch,Drama
laplace's witch,Mystery
laplace's witch,Thriller
the face thailand,Reality-TV
scouts guide to the zombie apocalypse,Action
scouts guide to the zombie apocalypse,Comedy
scouts guide to the zombie apocalypse,Horror
roppongi class,Drama
el chavo,Comedy
el chavo,Family
innocent witness,Crime
innocent witness,Drama
innocent witness,Mystery
the sunday runoff,Comedy
proud mary,Action
proud mary,Crime
proud mary,Drama
kutukan ilmu hitam,Horror
the killing kind,Mystery
the killing kind,Thriller
see her again,Drama
see her again,Fantasy
see her again,Thriller
the house,Action
the house,Adventure
the house,Drama
tughlaq durbar,Comedy
tughlaq durbar,Drama
tughlaq durbar,Thriller
are we done yet?,Comedy
are we done yet?,Family
the dressmaker,Comedy
the dressmaker,Drama
88 minutes,Crime
88 minutes,Drama
88 minutes,Mystery
bull,Action
bull,Comedy
bull,Thriller
we can be heroes,Action
we can be heroes,Animation
we can be heroes,Comedy
vinland saga,Action
vinland saga,Adventure
vinland saga,Animation
thar,Action
thar,Crime
thar,Drama
unplugging,Drama
unplugging,Music
eurotrip,Comedy
our happy holiday,Comedy
babysitting 2,Comedy
alice,Adventure
alice,Family
alice,Fantasy
case départ,Comedy
marry me again?,Comedy
hereditary,Drama
hereditary,Horror
hereditary,Mystery
jigsaw,Horror
jigsaw,Mystery
jigsaw,Thriller
ducobu 3,Comedy
ducobu 3,Family
skull island,Action
skull island,Adventure
skull island,Fantasy
the inmate,Drama
the inmate,Thriller
coda,Comedy
coda,Drama
coda,Music
my son,Drama
my son,Family
too old for fairy tales,Comedy
too old for fairy tales,Family
love at first stream,Comedy
love at first stream,Drama
love at first stream,Romance
the november man,Action
the november man,Adventure
the november man,Crime
crosspoint,Action
crosspoint,Drama
crosspoint,Thriller
lockdown,Action
lockdown,Crime
lockdown,Drama
perfect strangers,Comedy
perfect strangers,Drama
perfect strangers,Thriller
suicide squad,Action
suicide squad,Adventure
suicide squad,Fantasy
i am jo,Animation
i am jo,Biography
i am jo,Documentary
the mystery of green hill,Family
black night,Drama
black night,Horror
black night,Thriller
crazy/beautiful,Drama
crazy/beautiful,Romance
maestro,Biography
maestro,Drama
maestro,History
antz,Adventure
antz,Animation
antz,Comedy
the lord of the seagulls,Drama
girl,Drama
girl,Mystery
girl,Thriller
parish,Crime
parish,Drama
parish,Thriller
villains,Action
villains,Crime
villains,Drama
"9,75",Drama
big picnic,Comedy
big picnic,Music
love me instead,Drama
the good liar,Crime
the good liar,Drama
the good liar,Mystery
vitya,Comedy
love's kitchen,Comedy
love's kitchen,Drama
love's kitchen,Romance
this is us,Comedy
this is us,Drama
this is us,Romance
orphan: first kill,Crime
orphan: first kill,Drama
orphan: first kill,Horror
maksym osa,History
maksym osa,Mystery
maksym osa,Thriller
enough said,Comedy
enough said,Drama
enough said,Romance
brand new cherry flavor,Drama
brand new cherry flavor,Horror
brand new cherry flavor,Mystery
"i, frankenstein",Action
"i, frankenstein",Fantasy
"i, frankenstein",Sci-Fi
intervenção,Drama
lord of war,Crime
lord of war,Drama
"hello, love, goodbye",Drama
"hello, love, goodbye",Romance
mf ghost,Action
mf ghost,Animation
mf ghost,Sport
easy a,Comedy
easy a,Drama
easy a,Romance
the brutalist,Drama
rdx,Action
rdx,Adventure
burlesque,Drama
burlesque,Music
burlesque,Musical
my oni girl,Adventure
my oni girl,Animation
my oni girl,Drama
the call,Drama
the call,Thriller
looop lapeta,Action
looop lapeta,Comedy
looop lapeta,Crime
silent night,Action
silent night,Crime
silent night,Drama
the mystery of her,Drama
mimi,Horror
mimi,Sci-Fi
the vanishing,Crime
the vanishing,Drama
the vanishing,Mystery
murder on the doorstep,Crime
murder on the doorstep,Documentary
a mother's son,Drama
a mother's son,Thriller
anacondas: the hunt for the blood orchid,Action
anacondas: the hunt for the blood orchid,Adventure
anacondas: the hunt for the blood orchid,Horror
open your eyes,Drama
open your eyes,Mystery
open your eyes,Sci-Fi
wwe summerslam,Action
wwe summerslam,Sport
reborn,Action
reborn,Adventure
reborn,Comedy
"the healer who was banished from his party, is, in fact, the strongest",Action
"the healer who was banished from his party, is, in fact, the strongest",Adventure
"the healer who was banished from his party, is, in fact, the strongest",Animation
death at a funeral,Comedy
alya sometimes hides her feelings in russian,Animation
alya sometimes hides her feelings in russian,Comedy
alya sometimes hides her feelings in russian,Romance
ladies in black,Comedy
ladies in black,Drama
ladies in black,Romance
one piece stampede,Action
one piece stampede,Adventure
one piece stampede,Animation
a confession,Biography
a confession,Comedy
a confession,Crime
in the name of god: a holy betrayal,Crime
in the name of god: a holy betrayal,Documentary
dreamy eyes,Drama
dreamy eyes,Romance
savage salvation,Action
savage salvation,Thriller
damaged,Action
damaged,Drama
damaged,Thriller
wild rose,Drama
wild rose,Music
vagabond,Drama
revolver,Action
revolver,Crime
revolver,Drama
a wedding for christmas,Romance
permitidos,Comedy
permitidos,Romance
troy,Action
troy,Adventure
troy,Drama
dream house,Drama
dream house,Mystery
dream house,Thriller
the prince,Action
the prince,Adventure
the prince,Family
joy ride,Mystery
joy ride,Thriller
trouble with the curve,Drama
trouble with the curve,Romance
trouble with the curve,Sport
ride like a girl,Biography
ride like a girl,Drama
ride like a girl,Sport
true colours,Crime
dark desire,Crime
dark desire,Drama
dark desire,Mystery
margin call,Drama
margin call,Thriller
summer love,Drama
summer love,Romance
big eyes,Biography
big eyes,Crime
big eyes,Drama
autumn and the black jaguar,Adventure
autumn and the black jaguar,Comedy
autumn and the black jaguar,Family
guglhupfgeschwader,Comedy
guglhupfgeschwader,Crime
the town of headcounts,Drama
the town of headcounts,Mystery
corpse bride,Animation
corpse bride,Comedy
corpse bride,Drama
effie gray,Biography
effie gray,Drama
effie gray,Romance
mystic river,Crime
mystic river,Drama
mystic river,Mystery
the peanuts movie,Adventure
the peanuts movie,Animation
the peanuts movie,Comedy
timelesz project -real-,Documentary
timelesz project -real-,Reality-TV
the walk-in,Drama
the walk-in,Romance
turkish for beginners,Adventure
turkish for beginners,Comedy
the other one,Action
the other one,Mystery
the other one,Thriller
premium rush,Action
premium rush,Thriller
the hungry and the hairy,Reality-TV
30 minutes or less,Action
30 minutes or less,Comedy
30 minutes or less,Crime
ah girls go army,Comedy
ah girls go army,Drama
dirty grandpa,Comedy
dange,Action
dange,Crime
dange,Drama
the railway children return,Adventure
the railway children return,Drama
the railway children return,Family
let's dance,Comedy
let's dance,Drama
let's dance,Family
orphan black,Drama
orphan black,Sci-Fi
orphan black,Thriller
luccas neto em: o mapa do tesouro 2,Family
divorce french style,Comedy
divorce french style,Drama
divorce french style,Romance
desperation road,Action
desperation road,Crime
desperation road,Drama
yo mama,Comedy
42,Biography
42,Drama
42,Sport
the sacrifice,Drama
luccas neto em: duas babás muito esquisitas,Comedy
birthday wishes,Horror
in between,Drama
in between,Fantasy
in between,Romance
one second,Comedy
one second,Drama
one second,History
it's okay to not be okay,Comedy
it's okay to not be okay,Drama
it's okay to not be okay,Romance
the 355,Action
the 355,Thriller
higuita: the way of the scorpion,Documentary
higuita: the way of the scorpion,Sport
human capital,Crime
human capital,Drama
mrs playmen,Biography
mrs playmen,Drama
mrs playmen,History
i can only imagine,Biography
i can only imagine,Drama
i can only imagine,Family
the road to el dorado,Adventure
the road to el dorado,Animation
the road to el dorado,Comedy
the cheating game,Drama
the cheating game,Romance
adored,Drama
adored,Romance
the great canadian baking show,Game-Show
the great canadian baking show,Reality-TV
unreal copout,Comedy
fanfic,Drama
man on pause,Comedy
man on pause,Drama
gierek,Biography
gierek,Drama
the conjuring 2,Horror
the conjuring 2,Mystery
the conjuring 2,Thriller
rise of empires: ottoman,Documentary
rise of empires: ottoman,Drama
rise of empires: ottoman,History
plaha,Action
plaha,Biography
plaha,Drama
mo amer: wild world,Comedy
"crazy, stupid, love.",Comedy
"crazy, stupid, love.",Drama
"crazy, stupid, love.",Romance
open season,Adventure
open season,Animation
open season,Comedy
dances with the jackals 6,Action
dances with the jackals 6,Comedy
the ledge,Drama
the ledge,Romance
the ledge,Thriller
the fakenapping,Comedy
cbi 5: the brain,Crime
cbi 5: the brain,Mystery
cbi 5: the brain,Thriller
elephant white,Action
elephant white,Crime
elephant white,Thriller
the grey,Action
the grey,Adventure
the grey,Drama
inkabi,Action
waktu maghrib 2,Horror
waktu maghrib 2,Mystery
waktu maghrib 2,Thriller
mowgli: legend of the jungle,Adventure
mowgli: legend of the jungle,Drama
mowgli: legend of the jungle,Fantasy
korean fried chicken rhapsody,Documentary
the space between the lines,Drama
the space between the lines,Romance
flight to you,Drama
flight to you,Romance
trivisa,Crime
trivisa,Drama
the twilight saga: new moon,Adventure
the twilight saga: new moon,Drama
the twilight saga: new moon,Fantasy
sarafina!,Drama
sarafina!,Musical
mr. church,Comedy
mr. church,Drama
girls trip,Adventure
girls trip,Comedy
girls trip,Drama
a chinese odyssey (part i),Action
a chinese odyssey (part i),Adventure
a chinese odyssey (part i),Comedy
the transporter refueled,Action
the transporter refueled,Thriller
morphle,Adventure
morphle,Animation
morphle,Family
forrest gump,Drama
forrest gump,Romance
love in contract,Comedy
love in contract,Drama
love in contract,Romance
no tears for the dead,Action
no tears for the dead,Crime
no tears for the dead,Drama
trust,Crime
trust,Drama
trust,Mystery
remember,Biography
remember,Comedy
remember,Drama
kangaroo island,Comedy
kangaroo island,Drama
in his chart,Drama
perfect marriage revenge,Drama
perfect marriage revenge,Fantasy
perfect marriage revenge,Romance
ron kamonohashi's forbidden deductions,Animation
ron kamonohashi's forbidden deductions,Comedy
ron kamonohashi's forbidden deductions,Crime
hometown,Comedy
hometown,Drama
hometown,Romance
the miracle club,Comedy
the miracle club,Drama
siberia,Crime
siberia,Drama
siberia,Romance
next door,Comedy
next door,Drama
next door,Romance
dough,Drama
dough,Thriller
insider,Adventure
insider,Animation
insider,Comedy
the mayor,Animation
the mayor,Comedy
green mothers' club,Drama
green mothers' club,Mystery
assassin club,Action
assassin club,Thriller
dark figure of crime,Crime
dark figure of crime,Drama
dark figure of crime,Thriller
the disappointments room,Drama
the disappointments room,Horror
the disappointments room,Thriller
a violent prosecutor,Action
a violent prosecutor,Comedy
a violent prosecutor,Crime
fire,Action
fire,Adventure
fire,Sci-Fi
mari(dos),Comedy
las abogadas,Biography
las abogadas,Drama
brocade odyssey,Drama
brocade odyssey,History
brocade odyssey,Romance
the story of xing fu,Drama
godzilla,Action
godzilla,Adventure
godzilla,Sci-Fi
the secret life of walter mitty,Adventure
the secret life of walter mitty,Comedy
the secret life of walter mitty,Drama
meet the blacks,Comedy
meet the blacks,Horror
cloudy with a chance of meatballs 2,Adventure
cloudy with a chance of meatballs 2,Animation
cloudy with a chance of meatballs 2,Comedy
no regrets in life,Drama
no regrets in life,Romance
harry potter and the goblet of fire,Adventure
harry potter and the goblet of fire,Family
harry potter and the goblet of fire,Fantasy
be together,Drama
be together,Romance
this is the goat!,Comedy
this is the goat!,History
ashman,Comedy
ashman,Fantasy
ashman,Sci-Fi
the departed,Crime
the departed,Drama
the departed,Thriller
wanderlust,Comedy
wanderlust,Romance
fire force,Action
fire force,Animation
fire force,Drama
the ultimate accessory,Comedy
padu,Action
padu,Drama
padu,Romance
solomon kane,Action
solomon kane,Adventure
solomon kane,Fantasy
night of hell,Horror
night of hell,Thriller
pitch perfect 2,Comedy
pitch perfect 2,Music
happy single,Comedy
happy single,Drama
the killing,Drama
the killing,Horror
the killing,Mystery
shina,Drama
gangs of godavari,Action
gangs of godavari,Crime
gangs of godavari,Drama
glória,Drama
glória,History
glória,Thriller
live from the other side with tyler henry,Talk-Show
3:10 to yuma,Action
3:10 to yuma,Crime
3:10 to yuma,Drama
tenant of the house,Comedy
to all the boys: always and forever,Comedy
to all the boys: always and forever,Drama
to all the boys: always and forever,Romance
your lucky day,Thriller
pluto,Action
pluto,Comedy
pluto,Sci-Fi
horrible bosses 2,Comedy
horrible bosses 2,Crime
seven doors,Comedy
seven doors,Crime
the siege of jadotville,Action
the siege of jadotville,Drama
the siege of jadotville,Thriller
love and monsters,Action
love and monsters,Adventure
love and monsters,Comedy
botched,Comedy
botched,Horror
botched,Thriller
next time i'll aim for the heart,Crime
next time i'll aim for the heart,Drama
next time i'll aim for the heart,Thriller
the maniacs,Animation
the maniacs,Drama
the maniacs,Horror
up for love,Comedy
up for love,Romance
from beijing with love,Action
from beijing with love,Comedy
from beijing with love,Thriller
the roundup: no way out,Action
the roundup: no way out,Crime
the roundup: no way out,Thriller
human resources,Animation
human resources,Comedy
human resources,Romance
the lucky one,Drama
the lucky one,Mystery
the lucky one,Romance
but what about tomi?,Drama
monster family 2,Animation
monster family 2,Comedy
monster family 2,Family
panda plan,Action
panda plan,Comedy
panda plan,Family
the zookeeper's wife,Biography
the zookeeper's wife,Drama
the zookeeper's wife,History
cross the line,Drama
cross the line,Thriller
pandemic,Action
pandemic,Horror
pandemic,Sci-Fi
dignitate,Drama
embattled,Action
embattled,Drama
embattled,Sport
lion's den,Crime
lion's den,Drama
deadly cuts,Comedy
the ride,Drama
the ride,Romance
daughter from another mother,Comedy
daughter from another mother,Drama
smiley,Comedy
oi vita mia,Comedy
all for love,Drama
lost paradise,Crime
lost paradise,Drama
lost paradise,History
in fuga con babbo natale,Comedy
thoroughbred,Comedy
thoroughbred,Crime
thoroughbred,Drama
red 2,Action
red 2,Comedy
red 2,Crime
photocopier,Crime
photocopier,Drama
photocopier,Mystery
celebration,Drama
the collini case,Crime
the collini case,Drama
the collini case,Thriller
black crow 2,Crime
the guide to the perfect family,Comedy
the guide to the perfect family,Drama
possibly the greatest alchemist of all time,Action
possibly the greatest alchemist of all time,Adventure
possibly the greatest alchemist of all time,Animation
snow man 1st stadium live snow world,Musical
living in two worlds,Drama
20th century boys 3: redemption,Adventure
20th century boys 3: redemption,Fantasy
the wrong way to use healing magic,Action
the wrong way to use healing magic,Animation
the wrong way to use healing magic,Comedy
all the long nights,Drama
mountain doctor,Drama
(ab)normal desire,Drama
failure frame: i became the strongest and annihilated everything with low-level spells,Action
failure frame: i became the strongest and annihilated everything with low-level spells,Adventure
failure frame: i became the strongest and annihilated everything with low-level spells,Animation
tsuyukusa,Drama
tsuyukusa,Romance
a sinister sect: colonia dignidad,Crime
a sinister sect: colonia dignidad,Documentary
judge dee's mystery,Drama
judge dee's mystery,History
judge dee's mystery,Mystery
bad blood,Crime
bad blood,Drama
fortune favors lady nikuko,Animation
fortune favors lady nikuko,Comedy
fortune favors lady nikuko,Drama
the knower,Action
the knower,Crime
the knower,Thriller
thermae romae novae,Animation
thermae romae novae,Comedy
thermae romae novae,Fantasy
death note,Animation
death note,Crime
death note,Drama
nice view,Comedy
nice view,Drama
the hating game,Comedy
the hating game,Romance
black out,Action
black out,Horror
black out,Sci-Fi
ben-hur,Adventure
ben-hur,Drama
beauty inside,Drama
beauty inside,Fantasy
beauty inside,Romance
the merciless,Action
the merciless,Crime
the merciless,Drama
grease,Comedy
grease,Musical
grease,Romance
let hoi decide,Comedy
let hoi decide,Romance
the chosen,Drama
the chosen,History
rojo carmesí,Drama
control z,Drama
control z,Thriller
the nun,Horror
the nun,Mystery
the nun,Thriller
the man who loved ufos,Biography
the man who loved ufos,Comedy
the man who loved ufos,Drama
the loch,Crime
the loch,Drama
the loch,Mystery
in the lost lands,Action
in the lost lands,Adventure
in the lost lands,Fantasy
esperando la carroza,Comedy
the cost,Action
the cost,Crime
the cost,Drama
black bag,Drama
black bag,Mystery
black bag,Romance
the virtuoso,Action
the virtuoso,Drama
the virtuoso,Thriller
william tell,Action
william tell,Biography
william tell,Drama
armor,Action
armor,Crime
armor,Mystery
angel has fallen,Action
angel has fallen,Thriller
runn,Action
runn,Drama
runn,Sci-Fi
high ground,Drama
public enemies,Biography
public enemies,Crime
public enemies,Drama
blackfish,Documentary
blackfish,Drama
blackfish,Thriller
king of collectibles: the goldin touch,Reality-TV
tom and jerry: the movie,Adventure
tom and jerry: the movie,Animation
tom and jerry: the movie,Comedy
self reliance,Comedy
self reliance,Thriller
traffik,Action
traffik,Thriller
drift,Action
drift,Crime
drift,Thriller
call my agent bollywood,Comedy
call my agent bollywood,Drama
click,Comedy
click,Drama
click,Fantasy
the tasters,Drama
the tasters,History
what women want,Comedy
what women want,Fantasy
what women want,Romance
urban legend,Horror
urban legend,Mystery
urban legend,Thriller
ek villain returns,Action
ek villain returns,Romance
ek villain returns,Thriller
doppelhaushälfte,Comedy
extinction,Action
extinction,Adventure
extinction,Comedy
archive,Drama
archive,Horror
archive,Mystery
postcards,Comedy
postcards,Drama
family camp,Comedy
family camp,Family
operation mayfair,Crime
operation mayfair,Thriller
iraivan,Action
iraivan,Crime
iraivan,Drama
austenland,Comedy
austenland,Romance
thundu,Action
thundu,Comedy
resident evil: apocalypse,Action
resident evil: apocalypse,Horror
resident evil: apocalypse,Sci-Fi
savages,Crime
savages,Drama
savages,Thriller
the irishman,Biography
the irishman,Crime
the irishman,Drama
national security,Action
national security,Comedy
national security,Crime
the thomas crown affair,Crime
the thomas crown affair,Romance
the thomas crown affair,Thriller
why him?,Comedy
situationship,Comedy
situationship,Romance
a simple lie,Comedy
a simple lie,Drama
fabulous lives of bollywood wives,Documentary
fabulous lives of bollywood wives,Reality-TV
fabulous lives of bollywood wives,Romance
overcomer,Drama
overcomer,Family
overcomer,Sport
a night at the kindergarten,Comedy
mujigae,Comedy
mujigae,Drama
mujigae,Family
temptation,Drama
night courier,Comedy
night courier,Crime
night courier,Drama
genie,Comedy
genie,Fantasy
in the cut,Mystery
in the cut,Thriller
notebook,Drama
notebook,Romance
the night clerk,Crime
the night clerk,Drama
the night clerk,Mystery
the game: you never play alone,Crime
the game: you never play alone,Mystery
the game: you never play alone,Thriller
ron's gone wrong,Adventure
ron's gone wrong,Animation
ron's gone wrong,Comedy
department,Crime
department,Drama
department,Thriller
rocket singh: salesman of the year,Comedy
rocket singh: salesman of the year,Drama
the game,Action
the game,Adventure
the game,Sci-Fi
styx,Action
styx,Adventure
styx,Drama
equilibrium,Action
equilibrium,Drama
equilibrium,Sci-Fi
mamma mia! here we go again,Comedy
mamma mia! here we go again,Musical
mamma mia! here we go again,Romance
scissor seven,Action
scissor seven,Adventure
scissor seven,Animation
don't blame the kid,Comedy
don't blame the kid,Romance
2012,Action
2012,Adventure
2012,Sci-Fi
open season 2,Adventure
open season 2,Animation
open season 2,Comedy
seberg,Biography
seberg,Drama
seberg,History
limitless,Sci-Fi
limitless,Thriller
the world is not enough,Action
the world is not enough,Adventure
the world is not enough,Thriller
maybe i do,Comedy
maybe i do,Romance
elite squad,Action
elite squad,Crime
elite squad,Drama
a cut above,Comedy
deepwater horizon,Action
deepwater horizon,Drama
deepwater horizon,History
the rewrite,Comedy
the rewrite,Romance
only the brave,Action
only the brave,Biography
only the brave,Drama
antarctica,Adventure
antarctica,Biography
antarctica,Documentary
3 days to kill,Action
3 days to kill,Drama
3 days to kill,Thriller
are you the one?,Game-Show
are you the one?,Reality-TV
are you the one?,Romance
the 7 lives of lea,Crime
the 7 lives of lea,Drama
the 7 lives of lea,Fantasy
lifeline,Drama
phoenix,Action
phoenix,Adventure
phoenix,Family
the naked director,Biography
the naked director,Drama
two types of people,Drama
shoky & morthy: last big thing,Comedy
shoky & morthy: last big thing,Mystery
shoky & morthy: last big thing,Thriller
gizemli ada: mençuna,Adventure
gizemli ada: mençuna,Comedy
gizemli ada: mençuna,Family
bayi ajaib,Horror
recep ivedik 4,Comedy
a round of applause,Drama
sliver,Drama
sliver,Thriller
faten amal harby,Drama
3 idiots,Comedy
3 idiots,Drama
a man wanted,Crime
a man wanted,Drama
a man wanted,Thriller
too much love,Comedy
abominable,Adventure
abominable,Animation
abominable,Comedy
hudson hawk,Action
hudson hawk,Adventure
hudson hawk,Comedy
run all night,Action
run all night,Crime
run all night,Thriller
ashfall,Action
ashfall,Sci-Fi
ashfall,Thriller
satan,Drama
larry crowne,Comedy
larry crowne,Drama
larry crowne,Romance
hobal,Drama
escalona,Adventure
escalona,Drama
escalona,Musical
istanbul encyclopedia,Drama
holidate,Comedy
holidate,Romance
the lord of the rings: the two towers,Adventure
the lord of the rings: the two towers,Drama
the lord of the rings: the two towers,Fantasy
lefter: the story of the ordinarius,Biography
lefter: the story of the ordinarius,Drama
lefter: the story of the ordinarius,History
black clover,Action
black clover,Adventure
black clover,Animation
house of lies,Comedy
house of lies,Drama
19b,Drama
dead man down,Action
dead man down,Adventure
dead man down,Crime
grey's anatomy,Drama
grey's anatomy,Romance
sampung utos kay josh,Comedy
sampung utos kay josh,Drama
sampung utos kay josh,Horror
green snake,Action
green snake,Adventure
green snake,Animation
the penthouse: war in life,Crime
the penthouse: war in life,Drama
the penthouse: war in life,Mystery
righteous kill,Crime
righteous kill,Mystery
righteous kill,Thriller
kiss in the wind,Romance
jade dynasty,Action
jade dynasty,Fantasy
jade dynasty,Romance
suntok sa buwan,Drama
suntok sa buwan,Sport
lies and deceit,Drama
lies and deceit,Romance
the incredible hulk,Action
the incredible hulk,Adventure
the incredible hulk,Sci-Fi
supergirl,Action
supergirl,Adventure
supergirl,Drama
the doll 3,Horror
the doll 3,Thriller
if beale street could talk,Drama
if beale street could talk,Romance
intimacy,Drama
intimacy,Romance
will you marry,Comedy
will you marry,Romance
my husband-in-law,Comedy
my husband-in-law,Drama
my husband-in-law,Family
penduko,Action
penduko,Adventure
penduko,Fantasy
people and gods,Adventure
shaman king,Action
shaman king,Adventure
shaman king,Animation
wild is the wind,Crime
wild is the wind,Drama
love me or leave me,Biography
love me or leave me,Drama
love me or leave me,Music
illusion,Drama
illusion,Fantasy
illusion,Mystery
ghost doctor,Comedy
ghost doctor,Fantasy
ghost doctor,Romance
faraaz,Action
faraaz,Thriller
thicker than water,Drama
fierce,Comedy
irresistible,Comedy
irresistible,Drama
it snows in benidorm,Drama
it snows in benidorm,Thriller
the deadly affair,Crime
the deadly affair,Drama
the deadly affair,Mystery
al-mizan,Crime
annabelle: creation,Horror
annabelle: creation,Mystery
annabelle: creation,Thriller
pamfir,Action
pamfir,Drama
pamfir,Thriller
"tinker, tailor, soldier, spy",Drama
"tinker, tailor, soldier, spy",Mystery
"tinker, tailor, soldier, spy",Thriller
obsessed,Drama
obsessed,Romance
obsessed,Thriller
the peanut butter falcon,Adventure
the peanut butter falcon,Comedy
the peanut butter falcon,Drama
john q,Crime
john q,Drama
john q,Thriller
tricky old dogs,Comedy
tricky old dogs,Drama
miss congeniality,Action
miss congeniality,Comedy
miss congeniality,Crime
simply black,Comedy
don't tell her,Comedy
don't tell her,Romance
golden shoes,Family
golden shoes,Sport
desperate measures,Action
desperate measures,Crime
desperate measures,Drama
debt fees,Comedy
the roommates party,Comedy
the roommates party,Drama
the cave,Adventure
the cave,Horror
the cave,Sci-Fi
jack whitehall: fatherhood with my father,Comedy
jack whitehall: fatherhood with my father,Documentary
accident man: hitman's holiday,Action
accident man: hitman's holiday,Comedy
accident man: hitman's holiday,Crime
the commando,Action
the commando,Thriller
deck the halls,Comedy
deck the halls,Family
the assistant,Action
the assistant,Adventure
the assistant,Fantasy
re/member,Drama
re/member,Horror
re/member,Mystery
qifarah,Horror
qifarah,Thriller
legasi: bomba the movie,Action
legasi: bomba the movie,Drama
legasi: bomba the movie,Thriller
emerald hill – the little nyonya story,Drama
urban myths,Adventure
urban myths,Biography
urban myths,Comedy
in blossom,Biography
in blossom,Drama
in blossom,Romance
'83,Drama
'83,History
'83,Sport
pop the balloon live,Reality-TV
at the moment,Drama
at the moment,Romance
nerve,Adventure
nerve,Crime
nerve,Drama
thai massage,Comedy
diary of a prosecutor,Drama
found,Biography
found,Drama
point break,Action
point break,Crime
point break,Thriller
mardaani 2,Action
mardaani 2,Crime
mardaani 2,Drama
snack shack,Comedy
snack shack,Drama
losing lerato 2,Action
losing lerato 2,Drama
losing lerato 2,Thriller
devil's advocate,Drama
devil's advocate,Fantasy
devil's advocate,Mystery
stander,Action
stander,Biography
stander,Crime
my lovely liar,Comedy
my lovely liar,Fantasy
my lovely liar,Mystery
cabriolet,Romance
alienoid: return to the future,Action
alienoid: return to the future,Fantasy
alienoid: return to the future,Sci-Fi
wwe wrestlepalooza,Sport
vicky and her mystery,Adventure
vicky and her mystery,Drama
vicky and her mystery,Family
the ambush,Action
the ambush,Crime
the ambush,Drama
the boys,Action
the boys,Comedy
the boys,Crime
veere di wedding,Comedy
good partner,Comedy
good partner,Crime
good partner,Drama
granny's got talent,Comedy
granny's got talent,Drama
search out,Thriller
jesters: the game changers,Comedy
jesters: the game changers,Drama
jesters: the game changers,History
parasyte: part 2,Action
parasyte: part 2,Drama
parasyte: part 2,Horror
eye love you,Comedy
eye love you,Fantasy
eye love you,Romance
my happy ending,Comedy
my happy ending,Drama
el jeremías,Comedy
el jeremías,Drama
el jeremías,Family
"pororo, dragon castle adventure",Adventure
"pororo, dragon castle adventure",Animation
"pororo, dragon castle adventure",Family
comedy royale,Comedy
comedy royale,Game-Show
comedy royale,Reality-TV
going in style,Comedy
going in style,Crime
a good day to be a dog,Comedy
a good day to be a dog,Drama
a good day to be a dog,Fantasy
the matchmakers,Comedy
the matchmakers,Romance
the goblin,Adventure
the goblin,Animation
the goblin,Comedy
the lost daughter,Drama
you and i are polar opposites,Animation
you and i are polar opposites,Comedy
you and i are polar opposites,Romance
i am hope,Drama
i am hope,War
boomerang family,Comedy
boomerang family,Drama
count,Crime
count,Drama
count,Thriller
hero,Action
hero,Adventure
hero,Animation
christmas carol,Adventure
christmas carol,Animation
christmas carol,Comedy
ripple,Drama
blossoms in adversity,Drama
blossoms in adversity,History
blossoms in adversity,Romance
cheaper by the dozen,Comedy
cheaper by the dozen,Family
take 1,Documentary
my unfamiliar family,Drama
american gigolo,Crime
american gigolo,Drama
american gigolo,Mystery
when my love blooms,Drama
when my love blooms,Romance
cradle 2 the grave,Action
cradle 2 the grave,Crime
cradle 2 the grave,Drama
man of men,Comedy
man of men,Drama
the one and only,Adventure
the one and only,Comedy
the one and only,Drama
last love,Drama
last love,Romance
zengo,Comedy
night and day,Comedy
night and day,Romance
gg (good game),Drama
gg (good game),Sport
blackberry,Biography
blackberry,Comedy
blackberry,Drama
hospital playlist,Comedy
hospital playlist,Drama
hospital playlist,Romance
godfather,Crime
godfather,Drama
the uniform,Action
the uniform,Comedy
the uniform,Horror
the accidental influencer: love me if you dare,Comedy
the accidental influencer: love me if you dare,Drama
joker,Crime
joker,Drama
joker,Thriller
the rite,Drama
the rite,Horror
the rite,Mystery
our beloved summer,Drama
our beloved summer,Romance
r.i.f.,Crime
r.i.f.,Thriller
revival,Drama
revival,History
love letter,Drama
love letter,Romance
the bride,Adventure
the bride,Comedy
the bride,Family
my unexpected roommate,Comedy
my unexpected roommate,Drama
exit wounds,Action
exit wounds,Crime
exit wounds,Thriller
centauro,Drama
centauro,Thriller
destiny,Action
destiny,Adventure
destiny,Sci-Fi
13: game of death,Crime
13: game of death,Drama
13: game of death,Horror
vivant,Drama
the long river,Drama
the long river,History
on marriage,Comedy
on marriage,Romance
revenge,Action
revenge,Adventure
revenge,Fantasy
immortal samsara,Drama
immortal samsara,Fantasy
immortal samsara,Romance
hello mr. billionaire,Comedy
a writer's odyssey,Action
a writer's odyssey,Adventure
a writer's odyssey,Fantasy
the tambour of retribution,Drama
the boat,Comedy
the boat,Drama
the boat,Music
married to work,Comedy
married to work,Romance
act of valor,Action
act of valor,Adventure
act of valor,Thriller
the good nurse,Biography
the good nurse,Crime
the good nurse,Drama
fugitive: the curious case of carlos ghosn,Documentary
skater girl,Drama
skater girl,Family
skater girl,Sport
le crocodile du botswanga,Comedy
first love,Drama
first love,Romance
dawn of the dead,Action
dawn of the dead,Horror
"as a reincarnated aristocrat, i'll use my appraisal skill to rise in the world",Adventure
"as a reincarnated aristocrat, i'll use my appraisal skill to rise in the world",Animation
"as a reincarnated aristocrat, i'll use my appraisal skill to rise in the world",Fantasy
night of deception,Horror
night of deception,Thriller
rekaman terlarang,Drama
better days,Crime
better days,Drama
better days,Romance
untouchable,Crime
untouchable,Drama
untouchable,Thriller
the interest of love,Drama
the interest of love,Romance
switched up,Comedy
switched up,Drama
switched up,Family
while you were sleeping,Comedy
while you were sleeping,Drama
while you were sleeping,Romance
the vault,Action
the vault,Thriller
belzebuth,Horror
somos.,Crime
somos.,Drama
somos.,History
juror #2,Crime
juror #2,Drama
juror #2,Mystery
soof 3,Comedy
soof 3,Drama
lighter & princess,Drama
lighter & princess,Romance
the eminence in shadow,Action
the eminence in shadow,Adventure
the eminence in shadow,Animation
a most wanted man,Crime
a most wanted man,Drama
a most wanted man,Thriller
moo 2,Drama
moo 2,Romance
get santa,Comedy
get santa,Family
get santa,Fantasy
ocean's eleven,Crime
ocean's eleven,Thriller
achoura,Fantasy
achoura,Horror
achoura,Thriller
the origin: madam koi-koi,Horror
the origin: madam koi-koi,Thriller
the griot,Drama
the hovering blade,Drama
the hovering blade,Thriller
collision course,Action
collision course,Adventure
collision course,Animation
dazzling mirage,Drama
mushoku tensei: jobless reincarnation,Action
mushoku tensei: jobless reincarnation,Adventure
mushoku tensei: jobless reincarnation,Animation
waiting to exhale,Comedy
waiting to exhale,Drama
waiting to exhale,Romance
wwe elimination chamber,Sport
arthur christmas,Adventure
arthur christmas,Animation
arthur christmas,Comedy
contact,Drama
contact,Mystery
contact,Sci-Fi
miraculous: tales of ladybug & cat noir,Action
miraculous: tales of ladybug & cat noir,Adventure
miraculous: tales of ladybug & cat noir,Animation
battleship,Action
battleship,Adventure
battleship,Sci-Fi
the connection,Action
the connection,Crime
the connection,Drama
i spit on your grave,Horror
i spit on your grave,Thriller
gunshot,Crime
gunshot,Drama
gunshot,Mystery
tiller,Biography
tiller,Documentary
tiller,Drama
our girls,Action
our girls,Drama
our girls,Thriller
everybody loves jeanne,Comedy
everybody loves jeanne,Drama
everybody loves jeanne,Romance
sweetheart,Comedy
sweetheart,Romance
my heroine,Action
my heroine,Comedy
my heroine,Romance
back to burgundy,Comedy
back to burgundy,Drama
analog squad,Drama
analog squad,History
jagame thandhiram,Action
jagame thandhiram,Crime
jagame thandhiram,Drama
the king's affection,Drama
the king's affection,Romance
die känguru-chroniken,Comedy
don't look at the demon,Horror
don't look at the demon,Mystery
don't look at the demon,Thriller
poveri ma ricchi,Comedy
flirting scholar,Comedy
flirting scholar,Romance
constantine,Action
constantine,Fantasy
constantine,Horror
my daughter left the nest and returned an s-rank adventurer,Action
my daughter left the nest and returned an s-rank adventurer,Animation
my daughter left the nest and returned an s-rank adventurer,Comedy
notting hill,Comedy
notting hill,Drama
notting hill,Romance
hostel,Horror
soul snatcher,Action
soul snatcher,Fantasy
true beauty,Comedy
true beauty,Drama
true beauty,Romance
dunki,Action
dunki,Drama
dunki,History
dear hongrang,Drama
dear hongrang,History
dear hongrang,Mystery
america's team: the gambler and his cowboys,Documentary
america's team: the gambler and his cowboys,Sport
stepmother,Comedy
stepmother,Sci-Fi
supposed,Adventure
supposed,Animation
supposed,Comedy
sad power,Drama
sad power,Fantasy
my boo,Comedy
my boo,Musical
my boo,Romance
haikyu!!: the dumpster battle,Animation
haikyu!!: the dumpster battle,Comedy
haikyu!!: the dumpster battle,Drama
unknown,Action
unknown,Mystery
unknown,Thriller
moonfall,Action
moonfall,Adventure
moonfall,Sci-Fi
the secret of us,Drama
the secret of us,Romance
century of love,Action
century of love,Drama
century of love,Romance
demon warriors,Action
demon warriors,Fantasy
demon warriors,Sci-Fi
the conjuring,Horror
the conjuring,Mystery
the conjuring,Thriller
blondie in an ancient time,Drama
mary and the witch's flower,Adventure
mary and the witch's flower,Animation
mary and the witch's flower,Family
the lair,Comedy
the lair,Horror
happy bad year,Comedy
love destiny,Comedy
love destiny,History
love destiny,Romance
long live love!,Comedy
long live love!,Drama
long live love!,Romance
evil,Action
evil,Horror
evil,Sci-Fi
thibaan the series,Comedy
thibaan the series,Romance
call me daddy,Comedy
call me daddy,Drama
gangnam zombie,Action
gangnam zombie,Horror
snow white & the huntsman,Action
snow white & the huntsman,Adventure
snow white & the huntsman,Drama
the bank job,Crime
the bank job,Thriller
agency,Action
agency,Adventure
agency,Comedy
doctor cha,Drama
the kingdom,Action
the kingdom,Adventure
love destiny the movie,Comedy
love destiny the movie,History
love destiny the movie,Romance
omg! oh my girl,Comedy
omg! oh my girl,Drama
omg! oh my girl,Romance
our blues,Drama
our blues,Romance
flight,Drama
flight,Thriller
the dark knight rises,Action
the dark knight rises,Crime
the dark knight rises,Drama
the miracle of teddy bear,Drama
the miracle of teddy bear,Fantasy
the miracle of teddy bear,Mystery
the siam renaissance,Drama
the siam renaissance,Romance
dark world,Action
dark world,Adventure
dark world,Fantasy
spider-man: homecoming,Action
spider-man: homecoming,Adventure
spider-man: homecoming,Sci-Fi
the guardian,Action
the guardian,Adventure
the guardian,Comedy
game changer,Action
game changer,Drama
game changer,Thriller
love hard,Comedy
love hard,Romance
primal,Crime
primal,Drama
primal,Mystery
jiu jitsu,Action
jiu jitsu,Sci-Fi
jiu jitsu,Thriller
love you my arrogance,Comedy
love you my arrogance,Drama
love you my arrogance,Fantasy
mission: impossible iii,Action
mission: impossible iii,Adventure
mission: impossible iii,Thriller
rush hour 2,Action
rush hour 2,Comedy
rush hour 2,Crime
wwe smackdown,Action
wwe smackdown,Sport
valentine's day,Comedy
valentine's day,Romance
the bourne identity,Action
the bourne identity,Mystery
the bourne identity,Thriller
the dark tower,Action
the dark tower,Adventure
the dark tower,Drama
sneaky links: dating after dark,Game-Show
sneaky links: dating after dark,Reality-TV
the intruder,Horror
the intruder,Thriller
scarface,Crime
scarface,Drama
the last stop in yuma county,Crime
the last stop in yuma county,Drama
the last stop in yuma county,Thriller
nanny mcphee,Comedy
nanny mcphee,Family
nanny mcphee,Fantasy
jumping the broom,Comedy
jumping the broom,Drama
the stepfather,Mystery
the stepfather,Thriller
savage beauty,Drama
a rainy day in new york,Comedy
a rainy day in new york,Romance
supernatural academy,Adventure
supernatural academy,Animation
supernatural academy,Drama
dinner,Comedy
the boy in the striped pajamas,Drama
the boy in the striped pajamas,War
blind love,Reality-TV
blind love,Romance
passed by censor,Drama
a classic horror story,Drama
a classic horror story,Horror
a classic horror story,Mystery
the guardians of christmas,Fantasy
dudes,Comedy
dudes,Mystery
dudes,Sci-Fi
puppies,Comedy
puppies,Romance
the naked gun: from the files of police squad!,Comedy
the naked gun: from the files of police squad!,Crime
strays,Adventure
strays,Comedy
i work at the cemetery,Comedy
i work at the cemetery,Crime
i work at the cemetery,Drama
servant of the people,Comedy
1000 miles from christmas,Comedy
1000 miles from christmas,Romance
on the verge,Comedy
on the verge,Drama
the water man,Adventure
the water man,Drama
the water man,Family
raazi,Action
raazi,Drama
raazi,Thriller
next gen chef,Game-Show
next gen chef,Reality-TV
playing with children,Comedy
playing with children,Horror
henry danger,Action
henry danger,Comedy
henry danger,Drama
nayanthara: beyond the fairy tale,Documentary
adios amigo,Comedy
adios amigo,Drama
red,Drama
12th fail,Biography
12th fail,Drama
cleaner,Crime
cleaner,Thriller
chandramukhi 2,Action
chandramukhi 2,Comedy
chandramukhi 2,Drama
love you long time,Drama
love you long time,Romance
basic,Drama
basic,Mystery
basic,Romance
scary stories to tell in the dark,Adventure
scary stories to tell in the dark,Horror
scary stories to tell in the dark,Mystery
bheed,Drama
bheed,History
labyu with an accent,Comedy
labyu with an accent,Romance
vaathi,Action
vaathi,Drama
rekha,Drama
rekha,Mystery
rekha,Thriller
waltair veerayya,Action
waltair veerayya,Drama
cirkus,Comedy
cirkus,Drama
kaapa,Action
kaapa,Crime
kaapa,Thriller
dhamaka,Action
dhamaka,Crime
dhamaka,Drama
batman v superman: dawn of justice,Action
batman v superman: dawn of justice,Adventure
batman v superman: dawn of justice,Sci-Fi
indian predator: the butcher of delhi,Crime
indian predator: the butcher of delhi,Documentary
indian predator: the butcher of delhi,History
wonder woman,Action
wonder woman,Adventure
wonder woman,Fantasy
kuttavum shikshayum,Crime
kuttavum shikshayum,Thriller
bhool bhulaiyaa 2,Comedy
bhool bhulaiyaa 2,Horror
late night,Horror
killers,Crime
killers,Drama
killers,History
the life of chuck,Drama
the life of chuck,Fantasy
the life of chuck,Sci-Fi
captivated,Sci-Fi
captivated,Thriller
the feud,Thriller
the remaining,Drama
the remaining,Romance
body in the bin: the murder of louise kam,Documentary
bend it like beckham,Comedy
bend it like beckham,Drama
bend it like beckham,Romance
we live in time,Drama
we live in time,Romance
blockers,Comedy
blockers,Drama
snatch,Comedy
snatch,Crime
sick note,Comedy
sick note,Crime
my lover my killer,Crime
my lover my killer,Documentary
paddington 2,Adventure
paddington 2,Comedy
paddington 2,Family
the burning girls,Drama
the burning girls,Horror
the burning girls,Thriller
tag,Action
tag,Comedy
beetlejuice,Comedy
beetlejuice,Fantasy
the ice cream wars,Crime
deep blue sea,Action
deep blue sea,Adventure
deep blue sea,Sci-Fi
suspect,Crime
suspect,Drama
suspect,Mystery
secret diary of a call girl,Drama
kevin bridges: the overdue catch-up,Comedy
"rich house, poor house",Documentary
boudica,Action
boudica,Drama
boudica,History
ackley bridge,Drama
ackley bridge,Romance
lost city of z,Adventure
lost city of z,Biography
lost city of z,Drama
i give it a year,Comedy
i give it a year,Romance
the real bling ring: hollywood heist,Crime
the real bling ring: hollywood heist,Documentary
the real bling ring: hollywood heist,History
the subtle art of not giving a f*ck,Documentary
gully,Drama
gully,Music
gully,Romance
paul blart: mall cop 2,Action
paul blart: mall cop 2,Comedy
paul blart: mall cop 2,Crime
"meet, marry, murder",Crime
austin powers: international man of mystery,Adventure
austin powers: international man of mystery,Comedy
ali,Horror
ali,Sci-Fi
acrimony,Drama
acrimony,Horror
acrimony,Romance
this is 40,Comedy
this is 40,Drama
this is 40,Romance
the associate,Comedy
rogue agent,Action
rogue agent,Adventure
rogue agent,Drama
the staircase,Biography
the staircase,Crime
the staircase,Drama
the king of staten island,Comedy
the king of staten island,Drama
the kill team,Action
the kill team,Biography
the kill team,Drama
silent hours,Action
silent hours,Crime
silent hours,Thriller
man of steel,Action
man of steel,Adventure
man of steel,Sci-Fi
sharkdog,Adventure
sharkdog,Animation
sharkdog,Comedy
split,Horror
split,Thriller
bridget jones's baby,Comedy
bridget jones's baby,Drama
bridget jones's baby,Romance
eleanor the great,Drama
eleanor the great,War
the royal we,Comedy
the royal we,Drama
the royal we,Romance
idiocracy,Adventure
idiocracy,Comedy
idiocracy,Sci-Fi
daddy's home,Comedy
daddy's home,Family
broke,Drama
broke,Romance
sisters,Comedy
sisters,Family
sisters,Music
uncle drew,Comedy
uncle drew,Drama
uncle drew,Sport
the star,Action
the star,Adventure
the star,Fantasy
average joe,Comedy
average joe,Drama
act your age,Comedy
dumb and dumber to,Comedy
diary of a mad black woman,Comedy
diary of a mad black woman,Drama
diary of a mad black woman,Romance
pitch black,Horror
pitch black,Sci-Fi
pitch black,Thriller
kick-ass 2,Action
kick-ass 2,Comedy
kick-ass 2,Crime
rango,Action
rango,Adventure
rango,Animation
blade of the 47 ronin,Action
blade of the 47 ronin,Drama
blade of the 47 ronin,Fantasy
the poison rose,Crime
the poison rose,Mystery
the poison rose,Thriller
old school,Comedy
ben is back,Drama
meltdown: three mile island,Documentary
meltdown: three mile island,History
that's my boy,Comedy
that's my boy,Drama
the god committee,Drama
passing,Comedy
passing,Romance
the duff,Comedy
the duff,Romance
step brothers,Comedy
talladega nights: the ballad of ricky bobby,Comedy
talladega nights: the ballad of ricky bobby,Sport
the bureau of magical things,Drama
the bureau of magical things,Family
the bureau of magical things,Fantasy
the mitchells vs. the machines,Adventure
the mitchells vs. the machines,Animation
the mitchells vs. the machines,Comedy
terminator 2: judgment day,Action
terminator 2: judgment day,Adventure
terminator 2: judgment day,Sci-Fi
"newly rich, newly poor",Comedy
"newly rich, newly poor",Drama
city of dreams,Crime
city of dreams,Mystery
city of dreams,Thriller
the secret in their eyes,Drama
the secret in their eyes,Mystery
the secret in their eyes,Romance
band of brothers,Action
band of brothers,Drama
band of brothers,History
stuart little 2,Adventure
stuart little 2,Comedy
stuart little 2,Family
love after music,Biography
love after music,Drama
love after music,Music
the signing,Drama
the signing,Fantasy
the signing,Horror
in love all over again,Comedy
in love all over again,Drama
in love all over again,Romance
stromboli,Drama
the endless night,Crime
the endless night,Drama
the endless night,Mystery
everything calls for salvation,Comedy
everything calls for salvation,Drama
santo,Crime
santo,Drama
santo,Thriller
daughter of the wolf,Action
daughter of the wolf,Thriller
el paseo 6,Comedy
the invisible thread,Comedy
the invisible thread,Drama
the invisible thread,Family
rebelde,Comedy
rebelde,Drama
rebelde,Music
just short of perfect,Comedy
just short of perfect,Romance
love never lies,Reality-TV
the four of us,Comedy
the four of us,Drama
the four of us,Romance
the shawshank redemption,Drama
jaguar,Biography
jaguar,Drama
jaguar,Romance
invasion,Action
invasion,Adventure
invasion,Mystery
"mary, queen of scots",Biography
"mary, queen of scots",Drama
"mary, queen of scots",History
the conductor,Biography
the conductor,Drama
the conductor,History
the 4 rascals,Comedy
the 4 rascals,Drama
the 4 rascals,Romance
roofman,Biography
roofman,Crime
roofman,Drama
unveil: jadewind,Drama
unveil: jadewind,Mystery
gatao,Crime
the vendetta of an,Drama
the vendetta of an,Mystery
secrets of the silent witch,Adventure
secrets of the silent witch,Animation
secrets of the silent witch,Comedy
kill bill: vol. 1,Action
kill bill: vol. 1,Crime
kill bill: vol. 1,Thriller
the resurrected,Action
the resurrected,Sci-Fi
first lady,Biography
first lady,Drama
first lady,History
love happens,Drama
love happens,Romance
gatao: like father like son,Action
gatao: like father like son,Crime
gatao: like father like son,Drama
doubt,Comedy
doubt,Drama
doubt,Family
kill me love me,Drama
yolo,Action
yolo,Comedy
yolo,Drama
face off,Action
face off,Crime
face off,Sci-Fi
the soul reaper,Horror
hellbound village,Horror
hellbound village,Mystery
hellbound village,Thriller
live,Drama
live,Mystery
live,Thriller
we got divorced,Reality-TV
face off 3: imperfect trio,Action
face off 3: imperfect trio,Comedy
lost you forever,Drama
lost you forever,Fantasy
lost you forever,Romance
nineteen to twenty,Reality-TV
nineteen to twenty,Romance
tie a yellow ribbon,Drama
tie a yellow ribbon,Romance
naked truth,Comedy
extremely easy job,Comedy
extremely easy job,Drama
sweet 20,Comedy
sweet 20,Music
klass 95: the power of beauty,Drama
klass 95: the power of beauty,Romance
the gallows act ii,Horror
the gallows act ii,Mystery
the gallows act ii,Thriller
beast of war,Adventure
beast of war,Drama
beast of war,War
deeper,Drama
deeper,Horror
red sonja,Action
red sonja,Adventure
red sonja,Fantasy
life after fighting,Action
life after fighting,Drama
life after fighting,Thriller
madam,Action
madam,Thriller
pale rider,Drama
pale rider,Western
a perfect murder,Crime
a perfect murder,Drama
a perfect murder,Thriller
dragonkeeper,Adventure
dragonkeeper,Animation
dragonkeeper,Fantasy
2:22,Drama
2:22,Mystery
2:22,Romance
october sky,Biography
october sky,Drama
october sky,Family
the wasp,Action
the wasp,Adventure
the wasp,Comedy
the bikeriders,Crime
the bikeriders,Drama
take my hand,Drama
take my hand,Romance
sleeping dogs,Crime
sleeping dogs,Mystery
sleeping dogs,Thriller
the dry,Crime
the dry,Drama
the dry,Mystery
little children,Drama
little children,Romance
escape plan 2: hades,Action
escape plan 2: hades,Crime
escape plan 2: hades,Mystery
the spongebob movie: sponge out of water,Adventure
the spongebob movie: sponge out of water,Animation
the spongebob movie: sponge out of water,Comedy
the love punch,Comedy
the love punch,Romance
deadlock,Action
deadlock,Thriller
the life of david gale,Crime
the life of david gale,Drama
the life of david gale,Mystery
drillbit taylor,Action
drillbit taylor,Comedy
drillbit taylor,Crime
london calling,Action
london calling,Comedy
london calling,Drama
a girl named willow,Family
too hot to handle: germany,Game-Show
too hot to handle: germany,Reality-TV
too hot to handle: germany,Romance
text for you,Comedy
text for you,Drama
text for you,Romance
i know who killed me,Horror
i know who killed me,Mystery
i know who killed me,Thriller
hangman,Crime
hangman,Drama
hangman,Horror
accident man,Action
accident man,Adventure
accident man,Comedy
beckenrand sheriff,Comedy
in the shadow of fear,Drama
in the shadow of fear,Mystery
in the shadow of fear,Thriller
the pleasure of your company,Music
weird: the al yankovic story,Action
weird: the al yankovic story,Biography
weird: the al yankovic story,Comedy
takeover,Action
takeover,Crime
takeover,Thriller
gilmore girls,Comedy
gilmore girls,Drama
leberkäsjunkie,Comedy
leberkäsjunkie,Crime
betty en ny,Comedy
verrückt nach fixi,Comedy
verrückt nach fixi,Fantasy
verrückt nach fixi,Romance
the night before,Adventure
the night before,Animation
the night before,Family
die hochzeit,Comedy
die hochzeit,Romance
nos4a2,Drama
nos4a2,Fantasy
nos4a2,Horror
marshall,Comedy
marshall,Drama
marshall,Romance
mom and dad,Comedy
mom and dad,Horror
mom and dad,Thriller
like mike,Comedy
like mike,Family
like mike,Fantasy
brother,Action
brother,Drama
brother,History
the wildflower,Drama
problem child 2,Comedy
problem child 2,Family
country queen,Crime
country queen,Drama
country queen,Thriller
brotherhood,Action
brotherhood,Adventure
brotherhood,Animation
son of the south,Animation
son of the south,Comedy
son of the south,Family
resurrection: ertugrul,Action
resurrection: ertugrul,Adventure
resurrection: ertugrul,Drama
padmaavat,Drama
padmaavat,History
padmaavat,War
saathiya,Comedy
saathiya,Musical
saathiya,Romance
band baaja baaraat,Comedy
band baaja baaraat,Drama
band baaja baaraat,Romance
life in a ... metro,Comedy
life in a ... metro,Drama
life in a ... metro,Musical
race 3,Action
race 3,Thriller
bajrangi bhaijaan,Adventure
bajrangi bhaijaan,Comedy
bajrangi bhaijaan,Drama
the ghazi attack,Action
the ghazi attack,Drama
the ghazi attack,Thriller
rurouni kenshin: origins,Action
rurouni kenshin: origins,Adventure
rurouni kenshin: origins,Drama
student of the year,Action
student of the year,Comedy
student of the year,Drama
dear zindagi,Drama
dear zindagi,Romance
zindagi na milegi dobara,Comedy
zindagi na milegi dobara,Drama
zindagi na milegi dobara,Musical
shikara,Drama
shikara,History
shikara,Romance
naam shabana,Action
naam shabana,Drama
naam shabana,Thriller
blind sherlock,Drama
solace,Action
solace,Adventure
solace,Mystery
meskina,Comedy
als de dijken breken,Drama
under fire,Action
under fire,Drama
under fire,Mystery
soil,Comedy
soil,Drama
no manches frida,Comedy
no manches frida,Romance
lottie dottie chicken,Animation
lottie dottie chicken,Family
lottie dottie chicken,Music
the enforcer,Action
the enforcer,Crime
the enforcer,Thriller
um tio quase perfeito,Comedy
um tio quase perfeito,Family
one against all,Drama
racionais mc's: from the streets of são paulo,Documentary
racionais mc's: from the streets of são paulo,Music
luccas neto em: o plano dos vilões,Comedy
never grow old,Drama
never grow old,Thriller
never grow old,Western
the saint,Action
the saint,Crime
the saint,Thriller
which brings me to you,Comedy
which brings me to you,Drama
which brings me to you,Romance
breaking bad,Crime
breaking bad,Drama
breaking bad,Thriller
taking lives,Crime
taking lives,Mystery
taking lives,Thriller
money monster,Action
money monster,Crime
money monster,Drama
the da vinci code,Mystery
the da vinci code,Thriller
get him to the greek,Comedy
get him to the greek,Music
the gambler,Crime
the gambler,Drama
the gambler,Thriller
eraser,Fantasy
eraser,Horror
greater,Drama
greater,History
greater,War
friday the 13th,Horror
friday the 13th,Mystery
friday the 13th,Thriller
insomnia,Drama
insomnia,Mystery
insomnia,Thriller
jexi,Comedy
jexi,Romance
jexi,Sci-Fi
the place beyond the pines,Crime
the place beyond the pines,Drama
the place beyond the pines,Thriller
son of the mask,Comedy
son of the mask,Family
son of the mask,Fantasy
sleepers,Crime
sleepers,Drama
sleepers,Thriller
hector and the search for happiness,Adventure
hector and the search for happiness,Comedy
hector and the search for happiness,Drama
the pentaverate,Comedy
transporter 3,Action
transporter 3,Thriller
the last full measure,Drama
the last full measure,War
lying and stealing,Crime
lying and stealing,Drama
lying and stealing,Thriller
indecent proposal,Drama
indecent proposal,Romance
the 40-year-old virgin,Comedy
the 40-year-old virgin,Romance
cry babies magic tears,Animation
cry babies magic tears,Family
father,Drama
father,Mystery
high school heist,Comedy
high school heist,Crime
secret delivery,Adventure
secret delivery,Family
skywalkers: a love story,Documentary
once upon a time in the east,Crime
onemanshow: the movie,Action
onemanshow: the movie,Comedy
onemanshow: the movie,Crime
two words as the key,Adventure
two words as the key,Drama
two words as the key,Mystery
female factor,Comedy
female factor,Drama
happy new year 2,Comedy
happy new year 2,Romance
love on the spikes,Comedy
love on the spikes,Romance
the banger,Comedy
the banger,Drama
avalanche of love,Comedy
avalanche of love,Romance
emergency situation,Comedy
emergency situation,Drama
spirit rangers,Action
spirit rangers,Adventure
spirit rangers,Animation
the pack,Comedy
the pack,Thriller
emma in love,Drama
emma in love,Romance
charlatan,Biography
charlatan,Drama
charlatan,History
al kabeer,Comedy
al kabeer,Romance
11:11,Documentary
11:11,Drama
11:11,War
beautiful disaster,Comedy
beautiful disaster,Drama
beautiful disaster,Romance
demolition,Action
demolition,Sci-Fi
demolition,Thriller
al sur del corazón,Drama
al sur del corazón,Family
al sur del corazón,Romance
1976,Documentary
1976,Sci-Fi
deadly sins,Action
deadly sins,Adventure
deadly sins,Animation
i don't know how she does it,Comedy
i don't know how she does it,Family
i don't know how she does it,Romance
remember me,Drama
remember me,Romance
the brave adventures of a little shoemaker,Adventure
unfinished business,Comedy
unfinished business,Drama
mr. monk's last case: a monk movie,Comedy
mr. monk's last case: a monk movie,Crime
mr. monk's last case: a monk movie,Mystery
flight 404,Drama
deceit,Drama
hold me close,Drama
hold me close,Romance
i parry everything,Action
i parry everything,Adventure
i parry everything,Animation
deadma walking,Comedy
under parallel skies,Drama
under parallel skies,Romance
that kind of love,Comedy
that kind of love,Drama
that kind of love,Romance
fuchsia libre,Drama
fuchsia libre,Sport
the fugitive,Action
the fugitive,Crime
the fugitive,Drama
the hows of us,Comedy
the hows of us,Drama
the hows of us,Romance
maria clara and ibarra,Comedy
maria clara and ibarra,Drama
maria clara and ibarra,Fantasy
an inconvenient love,Comedy
an inconvenient love,Drama
an inconvenient love,Romance
kidnap,Action
kidnap,Crime
kidnap,Thriller
the world between us,Drama
the world between us,Romance
legal wives,Action
legal wives,Adventure
legal wives,Crime
irreplaceable,Comedy
irreplaceable,Drama
irreplaceable,Romance
here and there,Action
here and there,Adventure
here and there,Animation
dalej jazda!,Comedy
supernova,Horror
supernova,Sci-Fi
supernova,Thriller
sinam,Drama
sinam,Romance
nowhere to run,Action
nowhere to run,Drama
nowhere to run,Romance
the mentors,Documentary
hackerville,Action
hackerville,Thriller
the beguiled,Drama
the beguiled,History
the beguiled,Thriller
ramon,Comedy
ramon,Drama
ramon,Family
love sorry,Comedy
love sorry,Drama
love sorry,Romance
samsam,Action
samsam,Adventure
samsam,Animation
stay with us,Comedy
how to make out,Comedy
how to make out,Romance
aladdin 2,Comedy
aladdin 2,Fantasy
the new adventures of aladdin,Comedy
the new adventures of aladdin,Fantasy
baby bumps,Comedy
baby bumps,Drama
christmas land,Adventure
christmas land,Animation
christmas land,Family
pièce montée,Comedy
pièce montée,Romance
walter,Adventure
walter,Comedy
walter,Drama
the adventures of tintin,Action
the adventures of tintin,Adventure
the adventures of tintin,Animation
looking for teddy,Comedy
beyblade burst surge,Animation
beyblade burst surge,Family
beyblade burst surge,Sci-Fi
lol,Action
lol,Crime
lol,Thriller
the 15:17 to paris,Biography
the 15:17 to paris,Drama
the 15:17 to paris,Thriller
last party in r desert,Drama
slave,Biography
slave,Drama
slave,History
the fortress,Adventure
the fortress,Drama
raven song,Comedy
raven song,Drama
raven song,Mystery
the matchmaker,Comedy
the matchmaker,Romance
2020,Adventure
2020,Animation
2020,Drama
sukma,Horror
sukma,Thriller
telaga suriram,Crime
telaga suriram,Horror
telaga suriram,Mystery
delightfully deceitful,Crime
delightfully deceitful,Drama
the butterfly house,Horror
the last 7 days,Horror
zim zim ala kazim,Comedy
zim zim ala kazim,Horror
zim zim ala kazim,Music
marni: the story of wewe gombel,Action
marni: the story of wewe gombel,Horror
marni: the story of wewe gombel,Thriller
warrior awang and master tok gajah,Action
warrior awang and master tok gajah,Adventure
warrior awang and master tok gajah,Drama
regeneration,Action
regeneration,Adventure
regeneration,Sci-Fi
polis evo 3,Action
polis evo 3,Adventure
polis evo 3,Comedy
the great magician,Comedy
the great magician,Drama
the great magician,Mystery
line walker,Action
line walker,Crime
line walker,Mystery
frontliner,Documentary
frontliner,History
frontliner,War
days of disaster,Documentary
days of disaster,Drama
apollo 13: survival,Documentary
apollo 13: survival,History
umjolo: there is no cure,Comedy
umjolo: there is no cure,Drama
umjolo: there is no cure,Romance
losing lerato,Action
losing lerato,Drama
soon comes night,Action
soon comes night,Crime
soon comes night,Drama
laws of attraction,Comedy
laws of attraction,Romance
the masked singer south africa,Family
the masked singer south africa,Music
the masked singer south africa,Reality-TV
need for speed,Action
need for speed,Crime
need for speed,Drama
senzo: murder of a soccer star,Crime
senzo: murder of a soccer star,Documentary
senzo: murder of a soccer star,Mystery
the hunt for red october,Action
the hunt for red october,Adventure
the hunt for red october,Thriller
the desperate chase,Action
the desperate chase,Comedy
the desperate chase,Crime
unknown legend,Action
unknown legend,Adventure
unknown legend,Fantasy
proof of innocence,Adventure
proof of innocence,Crime
proof of innocence,Drama
beasts clawing at straws,Crime
beasts clawing at straws,Drama
beasts clawing at straws,Mystery
the dream life of mr. kim,Comedy
the dream life of mr. kim,Drama
ghost cat anzu,Animation
ghost cat anzu,Drama
ghost cat anzu,Family
judge vs. judge,Reality-TV
doctor john,Drama
doctor john,Mystery
doctor john,Romance
soju rhapsody,Documentary
picnic,Drama
picnic,Mystery
1987: when the day comes,Drama
1987: when the day comes,History
1987: when the day comes,Thriller
the killing vote,Drama
the killing vote,Thriller
katuri the movie the big city adventure,Adventure
katuri the movie the big city adventure,Animation
katuri the movie the big city adventure,Family
the ghost station,Horror
the ghost station,Mystery
the ghost station,Thriller
marui video,Horror
marui video,Mystery
marui video,Thriller
pale moon,Drama
detective knight: rogue,Action
detective knight: rogue,Adventure
detective knight: rogue,Crime
mr. sunshine,Action
mr. sunshine,Drama
mr. sunshine,History
pawn,Biography
pawn,Drama
pawn,History
good job,Comedy
good job,Romance
"my boss, my teacher",Action
"my boss, my teacher",Comedy
sisyphus,Action
sisyphus,Drama
sisyphus,Fantasy
change days,Documentary
change days,History
night in paradise,Action
night in paradise,Crime
night in paradise,Drama
one-line,Thriller
snatch up,Action
snatch up,Comedy
snatch up,Crime
black money,Action
black money,Crime
black money,Drama
guimoon: the lightless door,Horror
guimoon: the lightless door,Mystery
guimoon: the lightless door,Thriller
sweet & sour,Comedy
sweet & sour,Romance
aloners,Comedy
aloners,Family
la la land,Comedy
la la land,Drama
la la land,Music
a family,Comedy
a family,Drama
a family,Romance
ace of diamond,Animation
ace of diamond,Sport
god's country,Drama
god's country,Romance
the teacher who promised the sea,Biography
the teacher who promised the sea,Drama
felipe & letizia,Biography
felipe & letizia,Drama
felipe & letizia,Romance
todos lo hacen,Comedy
todos lo hacen,Drama
todos lo hacen,Thriller
the netflix slam,Documentary
the netflix slam,Game-Show
the netflix slam,Reality-TV
crims,Drama
crims,Horror
crims,Mystery
sevillanas de brooklyn,Comedy
way down,Comedy
way down,Drama
"anglés, historia de una fuga",Documentary
ranga ranga vaibhavanga,Comedy
ranga ranga vaibhavanga,Drama
ranga ranga vaibhavanga,Romance
sniper butterfly,Drama
sniper butterfly,Romance
adrift in love,Drama
adrift in love,Romance
why is he still single?,Drama
why is he still single?,Romance
ne zha,Action
ne zha,Adventure
ne zha,Animation
the immortal ascension,Action
the immortal ascension,Adventure
the immortal ascension,Drama
new gods: yang jian,Action
new gods: yang jian,Animation
new gods: yang jian,Fantasy
i am the secret in your heart,Drama
i am the secret in your heart,Romance
heart's motive,Crime
heart's motive,Drama
heart's motive,Mystery
red line,Drama
red line,History
red line,War
three tears in borneo,Drama
three tears in borneo,History
u motherbaker,Comedy
u motherbaker,Drama
u motherbaker,Family
mobile suit gundam seed freedom,Action
mobile suit gundam seed freedom,Adventure
mobile suit gundam seed freedom,Animation
the silent forest,Drama
the silent forest,Thriller
silent parade,Crime
silent parade,Drama
silent parade,Mystery
someday or one day,Drama
someday or one day,Romance
someday or one day,Sci-Fi
when i fly towards you,Comedy
when i fly towards you,Drama
when i fly towards you,Romance
home sweet home,Comedy
home sweet home,Romance
fall in love at first kiss,Comedy
fall in love at first kiss,Romance
exit,Comedy
exit,Crime
exit,Documentary
let the bullets fly,Action
let the bullets fly,Comedy
let the bullets fly,Drama
two tigers,Action
two tigers,Crime
two tigers,Drama
the oath of love,Drama
the oath of love,Family
the oath of love,Music
please feel at ease mr. ling,Comedy
please feel at ease mr. ling,Drama
please feel at ease mr. ling,Romance
the bridges of madison county,Drama
the bridges of madison county,Romance
takki,Drama
son of the soil,Documentary
son of the soil,Drama
son of the soil,Sport
un paso adelante,Comedy
un paso adelante,Drama
un paso adelante,Musical
washing machine,Crime
washing machine,Drama
washing machine,Horror
night shift,Comedy
babysitting,Adventure
babysitting,Comedy
babysitting,Crime
losing it,Drama
carbon,Action
carbon,Adventure
carbon,Drama
the misfit of demon king academy,Adventure
the misfit of demon king academy,Animation
the misfit of demon king academy,Comedy
kazantzakis,Biography
"uglymug, epicfighter",Action
"uglymug, epicfighter",Adventure
"uglymug, epicfighter",Animation
kyojo,Crime
kyojo,Drama
kyojo,Mystery
my dress-up darling,Animation
my dress-up darling,Comedy
my dress-up darling,Romance
the queen of villains,Biography
the queen of villains,Drama
the queen of villains,Sport
a korean odyssey,Comedy
a korean odyssey,Fantasy
a korean odyssey,Horror
love off the cuff,Comedy
love off the cuff,Drama
love off the cuff,Romance
three husbands,Drama
three husbands,Fantasy
love you,Comedy
love you,Drama
love you,Romance
autumn's concerto,Drama
autumn's concerto,Romance
now or never!,Adventure
now or never!,Biography
now or never!,Drama
bet on revenge,Adventure
bet on revenge,Drama
bet on revenge,History
buddy,Comedy
buddy,Drama
buddy,Romance
malaal,Action
malaal,Drama
malaal,Romance
mishan impossible,Action
mishan impossible,Comedy
mishan impossible,Drama
comedy premium league,Comedy
lost in the spotlight,Comedy
lost in the spotlight,Drama
aib: #cyberbully,Horror
3 men's soulmates,Comedy
3 men's soulmates,Drama
assalamualaikum beijing 2: lost in ningxia,Drama
assalamualaikum beijing 2: lost in ningxia,Romance
goodbye farewell,Drama
goodbye farewell,Romance
the secret recipe,Comedy
the secret recipe,Family
pintu-pintu surga,Drama
2nd miracle in cell no. 7,Comedy
2nd miracle in cell no. 7,Drama
2nd miracle in cell no. 7,Family
how to survive a marriage?,Comedy
how to survive a marriage?,Drama
possession: kerasukan,Drama
possession: kerasukan,Horror
possession: kerasukan,Thriller
mangkujiwo,Horror
enam batang,Drama
cek ombak (melulu),Drama
one night stand,Drama
one night stand,Romance
cemara's family 2,Adventure
cemara's family 2,Drama
cemara's family 2,Family
umma,Drama
umma,Horror
umma,Mystery
satan's slaves,Drama
satan's slaves,Horror
satan's slaves,Mystery
lansky,Biography
lansky,Crime
lansky,Drama
misha and the wolves,Documentary
misha and the wolves,Drama
last night,Drama
last night,Horror
last night,Mystery
god's neighbors,Drama
jackie brown,Crime
jackie brown,Drama
jackie brown,Thriller
la preside,Comedy
la preside,Drama
la preside,History
cado dalle nubi,Comedy
30 notti con il mio ex,Comedy
30 notti con il mio ex,Romance
the boy with pink trousers,Drama
la guerra dei nonni,Comedy
the sea beyond,Biography
the sea beyond,Drama
the sea beyond,Music
house of cards,Drama
house of cards,Thriller
i migliori giorni,Comedy
cloud,Drama
cloud,Mystery
cloud,Sci-Fi
atypical crime investigator hinako todo,Mystery
hokusai,Animation
hokusai,Biography
hokusai,Drama
the 19th medical chart,Drama
chihayafuru: full circle,Comedy
chihayafuru: full circle,Drama
chihayafuru: full circle,Romance
our blooming youth,Drama
our blooming youth,History
our blooming youth,Mystery
detective conan: the million-dollar pentagram,Animation
detective conan: the million-dollar pentagram,Mystery
detective conan: the million-dollar pentagram,Romance
the do-over damsel conquers the dragon emperor,Action
the do-over damsel conquers the dragon emperor,Animation
the do-over damsel conquers the dragon emperor,Comedy
"poison daughter, holy mother",Drama
"poison daughter, holy mother",Family
"poison daughter, holy mother",Mystery
cold case,Crime
cold case,Drama
cold case,Mystery
pararescue jumper,Drama
ameku m.d.: doctor detective,Animation
ameku m.d.: doctor detective,Comedy
ameku m.d.: doctor detective,Crime
my beautiful man -eternal-,Drama
my beautiful man -eternal-,Romance
undead unluck,Action
undead unluck,Adventure
undead unluck,Animation
nagasaki: memories of my son,Drama
nagasaki: memories of my son,Fantasy
doraemon the movie: nobita's new dinosaur,Adventure
doraemon the movie: nobita's new dinosaur,Animation
doraemon the movie: nobita's new dinosaur,Comedy
my boyfriend in orange,Romance
ataru: the first love & the last kill,Drama
saving my stupid youth,Comedy
the legacy of dr. death: black file,Mystery
the legacy of dr. death: black file,Thriller
aristocrats,Comedy
aristocrats,Documentary
flowers in the shadows,Comedy
flowers in the shadows,Drama
midsummer's equation,Mystery
fukushima 50,Action
fukushima 50,Drama
fukushima 50,Thriller
you shine in the moonlight,Drama
you shine in the moonlight,Romance
fortuna's eye,Fantasy
fortuna's eye,Romance
sekigahara,Drama
sekigahara,History
sekigahara,War
it comes,Drama
it comes,Horror
it comes,Mystery
jinn,Drama
jinn,Fantasy
jinn,Horror
surviving r. kelly,Crime
surviving r. kelly,Documentary
surviving r. kelly,Music
the most beautiful flower,Comedy
borders,Crime
borders,Drama
borders,Fantasy
dumb,Comedy
"for a good time, call...",Comedy
fifty shades of black,Comedy
queen of glory,Comedy
disconnect,Crime
disconnect,Drama
disconnect,Mystery
the ghost and the tout too,Comedy
the ghost and the tout too,Fantasy
metro crime series,Crime
metro crime series,Drama
metro crime series,Mystery
layang layang perkahwinan,Romance
hantu tenggek,Comedy
hantu tenggek,Fantasy
hantu tenggek,Horror
didi & friends the movie,Adventure
didi & friends the movie,Animation
didi & friends the movie,Comedy
senduk swap,Comedy
senduk swap,Family
senduk swap,Fantasy
syif malam,Comedy
syif malam,Horror
syif malam,Mystery
fanna,Action
fanna,Crime
fanna,Drama
polis evo,Action
polis evo,Adventure
polis evo,Comedy
biko,Drama
biko,Family
biko,Romance
bikers kental 2,Action
bikers kental 2,Adventure
bikers kental 2,Comedy
luck-key,Action
luck-key,Comedy
luck-key,Crime
bad hombres,Crime
bad hombres,Thriller
tiger zinda hai,Action
tiger zinda hai,Adventure
tiger zinda hai,Thriller
garnachas: glorious street food!,Documentary
powder,Drama
powder,Fantasy
powder,Mystery
amores perros,Drama
amores perros,Thriller
small things like these,Drama
the last front,Action
the last front,Drama
the last front,Thriller
tulip fever,Drama
tulip fever,History
tulip fever,Romance
betrayal,Action
betrayal,Adventure
betrayal,Animation
papadag,Drama
misfit: the series,Comedy
misfit: the series,Musical
the legend of baron to'a,Action
the legend of baron to'a,Comedy
the phantom of the open,Biography
the phantom of the open,Comedy
the phantom of the open,Drama
késárí,Action
késárí,Fantasy
déjà vu,Animation
déjà vu,Mystery
déjà vu,Sci-Fi
jolly roger,Action
jolly roger,Adventure
jolly roger,Animation
soólè,Comedy
soólè,Thriller
becoming abi,Comedy
entergalactic,Animation
entergalactic,Comedy
entergalactic,Music
trippin' with the kandasamys,Comedy
trippin' with the kandasamys,Romance
murder in a small town,Crime
murder in a small town,Drama
murder in a small town,Mystery
pink,Adventure
pink,Comedy
pink,Crime
baby boy,Crime
baby boy,Drama
baby boy,Romance
rise of the legend,Action
rise of the legend,Biography
rise of the legend,Drama
the fall,Action
the fall,Adventure
the fall,Sci-Fi
once upon a time in hollywood,Comedy
once upon a time in hollywood,Drama
who killed sara?,Crime
who killed sara?,Drama
who killed sara?,Mystery
the witches,Adventure
the witches,Family
the witches,Fantasy
freaky,Comedy
freaky,Family
freaky,Fantasy
gimme shelter,Documentary
gimme shelter,Music
gimme shelter,Thriller
yakuza princess,Action
yakuza princess,Crime
yakuza princess,Thriller
the white queen,Drama
the white queen,History
the white queen,Romance
trauma center,Action
trauma center,Thriller
wolf,Biography
wolf,Comedy
wolf,Crime
st. vincent,Comedy
st. vincent,Drama
paw patrol,Action
paw patrol,Adventure
paw patrol,Animation
lulli,Comedy
lulli,Romance
kolpaçino 3. devre,Comedy
champion,Action
champion,Adventure
champion,Horror
puss in boots,Action
puss in boots,Adventure
puss in boots,Animation
emperor,Adventure
emperor,Animation
emperor,Comedy
the client list,Crime
the client list,Drama
boss level,Action
boss level,Adventure
boss level,Comedy
disconnect: the wedding planner,Comedy
disconnect: the wedding planner,Romance
moms' night out,Comedy
the walking dead,Drama
the walking dead,Horror
the walking dead,Thriller
fifa uncovered,Crime
fifa uncovered,Documentary
fifa uncovered,Sport
barbecue showdown,Game-Show
barbecue showdown,Reality-TV
that girl lay lay,Comedy
that girl lay lay,Family
beyond the universe,Comedy
beyond the universe,Drama
beyond the universe,Romance
don't leave,Comedy
don't leave,Drama
about dry grasses,Drama
the prince & me,Comedy
the prince & me,Family
the prince & me,Romance
canary black,Action
canary black,Drama
canary black,Thriller
the red envelope,Action
the red envelope,Comedy
the red envelope,Crime
eternal bond,Thriller
the exorcism,Drama
the exorcism,Horror
the exorcism,Thriller
dear dakanda,Drama
dear dakanda,Romance
happy monday(s),Comedy
happy monday(s),Drama
transformers: age of extinction,Action
transformers: age of extinction,Adventure
transformers: age of extinction,Comedy
three thousand years of longing,Drama
three thousand years of longing,Fantasy
three thousand years of longing,Romance
agent game,Action
agent game,Thriller
4 kings,Drama
operation fortune: ruse de guerre,Action
operation fortune: ruse de guerre,Adventure
operation fortune: ruse de guerre,Comedy
escape room,Action
escape room,Adventure
escape room,Horror
godzilla: king of the monsters,Action
godzilla: king of the monsters,Adventure
godzilla: king of the monsters,Fantasy
stage of number one,Comedy
stage of number one,Music
charlie and the chocolate factory,Adventure
charlie and the chocolate factory,Comedy
charlie and the chocolate factory,Family
pee nak 2,Comedy
pee nak 2,Horror
i love you two thousand,Comedy
i love you two thousand,Romance
redlife,Drama
creation of the gods i: kingdom of storms,Action
creation of the gods i: kingdom of storms,Adventure
creation of the gods i: kingdom of storms,Drama
malignant,Crime
malignant,Horror
malignant,Mystery
the childe,Action
the childe,Adventure
the childe,Comedy
my precious,Comedy
my precious,Drama
my precious,Romance
murderer,Comedy
murderer,Crime
murderer,Drama
juvenile justice,Crime
juvenile justice,Drama
the world of the married,Drama
the world of the married,Romance
vesper,Adventure
vesper,Drama
vesper,Sci-Fi
that time i got reincarnated as a slime the movie: scarlet bond,Action
that time i got reincarnated as a slime the movie: scarlet bond,Adventure
that time i got reincarnated as a slime the movie: scarlet bond,Animation
resemblance,Comedy
resemblance,Drama
pacific rim: uprising,Action
pacific rim: uprising,Adventure
pacific rim: uprising,Sci-Fi
bad romeo,Crime
bad romeo,Drama
bad romeo,Family
love to hate you,Comedy
love to hate you,Romance
devotion,Action
devotion,Biography
devotion,Drama
case 39,Horror
case 39,Mystery
case 39,Thriller
jupiter ascending,Action
jupiter ascending,Adventure
jupiter ascending,Animation
snakes on a plane,Action
snakes on a plane,Adventure
snakes on a plane,Crime
red riding hood,Fantasy
red riding hood,Horror
red riding hood,Mystery
usogui,Thriller
thai cave rescue,Adventure
thai cave rescue,Drama
thai cave rescue,Thriller
suptar 2550,Comedy
suptar 2550,Drama
suptar 2550,Romance
midway,Action
midway,Drama
midway,History
slr,Horror
slr,Thriller
bubble,Adventure
bubble,Comedy
bubble,Romance
yaksha: ruthless operations,Action
yaksha: ruthless operations,Crime
yaksha: ruthless operations,Thriller
resident evil: retribution,Action
resident evil: retribution,Horror
resident evil: retribution,Sci-Fi
the divine fury,Action
the divine fury,Horror
the divine fury,Thriller
fishbowl wives,Drama
fishbowl wives,Romance
game of outlaws,Action
game of outlaws,Crime
game of outlaws,Drama
rain or shine,Drama
rain or shine,Romance
social syndrome,Drama
please (her),Action
please (her),Adventure
please (her),Animation
the last samurai,Action
the last samurai,Drama
the swarm,Horror
the swarm,Thriller
i need romance,Comedy
i need romance,Drama
i need romance,Romance
müstakbel damat,Comedy
daredevil,Action
daredevil,Crime
daredevil,Drama
burning days,Drama
burning days,Thriller
private lesson,Comedy
private lesson,Romance
glitter,Drama
glitter,Music
glitter,Romance
a man of action,Biography
a man of action,Crime
a man of action,Drama
"blood, sex & royalty",Biography
"blood, sex & royalty",Drama
"blood, sex & royalty",History
les misérables,Drama
les misérables,Musical
les misérables,Romance
the spanish princess,Drama
the spanish princess,History
the spanish princess,Romance
av: the hunt,Action
av: the hunt,Thriller
feria: the darkest light,Crime
feria: the darkest light,Drama
feria: the darkest light,Fantasy
man of tai chi,Action
man of tai chi,Drama
the hardest thing,Drama
"luxembourg, luxembourg",Comedy
"luxembourg, luxembourg",Drama
crazy wedding 3,Comedy
vanilla sky,Fantasy
vanilla sky,Mystery
vanilla sky,Romance
the last thing he wanted,Crime
the last thing he wanted,Drama
the last thing he wanted,Mystery
the billion dollar code,Biography
the billion dollar code,Crime
the billion dollar code,Drama
worth,Biography
worth,Drama
worth,History
hello bachhon,Biography
hello bachhon,Drama
dum laga ke haisha,Comedy
dum laga ke haisha,Drama
dum laga ke haisha,Romance
bewitched,Comedy
bewitched,Fantasy
bewitched,Romance
my spy,Action
my spy,Comedy
on the go,Animation
on the go,Family
on the go,Fantasy
brothers,Action
brothers,Drama
brothers,History
the deep state,Action
the deep state,Adventure
the deep state,Crime
a ranjith cinema,Thriller
pulimada,Comedy
pulimada,Crime
pulimada,Drama
the expendables,Action
the expendables,Adventure
the expendables,Thriller
the hunt for veerappan,Biography
the hunt for veerappan,Crime
the hunt for veerappan,Documentary
the 6th day,Action
the 6th day,Mystery
the 6th day,Sci-Fi
doctor g,Comedy
doctor g,Drama
cat,Biography
cat,Crime
cat,Drama
harry potter and the order of the phoenix,Action
harry potter and the order of the phoenix,Adventure
harry potter and the order of the phoenix,Family
jaadugar,Comedy
jaadugar,Drama
jaadugar,Fantasy
a cinderella story,Comedy
a cinderella story,Family
a cinderella story,Romance
cook up a storm,Comedy
cook up a storm,Drama
hey sinamika,Drama
hey sinamika,Romance
my bride,Comedy
my bride,Drama
my bride,Romance
"extremely wicked, shockingly evil and vile",Biography
"extremely wicked, shockingly evil and vile",Crime
"extremely wicked, shockingly evil and vile",Drama
my amanda,Drama
my amanda,Romance
nativity!,Comedy
nativity!,Family
the real fatal attraction,Documentary
life of the party,Comedy
gangster no. 1,Crime
gangster no. 1,Drama
gangster no. 1,Thriller
riviera,Drama
riviera,Mystery
riviera,Thriller
birdsong,Drama
birdsong,Romance
birdsong,War
dark game,Documentary
the pembrokeshire murders,Crime
the pembrokeshire murders,Drama
the pembrokeshire murders,History
king richard,Biography
king richard,Drama
king richard,Sport
detectorists,Comedy
harry potter and the deathly hallows: part 2,Adventure
harry potter and the deathly hallows: part 2,Family
harry potter and the deathly hallows: part 2,Fantasy
thirteen,Crime
thirteen,Thriller
see for me,Crime
see for me,Drama
see for me,Horror
17 again,Comedy
17 again,Drama
17 again,Fantasy
patriots day,Action
patriots day,Crime
patriots day,Drama
celebrity ex on the beach,Reality-TV
save the last dance,Drama
save the last dance,Music
save the last dance,Romance
alive,Comedy
alive,Drama
alive,Fantasy
pretty little liars,Drama
pretty little liars,Mystery
pretty little liars,Romance
mafia: most wanted,Crime
mafia: most wanted,Documentary
mafia: most wanted,History
a thousand tomorrows,Romance
extant,Drama
extant,Sci-Fi
extant,Thriller
hightown,Crime
hightown,Drama
hightown,Mystery
nate jackson: super funny,Comedy
nate jackson: super funny,Documentary
the forge,Crime
the forge,Drama
the forge,Thriller
the infiltrator,Biography
the infiltrator,Crime
the infiltrator,Drama
the man from u.n.c.l.e.,Action
the man from u.n.c.l.e.,Adventure
the man from u.n.c.l.e.,Comedy
after everything,Drama
after everything,Romance
the secret: dare to dream,Drama
the secret: dare to dream,Romance
a walk in the woods,Adventure
a walk in the woods,Biography
a walk in the woods,Comedy
13 going on 30,Comedy
13 going on 30,Fantasy
13 going on 30,Romance
ralph barbosa: cowabunga,Comedy
ralph barbosa: cowabunga,Documentary
the choice,Drama
the choice,Romance
funny people,Comedy
funny people,Drama
hoarders,Documentary
hoarders,Reality-TV
dragged across concrete,Action
dragged across concrete,Crime
dragged across concrete,Drama
southpaw,Action
southpaw,Drama
southpaw,Sport
drink masters,Game-Show
drink masters,Reality-TV
call the midwife,Drama
call the midwife,History
borrego,Thriller
blow,Biography
blow,Crime
blow,Drama
here comes the boom,Action
here comes the boom,Comedy
here comes the boom,Sport
reprisal,Drama
scary movie 4,Comedy
an unfinished life,Drama
an unfinished life,Family
an unfinished life,Romance
school of rock,Comedy
school of rock,Music
5 flights up,Comedy
5 flights up,Drama
community squad,Comedy
community squad,Crime
double threat,Action
double threat,Comedy
double threat,Thriller
the clandestine,Comedy
paranormal activity: next of kin,Horror
paranormal activity: next of kin,Mystery
paranormal activity: next of kin,Thriller
married with children,Comedy
all the places,Drama
all the places,Romance
chromosome 21,Crime
chromosome 21,Drama
chromosome 21,Thriller
queen,Drama
"malverde, el santo patrón",Drama
pedro el escamoso,Drama
40 years young,Comedy
dancing on glass,Drama
dancing on glass,Thriller
out of my league,Comedy
out of my league,Romance
sabotage,Action
sabotage,Crime
sabotage,Drama
million-follower detective,Crime
million-follower detective,Drama
million-follower detective,Thriller
hero without a class: who even needs skills?!,Action
hero without a class: who even needs skills?!,Adventure
hero without a class: who even needs skills?!,Animation
materialists,Comedy
materialists,Drama
materialists,Romance
gatao 2: rise of the king,Crime
the brothers grimm,Action
the brothers grimm,Adventure
the brothers grimm,Comedy
campfire cooking in another world with my absurd skill,Adventure
campfire cooking in another world with my absurd skill,Animation
campfire cooking in another world with my absurd skill,Comedy
our generation,Romance
xxx: state of the union,Action
xxx: state of the union,Adventure
xxx: state of the union,Crime
face off 4: the walking guests,Comedy
face off 4: the walking guests,Horror
babel,Drama
the post-truth world,Crime
the post-truth world,Drama
the post-truth world,Mystery
under siege 2: dark territory,Action
under siege 2: dark territory,Adventure
under siege 2: dark territory,Thriller
shock wave 2,Action
shock wave 2,Crime
shock wave 2,Thriller
uncommon valor,Action
uncommon valor,Drama
uncommon valor,Thriller
belle,Biography
belle,Drama
the battle of jangsari,War
rv: resurrected victims,Action
rv: resurrected victims,Mystery
rv: resurrected victims,Thriller
empresses in the palace,Drama
empresses in the palace,History
empresses in the palace,Romance
the accidental detective 2: in action,Action
the accidental detective 2: in action,Comedy
the accidental detective 2: in action,Crime
arisaka,Action
arisaka,Thriller
resident evil: the final chapter,Action
resident evil: the final chapter,Horror
resident evil: the final chapter,Sci-Fi
risen,Action
risen,Drama
risen,History
i feel pretty,Comedy
i feel pretty,Romance
shell,Action
shell,Crime
shell,Drama
texas rangers,Action
texas rangers,Adventure
texas rangers,Crime
congo,Action
congo,Adventure
congo,Mystery
elf,Adventure
elf,Comedy
elf,Family
dennis the menace,Comedy
dennis the menace,Family
rat race,Action
rat race,Adventure
rat race,Comedy
thelma,Adventure
thelma,Crime
thelma,Drama
maxxxine,Crime
maxxxine,Horror
before dawn,Action
before dawn,Biography
before dawn,Crime
dead lucky,Crime
dead lucky,Thriller
australia day,Drama
captive state,Sci-Fi
captive state,Thriller
happiest season,Comedy
happiest season,Romance
the kid detective,Comedy
the kid detective,Crime
the kid detective,Drama
blockbuster,Comedy
how to build a sex room,Reality-TV
uss indianapolis: men of courage,Action
uss indianapolis: men of courage,Drama
uss indianapolis: men of courage,History
the mindy project,Comedy
last madame,Drama
bring her back,Horror
bring her back,Mystery
overlord,Action
overlord,Horror
overlord,Sci-Fi
straw dogs,Crime
straw dogs,Drama
straw dogs,Thriller
the mauritanian,Biography
the mauritanian,Drama
the mauritanian,Thriller
the hitcher,Mystery
the hitcher,Thriller
a few good men,Drama
a few good men,Thriller
dave,Comedy
dave,Romance
a quiet place,Drama
a quiet place,Horror
a quiet place,Sci-Fi
the goldfish,Comedy
my best friend's girl,Comedy
my best friend's girl,Romance
buba,Comedy
buba,Crime
buba,Drama
the grudge,Horror
the grudge,Mystery
the grudge,Thriller
chasing the line,Biography
chasing the line,Drama
chasing the line,Sport
looney tunes: back in action,Adventure
looney tunes: back in action,Animation
looney tunes: back in action,Comedy
blue therapy,Documentary
blue therapy,Reality-TV
the juror,Crime
the juror,Drama
the juror,Thriller
surf's up,Adventure
surf's up,Animation
surf's up,Comedy
the ultimatum: south africa,Reality-TV
smart casuals,Romance
paul blart: mall cop,Action
paul blart: mall cop,Comedy
paul blart: mall cop,Crime
ijakumo: the born again stripper,Drama
not me,Romance
not me,Thriller
chak de! india,Drama
chak de! india,Family
chak de! india,Sport
wanita ahli neraka,Horror
laila majnu,Drama
laila majnu,Romance
student of the year 2,Action
student of the year 2,Comedy
student of the year 2,Drama
mister mummy,Comedy
mister mummy,Drama
happy new year,Action
happy new year,Comedy
happy new year,Drama
indian predator: the diary of a serial killer,Crime
indian predator: the diary of a serial killer,Documentary
indian predator: the diary of a serial killer,History
football parents,Comedy
football parents,Sport
the fault in our stars,Drama
the fault in our stars,Romance
the water diviner,Drama
the water diviner,History
the water diviner,War
asterix: the secret of the magic potion,Adventure
asterix: the secret of the magic potion,Animation
asterix: the secret of the magic potion,Comedy
the memory game,Mystery
the memory game,Thriller
bardot,Biography
bardot,Drama
bardot,History
first man,Biography
first man,Drama
first man,History
baraki,Comedy
gasoline alley,Action
gasoline alley,Thriller
the auschwitz report,Drama
the auschwitz report,History
the auschwitz report,War
future world,Action
future world,Adventure
future world,Sci-Fi
little man,Comedy
little man,Crime
the seven deadly sins: cursed by light,Action
the seven deadly sins: cursed by light,Adventure
the seven deadly sins: cursed by light,Animation
scooby-doo,Adventure
scooby-doo,Comedy
scooby-doo,Family
hostile takeover,Action
hostile takeover,Comedy
hostile takeover,Crime
elize matsunaga: once upon a crime,Biography
elize matsunaga: once upon a crime,Crime
elize matsunaga: once upon a crime,Documentary
my bloody valentine,Horror
my bloody valentine,Mystery
my bloody valentine,Thriller
luccas neto em: uma aventura no zoológico,Adventure
luccas neto em: uma aventura no zoológico,Comedy
the family that sings together: the camargos,Music
the family that sings together: the camargos,Reality-TV
beauty and the beast,Animation
beauty and the beast,Family
beauty and the beast,Fantasy
dead poets society,Comedy
dead poets society,Drama
one life,Biography
one life,Drama
one life,History
crocodile dundee,Adventure
crocodile dundee,Comedy
becky,Action
becky,Crime
becky,Drama
ted k,Biography
ted k,Crime
ted k,Drama
hate to love: nickelback,Documentary
hate to love: nickelback,Music
bad country,Action
bad country,Crime
bad country,Drama
the perfect storm,Action
the perfect storm,Adventure
the perfect storm,Drama
only god forgives,Action
only god forgives,Crime
only god forgives,Drama
a mouthful of air,Drama
50 to 1,Drama
cutthroat island,Action
cutthroat island,Adventure
cutthroat island,Comedy
the long kiss goodnight,Action
the long kiss goodnight,Crime
the long kiss goodnight,Drama
wentworth,Crime
wentworth,Drama
wentworth,Thriller
rocketman,Biography
rocketman,Drama
rocketman,Music
nepela,Biography
nepela,Drama
lost souls,Horror
lost souls,Sci-Fi
change my mind,Comedy
change my mind,Drama
change my mind,Family
aneta,Documentary
her drunken diary,Drama
adikts,Comedy
adikts,Drama
borders of love,Drama
párty hárder: summer massacre,Comedy
kontra,Drama
you don't mess with the zohan,Action
you don't mess with the zohan,Comedy
wizzo school,Comedy
apple of my eyes,Comedy
apple of my eyes,Drama
apple of my eyes,Romance
blade,Action
blade,Drama
blade,Sci-Fi
ghost,Action
ghost,Adventure
ghost,Thriller
slam dunk,Animation
slam dunk,Comedy
slam dunk,Drama
lokillo,Comedy
the holy family,Drama
the holy family,Romance
'71,Action
'71,Crime
'71,Drama
black & white world,Comedy
black & white world,Drama
the outsiders,Crime
the outsiders,Drama
the outsiders,Horror
tall girl,Comedy
tall girl,Drama
tall girl,Family
what if...,Action
what if...,Adventure
what if...,Animation
un-ex you,Comedy
un-ex you,Romance
right time,Comedy
right time,Drama
dominion of darkness,Horror
chances are you and i,Drama
chances are you and i,Romance
3 days 2 nights in poblacion,Drama
road trip,Comedy
ikaw pa rin ang pipiliin ko,Drama
ikaw pa rin ang pipiliin ko,Music
ikaw pa rin ang pipiliin ko,Romance
step up 3,Sport
the darkest hour,Action
the darkest hour,Adventure
the darkest hour,Horror
crying ladies,Comedy
crying ladies,Drama
deleted,Thriller
2 good 2 be true,Comedy
2 good 2 be true,Drama
2 good 2 be true,Romance
arthdal chronicles,Action
arthdal chronicles,Drama
arthdal chronicles,Fantasy
mina-anud,Comedy
mina-anud,Crime
mina-anud,Drama
momshies! your soul is mine,Comedy
the upside,Comedy
the upside,Drama
law school,Crime
law school,Drama
law school,Mystery
screw mickiewicz 2,Comedy
screw mickiewicz 2,Drama
seks dla opornych,Comedy
the interns,Comedy
the interns,Drama
blowback,Action
blowback,Crime
blowback,Thriller
two hearts,Drama
two hearts,History
dear mother,Comedy
investors,Reality-TV
sugar and stars,Biography
sugar and stars,Drama
10 lives,Crime
10 lives,Thriller
with open arms,Comedy
porn in the hood,Comedy
chacun chez soi,Comedy
a bag of marbles,Biography
a bag of marbles,Drama
a bag of marbles,History
mia and the white lion,Adventure
mia and the white lion,Drama
mia and the white lion,Family
(girl)friend,Comedy
(girl)friend,Romance
bad seeds,Drama
bad seeds,Horror
bad seeds,Thriller
paris express,Crime
paris express,Drama
gangsterdam,Action
gangsterdam,Adventure
gangsterdam,Comedy
tamara vol. 2,Comedy
tamara vol. 2,Romance
tamara,Comedy
tamara,Drama
tamara,Romance
marie-francine,Comedy
barbecue,Comedy
paradise beach,Action
paradise beach,Thriller
chestnut: hero of central park,Comedy
chestnut: hero of central park,Drama
chestnut: hero of central park,Family
problemos,Comedy
the transporter,Action
the transporter,Crime
the transporter,Thriller
esaaf,Adventure
esaaf,Comedy
esaaf,Thriller
masameer county,Animation
masameer county,Comedy
masameer county,Drama
the book of sun,Comedy
a woman's life,Drama
birth of a beauty,Comedy
birth of a beauty,Romance
close ur kopitiam,Comedy
close ur kopitiam,Drama
black blood,Crime
black blood,Drama
black blood,Horror
memori,Crime
memori,Drama
memori,Mystery
memoir seorang guru,Biography
memoir seorang guru,Drama
memoir seorang guru,History
money no enough 3,Comedy
money no enough 3,Crime
money no enough 3,Drama
the hungover games,Adventure
the hungover games,Comedy
the hungover games,Fantasy
food tales,Animation
vietnamese horror story,Horror
vietnamese horror story,Thriller
reset,Comedy
reset,Romance
united 93,Action
united 93,Drama
united 93,History
bulan & pria terhebat,Action
bulan & pria terhebat,Adventure
bulan & pria terhebat,Comedy
reveillon,Comedy
reveillon,Drama
family vacation,Comedy
palm beach,Comedy
palm beach,Romance
singleholic,Romance
aki and paw paw,Comedy
aki and paw paw,Drama
step up: all in,Drama
step up: all in,Music
step up: all in,Romance
kedibone,Drama
devils stay,Drama
devils stay,Horror
devils stay,Mystery
kingmaker,Biography
kingmaker,Documentary
kingmaker,History
virus,Action
virus,Horror
virus,Sci-Fi
shiri,Action
shiri,Thriller
lost in starlight,Animation
lost in starlight,Comedy
lost in starlight,Drama
about family,Comedy
concerning my daughter,Drama
one on one,Drama
veteran,Action
veteran,Comedy
veteran,Crime
fatal intuition,Crime
fatal intuition,Thriller
han gong-ju,Crime
han gong-ju,Drama
"secretly, greatly",Action
"secretly, greatly",Comedy
"secretly, greatly",Drama
beauty and mr. romantic,Drama
beauty and mr. romantic,Family
beauty and mr. romantic,Romance
a tour guide,Adventure
a tour guide,Comedy
a tour guide,Romance
hail to hell,Adventure
hail to hell,Drama
longing for you,Crime
longing for you,Drama
longing for you,Mystery
the deal,Comedy
the deal,Crime
"my love, my bride",Comedy
"my love, my bride",Romance
good morning,Biography
good morning,Comedy
good morning,Drama
innocence,Crime
innocence,Drama
innocence,Mystery
the aftermath of murder,Drama
the aftermath of murder,Thriller
welcome to wedding hell,Drama
welcome to wedding hell,Romance
nailed,Drama
mad for each other,Comedy
mad for each other,Drama
mad for each other,Romance
paik's spirit,Talk-Show
univerxo dabiz,Documentary
the lazarus effect,Horror
the lazarus effect,Mystery
the lazarus effect,Sci-Fi
insiders,Adventure
insiders,Animation
insiders,Comedy
bhaje vaayu vegam,Action
bhaje vaayu vegam,Crime
bhaje vaayu vegam,Drama
por,Comedy
por,Romance
aadikeshava,Action
aadikeshava,Drama
love leads to the success,Drama
love leads to the success,Fantasy
ajoomma,Adventure
ajoomma,Comedy
ajoomma,Drama
see you at the rally,Drama
see you at the rally,Sport
a wedding invitation,Drama
a wedding invitation,Romance
me and my condemned son,Documentary
bring it on!,Comedy
bring it on!,Romance
bring it on!,Sport
you are my secret,Drama
will love in spring,Drama
will love in spring,Family
will love in spring,Romance
unnatural,Drama
unnatural,Mystery
the last immortal,Drama
the last immortal,Fantasy
the last immortal,Romance
once upon a time in hong kong,Action
once upon a time in hong kong,Crime
once upon a time in hong kong,History
cassiopeia,Comedy
cassiopeia,Fantasy
cassiopeia,Musical
good night world,Animation
good night world,Comedy
good night world,Drama
seven days,Action
seven days,Adventure
seven days,Comedy
new life begins,Comedy
new life begins,Drama
new life begins,History
hi venus,Drama
blackpink: light up the sky,Documentary
blackpink: light up the sky,Music
hidden man,Action
hidden man,Crime
hidden man,Drama
my hero academia: world heroes' mission,Action
my hero academia: world heroes' mission,Adventure
my hero academia: world heroes' mission,Animation
reclaim,Action
reclaim,Adventure
reclaim,Crime
the door into summer,Drama
the door into summer,Mystery
the door into summer,Sci-Fi
the making of an ordinary woman,Comedy
the making of an ordinary woman,Drama
masterchef thailand,Reality-TV
murder by the coast,Crime
murder by the coast,Documentary
murder by the coast,History
the dissidents,Crime
the dissidents,Documentary
the dissidents,Thriller
street flow,Crime
street flow,Drama
le dindon,Comedy
above the law,Action
above the law,Crime
above the law,Drama
through the fire,Drama
little white lies,Comedy
little white lies,Drama
black butterflies,Drama
black butterflies,Mystery
black butterflies,Thriller
lolo,Comedy
johnny hallyday: beyond rock,Biography
johnny hallyday: beyond rock,Documentary
johnny hallyday: beyond rock,Music
close enemies,Action
close enemies,Crime
close enemies,Thriller
zwei zu eins,Comedy
famagusta,Drama
famagusta,History
famagusta,Mystery
internal affairs,Crime
internal affairs,Drama
internal affairs,Thriller
shiboyugi: playing death games to put food on the table,Action
shiboyugi: playing death games to put food on the table,Animation
shiboyugi: playing death games to put food on the table,Drama
the photograph,Biography
the photograph,Drama
the photograph,History
"it's a mad, mad, mad world",Action
"it's a mad, mad, mad world",Adventure
"it's a mad, mad, mad world",Comedy
"bofuri: i don't want to get hurt, so i'll max out my defense.",Action
"bofuri: i don't want to get hurt, so i'll max out my defense.",Adventure
"bofuri: i don't want to get hurt, so i'll max out my defense.",Animation
time,Comedy
time,Drama
big bullet,Action
big bullet,Crime
big bullet,Thriller
jurassic park iii,Action
jurassic park iii,Adventure
jurassic park iii,Sci-Fi
clean with passion for now,Comedy
clean with passion for now,Romance
the fable,Drama
tidal wave,Action
tidal wave,Drama
tidal wave,Sci-Fi
bg personal bodyguard,Drama
gone running,Comedy
gone running,Romance
home guards,Drama
wild roots,Drama
island of hope,Documentary
intolerable cruelty,Comedy
intolerable cruelty,Crime
intolerable cruelty,Romance
amigos,Comedy
amigos,Western
maha samudram,Drama
twisted fate,Comedy
twisted fate,Drama
believe: the ultimate battle,Action
believe: the ultimate battle,Drama
believe: the ultimate battle,History
assalamualaikum baitullah,Drama
assalamualaikum baitullah,Romance
ne zha 2,Action
ne zha 2,Adventure
ne zha 2,Animation
risky business,Comedy
risky business,Crime
risky business,Drama
montir cantik,Action
montir cantik,Drama
montir cantik,Romance
rumah masa depan,Drama
missing home,Adventure
missing home,Drama
missing home,Family
jin & jun,Comedy
jin & jun,Fantasy
why do you love me,Comedy
why do you love me,Drama
hari yang dijanjikan,Drama
sherina's adventure,Adventure
sherina's adventure,Comedy
sherina's adventure,Drama
tainted soul,Horror
ghost writer 2,Comedy
ghost writer 2,Drama
ghost writer 2,Horror
satria dewa: gatotkaca,Action
satria dewa: gatotkaca,Adventure
satria dewa: gatotkaca,Drama
critical eleven,Drama
critical eleven,Romance
it's always sunny in philadelphia,Comedy
and mrs,Comedy
and mrs,Drama
and mrs,Fantasy
second act,Comedy
second act,Drama
second act,Romance
catastrophe,Comedy
the syndicate,Action
the syndicate,Adventure
the syndicate,Animation
the war below,Drama
the war below,History
the war below,War
save the date,Comedy
save the date,Romance
nevsu,Comedy
casino,Action
casino,Adventure
casino,Thriller
operation finale,Biography
operation finale,Drama
operation finale,History
fantasy football ruined our lives,Comedy
e poi si vede,Comedy
l'abbaglio,Drama
io e te dobbiamo parlare,Comedy
io e te dobbiamo parlare,Crime
i am ilary,Reality-TV
sheroes,Action
sheroes,Adventure
sheroes,Comedy
the hummingbird,Drama
the hummingbird,Thriller
per elisa – il caso claps,Thriller
cambio tutto!,Comedy
i peggiori giorni,Comedy
non mentire,Drama
non mentire,Thriller
i cesaroni,Comedy
i cesaroni,Drama
i cesaroni,Family
tear along the dotted line,Animation
tear along the dotted line,Comedy
tear along the dotted line,Drama
welcome at esposito's,Comedy
sono tornato,Comedy
sono tornato,Drama
sounds of winter,Biography
it is my husband,Crime
muroi shinji: not defeated,Crime
muroi shinji: not defeated,Drama
muroi shinji: not defeated,Mystery
my so has depression,Drama
bogus skill <<fruitmaster>> ~about that time i became able to eat unlimited numbers of skill fruits (that kill you) ~,Action
bogus skill <<fruitmaster>> ~about that time i became able to eat unlimited numbers of skill fruits (that kill you) ~,Adventure
bogus skill <<fruitmaster>> ~about that time i became able to eat unlimited numbers of skill fruits (that kill you) ~,Animation
siren,Comedy
siren,Drama
the unaware atelier meister,Action
the unaware atelier meister,Adventure
the unaware atelier meister,Animation
mogura,Animation
mogura,Comedy
mogura,Mystery
egoist,Drama
egoist,Romance
the daily life of a middle-aged online shopper in another world,Animation
the daily life of a middle-aged online shopper in another world,Comedy
the daily life of a middle-aged online shopper in another world,Fantasy
assassination classroom,Action
assassination classroom,Animation
assassination classroom,Comedy
the last 10 years,Drama
the last 10 years,Romance
dreaming of the meridian arc,Comedy
dreaming of the meridian arc,Drama
dreaming of the meridian arc,History
my new boss is goofy,Animation
my new boss is goofy,Comedy
ox-head village,Horror
ox-head village,Mystery
the fish tale,Biography
the fish tale,Comedy
the fish tale,Drama
graceful family,Drama
graceful family,Mystery
graceful family,Romance
invisible,Drama
invisible,Horror
invisible,Mystery
dearest,Biography
dearest,Drama
jump!!: the heroes behind the gold,Biography
jump!!: the heroes behind the gold,Drama
jump!!: the heroes behind the gold,Sport
another miss oh,Comedy
another miss oh,Fantasy
another miss oh,Romance
sword art online the movie: ordinal scale,Action
sword art online the movie: ordinal scale,Adventure
sword art online the movie: ordinal scale,Animation
my dear exes,Romance
yakitate!! japan,Animation
yakitate!! japan,Comedy
yakitate!! japan,Drama
blind witness,Crime
blind witness,Drama
blind witness,Thriller
dark minds,Action
dark minds,Adventure
dark minds,Drama
blessed benefit,Comedy
blessed benefit,Drama
seven figures,Comedy
kathmandu,Action
kathmandu,Crime
kathmandu,Thriller
forgiveness,Action
forgiveness,Crime
forgiveness,Drama
44 hours,Documentary
devil is a liar,Drama
devil is a liar,Thriller
mvera,Drama
a grand little lie,Comedy
a grand little lie,Drama
my village people,Comedy
my village people,Fantasy
zero dark thirty,Drama
zero dark thirty,History
zero dark thirty,Thriller
getaway,Drama
getaway,Mystery
getaway,Thriller
a nice girl like you,Comedy
a nice girl like you,Romance
time out,Crime
time out,Drama
time out,Mystery
the women and the murderer,Crime
the women and the murderer,Documentary
walid,Comedy
walid,Drama
adai mazhai kaalam,Drama
adai mazhai kaalam,Fantasy
adai mazhai kaalam,Romance
jwanita,Horror
jwanita,Mystery
jwanita,Thriller
upin & ipin: jeng jeng jeng!,Drama
upin & ipin: jeng jeng jeng!,Family
upin & ipin: jeng jeng jeng!,Fantasy
juvana,Action
juvana,Crime
juvana,Drama
bharat,Action
bharat,Comedy
bharat,Drama
the phantom of the opera,Drama
the phantom of the opera,Musical
the phantom of the opera,Romance
hugo,Adventure
hugo,Drama
hugo,Family
ladies in lavender,Drama
ladies in lavender,Music
ladies in lavender,Romance
below deck mediterranean,Reality-TV
wild oats,Action
wild oats,Adventure
wild oats,Comedy
suzan & freek: between you & me,Documentary
arbitrage,Drama
arbitrage,Thriller
panama,Drama
panama,Thriller
f*ck de liefde,Comedy
f*ck de liefde,Romance
herrie in huize gerri,Comedy
interview with the vampire,Drama
interview with the vampire,Fantasy
interview with the vampire,Horror
i am sam,Drama
one too many,Comedy
one too many,Horror
one too many,Mystery
sons of the caliphate,Drama
a lot like love,Comedy
a lot like love,Drama
a lot like love,Romance
the plan,Action
the plan,Drama
the plan,Sci-Fi
all na vibes,Drama
all na vibes,Thriller
kasala!,Comedy
finding hubby 2,Comedy
finding hubby 2,Romance
special jollof,Drama
swallow,Drama
swallow,History
swallow,Thriller
mica,Comedy
mica,Talk-Show
adios amigos,Comedy
adios amigos,Drama
ladies vs ricky bahl,Comedy
ladies vs ricky bahl,Crime
ladies vs ricky bahl,Drama
dark shadows,Comedy
dark shadows,Fantasy
dark shadows,Horror
the craft: legacy,Comedy
the craft: legacy,Drama
the craft: legacy,Fantasy
journey to the center of the earth,Action
journey to the center of the earth,Adventure
journey to the center of the earth,Family
yellowjackets,Drama
yellowjackets,Horror
yellowjackets,Mystery
the last stand,Action
the last stand,Adventure
the last stand,Sci-Fi
heartland,Drama
heartland,Family
erdal ile ece,Comedy
the looney tunes show,Adventure
the looney tunes show,Animation
the looney tunes show,Comedy
before valentine's,Romance
river runs red,Drama
river runs red,Thriller
the brothers grimsby,Action
the brothers grimsby,Adventure
the brothers grimsby,Comedy
the smart money woman,Drama
indian matchmaking,Documentary
indian matchmaking,Family
indian matchmaking,News
escape plan,Action
escape plan,Thriller
five feet apart,Drama
five feet apart,Romance
spider-man: far from home,Action
spider-man: far from home,Adventure
spider-man: far from home,Comedy
can you see us?,Drama
good times,Crime
good times,Drama
good times,Thriller
colombiana,Action
colombiana,Crime
colombiana,Drama
christmas flow,Comedy
christmas flow,Music
christmas flow,Romance
211,Action
211,Crime
211,Drama
happiness ever after,Drama
happiness ever after,Romance
double team,Action
double team,Comedy
double team,Sci-Fi
little,Comedy
little,Drama
brightburn,Drama
brightburn,Fantasy
brightburn,Horror
under the tuscan sun,Comedy
under the tuscan sun,Drama
under the tuscan sun,Romance
on the come up,Comedy
on the come up,Drama
on the come up,Music
the best of enemies,Biography
the best of enemies,Drama
the best of enemies,History
the kite runner,Drama
blood and money,Drama
blood and money,Thriller
christmas full of grace,Comedy
christmas full of grace,Romance
bullet to the head,Action
bullet to the head,Crime
bullet to the head,Thriller
a bad moms christmas,Comedy
searching,Drama
searching,Mystery
searching,Thriller
the turning,Drama
the turning,Romance
olympus has fallen,Action
olympus has fallen,Thriller
far from home,Action
far from home,Adventure
far from home,Comedy
the gift,Drama
the gift,Mystery
the gift,Thriller
forsaken,Action
forsaken,Drama
forsaken,Western
minnal murali,Action
minnal murali,Comedy
minnal murali,Drama
in line,Action
in line,Crime
in line,Drama
heart parade,Comedy
heart parade,Romance
miami vice,Action
miami vice,Crime
miami vice,Drama
power rangers dino fury,Action
power rangers dino fury,Adventure
power rangers dino fury,Comedy
my sassy wedding,Comedy
my sassy wedding,Romance
you are the apple of my eye,Comedy
you are the apple of my eye,Drama
you are the apple of my eye,Romance
legend of the female general,Action
legend of the female general,Drama
legend of the female general,Romance
captive heart,Drama
captive heart,War
only you,Action
only you,Adventure
only you,Thriller
monster island,Horror
baghead,Horror
baghead,Mystery
baghead,Thriller
project silence,Action
project silence,Horror
project silence,Sci-Fi
game of succession,Drama
game of succession,Mystery
game of succession,Romance
seobok,Action
seobok,Drama
seobok,Sci-Fi
shotgun wedding,Action
shotgun wedding,Comedy
shotgun wedding,Romance
spring garden,Horror
spring garden,Thriller
bat war,Action
bat war,Adventure
bat war,Animation
"past life, present love",Drama
the moon,Action
the moon,Adventure
the moon,Comedy
lovely runner,Comedy
lovely runner,Drama
lovely runner,Fantasy
my secret zone,Drama
my secret zone,Romance
elevator game,Horror
elevator game,Thriller
talk to me,Horror
talk to me,Thriller
i was reincarnated as the 7th prince so i can take my time perfecting my magical ability,Adventure
i was reincarnated as the 7th prince so i can take my time perfecting my magical ability,Animation
i was reincarnated as the 7th prince so i can take my time perfecting my magical ability,Comedy
dog,Crime
dog,Thriller
not friends,Comedy
not friends,Drama
mantra warrior: the legend of the eight moons,Action
mantra warrior: the legend of the eight moons,Adventure
mantra warrior: the legend of the eight moons,Animation
ride on,Action
ride on,Comedy
ride on,Drama
bastille day,Comedy
bastille day,Fantasy
postman,Action
postman,Adventure
postman,Drama
final destination 5,Horror
final destination 5,Thriller
my girl (remastered in 4k),Comedy
my girl (remastered in 4k),Romance
my daemon,Adventure
my daemon,Animation
my daemon,Fantasy
the bride of naga,Drama
the bride of naga,Fantasy
the bride of naga,Romance
the first purge,Action
the first purge,Horror
the first purge,Sci-Fi
guardians,Action
guardians,Adventure
guardians,Comedy
project wolf hunting,Action
project wolf hunting,Crime
project wolf hunting,Horror
mr. queen,Comedy
mr. queen,Drama
mr. queen,Fantasy
khun pan,Action
khun pan,Fantasy
the babysitter: killer queen,Comedy
the babysitter: killer queen,Horror
lookism,Action
lookism,Animation
lookism,Drama
friend zone,Comedy
friend zone,Romance
sh**ting stars,Drama
sh**ting stars,Fantasy
sh**ting stars,Romance
the fabric,Documentary
bad guys,Adventure
bad guys,Animation
bad guys,Comedy
training day,Crime
training day,Drama
training day,Thriller
one the woman,Crime
one the woman,Drama
one the woman,Film-Noir
once upon a small town,Comedy
once upon a small town,Drama
once upon a small town,Romance
a model family,Crime
a model family,Drama
a model family,Thriller
darlings,Drama
darlings,Mystery
darlings,Thriller
police university,Comedy
police university,Drama
police university,Mystery
fast & feel love,Action
fast & feel love,Comedy
fast & feel love,Drama
she would never know,Drama
she would never know,Romance
"love, rosie",Comedy
"love, rosie",Romance
one for the road,Comedy
one for the road,Crime
one for the road,Drama
som pla noi,Comedy
som pla noi,Romance
the sound of magic,Drama
the sound of magic,Fantasy
the sound of magic,Music
yakamoz s-245,Action
yakamoz s-245,Adventure
yakamoz s-245,Drama
hotel lake,Drama
app war,Comedy
app war,Fantasy
love and leashes,Comedy
love and leashes,Romance
the privilege,Drama
the privilege,Thriller
color out of space,Horror
color out of space,Mystery
color out of space,Sci-Fi
the whole truth,Crime
the whole truth,Drama
the whole truth,Mystery
extinct,Action
extinct,Adventure
extinct,Comedy
my boss is a serial killer,Comedy
my boss is a serial killer,Mystery
my boss is a serial killer,Thriller
haunted tales,Horror
collectors,Crime
collectors,Drama
collectors,Mystery
metamorphosis,Horror
metamorphosis,Thriller
acts of violence,Action
acts of violence,Crime
acts of violence,Thriller
"yours, mine and ours",Comedy
"yours, mine and ours",Family
killing eve,Action
killing eve,Adventure
killing eve,Drama
the bourne supremacy,Action
the bourne supremacy,Mystery
the bourne supremacy,Thriller
just mercy,Biography
just mercy,Crime
just mercy,Drama
crazy rich asians,Comedy
crazy rich asians,Drama
crazy rich asians,Romance
liar liar,Comedy
liar liar,Fantasy
the best man holiday,Comedy
the best man holiday,Drama
daddy daughter trip,Comedy
jade,Comedy
jade,Crime
jade,Mystery
she's out of my league,Comedy
she's out of my league,Romance
trial period,Comedy
trial period,Drama
inglourious basterds,Adventure
inglourious basterds,Drama
inglourious basterds,War
december 31st express,Comedy
blind vacation,Comedy
blind vacation,Romance
cape fear,Crime
cape fear,Drama
cape fear,Thriller
kate & leopold,Comedy
kate & leopold,Fantasy
kate & leopold,Romance
the firm,Drama
the firm,Mystery
the firm,Thriller
ex machina,Drama
ex machina,Sci-Fi
ex machina,Thriller
coming to america,Comedy
coming to america,Romance
my little pony: make your mark,Adventure
my little pony: make your mark,Animation
my little pony: make your mark,Comedy
bird box,Horror
bird box,Mystery
bird box,Sci-Fi
city of lies,Biography
city of lies,Crime
city of lies,Drama
sexify,Comedy
sexify,Drama
how to build a girl,Comedy
no way up,Action
no way up,Adventure
no way up,Drama
wild card,Action
wild card,Crime
wild card,Drama
vash level 2,Horror
vash level 2,Thriller
odum kuthira chadum kuthira,Comedy
odum kuthira chadum kuthira,Romance
harry potter and the chamber of secrets,Adventure
harry potter and the chamber of secrets,Family
harry potter and the chamber of secrets,Fantasy
harry potter and the prisoner of azkaban,Adventure
harry potter and the prisoner of azkaban,Family
harry potter and the prisoner of azkaban,Fantasy
el dashash,Action
el dashash,Comedy
the greatest rivalry: india vs pakistan,Documentary
the greatest rivalry: india vs pakistan,Sport
face to face,Drama
face to face,Fantasy
royal blood,Biography
royal blood,Drama
royal blood,History
killer soup,Comedy
killer soup,Drama
killer soup,Thriller
ittefaq,Mystery
ittefaq,Thriller
gatta kusthi,Comedy
gatta kusthi,Drama
gatta kusthi,Romance
goodbye,Comedy
goodbye,Crime
goodbye,Drama
kumari,Family
kumari,Romance
godse,Action
godse,Drama
godse,Fantasy
operation romeo,Drama
operation romeo,Mystery
the switch,Comedy
the switch,Drama
the switch,Romance
jana gana mana,Drama
jana gana mana,Thriller
white hot: the rise & fall of abercrombie & fitch,Documentary
sooryavanshi,Action
sooryavanshi,Crime
sooryavanshi,Drama
newton's cradle,Drama
newton's cradle,Thriller
spider-man,Action
spider-man,Adventure
spider-man,Fantasy
thalaivii,Action
thalaivii,Comedy
thalaivii,Drama
friends,Comedy
friends,Romance
the victim,Drama
the victim,Horror
the victim,Mystery
the middle,Comedy
the middle,Drama
the middle,Family
anniversary,Thriller
a prayer before dawn,Action
a prayer before dawn,Biography
a prayer before dawn,Crime
everwood,Drama
the widower,Action
the widower,Drama
the widower,Mystery
fearless,Action
fearless,Biography
fearless,Drama
the escape artist,Drama
the escape artist,Thriller
matchroom: the greatest showmen,Documentary
matchroom: the greatest showmen,Sport
plebs,Comedy
plebs,History
wwe money in the bank,Sport
black work,Crime
black work,Drama
black work,Thriller
unforgettable,Crime
unforgettable,Drama
unforgettable,Mystery
cellular,Action
cellular,Crime
cellular,Thriller
romeo must die,Action
romeo must die,Crime
romeo must die,Thriller
"alice, darling",Drama
"alice, darling",Mystery
"alice, darling",Romance
cold call,Drama
sting,Comedy
sting,Crime
sting,Drama
the inheritance,Biography
the inheritance,Drama
the inheritance,History
cobweb,Horror
cobweb,Mystery
cobweb,Thriller
horizon line,Adventure
horizon line,Drama
horizon line,Horror
billy elliot,Drama
billy elliot,Music
death comes to pemberley,Drama
death comes to pemberley,Mystery
death comes to pemberley,Romance
haunt,Drama
haunt,Horror
haunt,Mystery
reminiscence,Mystery
reminiscence,Romance
reminiscence,Sci-Fi
the suicide squad,Action
the suicide squad,Adventure
the suicide squad,Comedy
the hangover: part ii,Comedy
logan lucky,Action
logan lucky,Comedy
logan lucky,Crime
tim,Comedy
tim,Drama
harry potter and the deathly hallows: part 1,Adventure
harry potter and the deathly hallows: part 1,Family
harry potter and the deathly hallows: part 1,Fantasy
the sister,Drama
the sister,Western
below deck,Reality-TV
nocebo,Horror
nocebo,Thriller
bad boys ii,Action
bad boys ii,Comedy
bad boys ii,Crime
little angel,Drama
vatican girl: the disappearance of emanuela orlandi,Crime
vatican girl: the disappearance of emanuela orlandi,Documentary
vatican girl: the disappearance of emanuela orlandi,History
knuckle,Action
knuckle,Adventure
knuckle,Comedy
gaslit by my husband: the morgan metzer story,Drama
the last witch hunter,Action
the last witch hunter,Adventure
the last witch hunter,Fantasy
mike birbiglia: the good life,Comedy
mike birbiglia: the good life,Documentary
the walking dead: dead city,Action
the walking dead: dead city,Adventure
the walking dead: dead city,Drama
next friday,Comedy
the comeback: 2004 boston red sox,Documentary
the comeback: 2004 boston red sox,Sport
black sails,Action
black sails,Adventure
black sails,Drama
brian simpson: live from the mothership,Comedy
brian simpson: live from the mothership,Documentary
think like a man too,Comedy
think like a man too,Romance
fried green tomatoes,Drama
blood and bone,Action
blood and bone,Crime
blood and bone,Drama
teen titans go! to the movies,Action
teen titans go! to the movies,Adventure
teen titans go! to the movies,Animation
tacoma fd,Comedy
neighbors,Adventure
neighbors,Animation
neighbors,Comedy
stavros halkias: fat rascal,Comedy
stavros halkias: fat rascal,Documentary
bebefinn,Animation
bebefinn,Family
bebefinn,Music
dredd,Action
dredd,Crime
dredd,Sci-Fi
annihilation,Adventure
annihilation,Drama
annihilation,Horror
bridesmaids,Comedy
this is where i leave you,Comedy
this is where i leave you,Drama
i am vanessa guillen,Crime
i am vanessa guillen,Documentary
scooby-doo 2: monsters unleashed,Adventure
scooby-doo 2: monsters unleashed,Comedy
scooby-doo 2: monsters unleashed,Family
the munsters,Comedy
the munsters,Family
the munsters,Fantasy
disappearance at clifton hill,Drama
disappearance at clifton hill,Mystery
disappearance at clifton hill,Thriller
john rambo,Comedy
sherlock holmes: a game of shadows,Action
sherlock holmes: a game of shadows,Adventure
sherlock holmes: a game of shadows,Mystery
a walk among the tombstones,Action
a walk among the tombstones,Crime
a walk among the tombstones,Drama
oldboy,Action
oldboy,Drama
oldboy,Mystery
hubie halloween,Comedy
hubie halloween,Horror
hubie halloween,Mystery
time flies,Comedy
time flies,Crime
time flies,Drama
cabrini,Biography
cabrini,Drama
cabrini,History
the little hours,Comedy
the little hours,Romance
love of my life,Comedy
love of my life,Romance
danny collins,Comedy
danny collins,Drama
danny collins,Music
true grit,Drama
true grit,Western
why did i get married?,Comedy
why did i get married?,Drama
why did i get married?,Romance
feedback,Crime
feedback,Drama
untameable,Crime
untameable,Drama
untameable,Mystery
the tom and jerry show,Adventure
the tom and jerry show,Animation
the tom and jerry show,Comedy
stuart little,Adventure
stuart little,Comedy
stuart little,Family
café con aroma de mujer,Drama
café con aroma de mujer,Romance
the lulú club,Comedy
the lulú club,Drama
the last man on earth,Action
the last man on earth,Comedy
the last man on earth,Drama
the festival,Comedy
the festival,Music
the festival,Romance
inseparables,Drama
inseparables,Mystery
grace and grit,Biography
grace and grit,Drama
grace and grit,Romance
yesterday,Comedy
yesterday,Fantasy
yesterday,Music
confessions of an invisible girl,Comedy
confessions of an invisible girl,Drama
penguin bloom,Biography
penguin bloom,Drama
penguin bloom,Family
savage rhythm,Drama
savage rhythm,Music
the war next-door,Comedy
zomvivor,Horror
love in the clouds,Drama
strange frequencies: taiwan killer hospital,Horror
devil's diner,Drama
devil's diner,Horror
upstream,Drama
upstream,Mystery
upstream,Sci-Fi
the victims' game,Crime
the victims' game,Drama
the victims' game,Thriller
one piece film: gold,Action
one piece film: gold,Adventure
one piece film: gold,Animation
miss shampoo,Action
miss shampoo,Comedy
miss shampoo,Drama
camellia sisters,Drama
light the night,Crime
light the night,Drama
light the night,Mystery
space sweepers,Action
space sweepers,Adventure
space sweepers,Drama
parker,Action
parker,Crime
parker,Thriller
the berlin file,Action
the berlin file,Thriller
descendants of the sun,Action
descendants of the sun,Comedy
descendants of the sun,Drama
glitch,Drama
glitch,Horror
glitch,Sci-Fi
the time that remains,Drama
the time that remains,History
room,Drama
room,Thriller
primitive war,Action
primitive war,Adventure
primitive war,Horror
the convert,Action
the convert,Drama
the convert,History
the friend,Adventure
the friend,Comedy
the friend,Drama
undisputed,Action
undisputed,Crime
undisputed,Drama
the big c,Comedy
the big c,Drama
last breath,Drama
last breath,Thriller
mystify: michael hutchence,Biography
mystify: michael hutchence,Documentary
mystify: michael hutchence,Music
with or without you,Drama
with or without you,Romance
forgive us all,Drama
forgive us all,Horror
forgive us all,Sci-Fi
blood work,Action
blood work,Crime
blood work,Drama
mr. right,Action
mr. right,Comedy
mr. right,Crime
how to please a woman,Comedy
how to please a woman,Drama
how to please a woman,Romance
sleeping with other people,Comedy
sleeping with other people,Drama
sleeping with other people,Romance
good grief,Comedy
good grief,Drama
good grief,Romance
together together,Horror
together together,Romance
the cobbler,Comedy
the cobbler,Drama
the cobbler,Fantasy
my old lady,Comedy
my old lady,Drama
my old lady,Romance
7 days in entebbe,Action
7 days in entebbe,Drama
7 days in entebbe,History
the nightingale,Adventure
the nightingale,Drama
the nightingale,Thriller
fantastic beasts and where to find them,Adventure
fantastic beasts and where to find them,Family
fantastic beasts and where to find them,Fantasy
byron baes,Reality-TV
the internship,Comedy
am i ok?,Comedy
am i ok?,Drama
am i ok?,Fantasy
the surfer,Action
the surfer,Adventure
the surfer,Fantasy
almania,Comedy
kindergarten cop,Action
kindergarten cop,Comedy
kindergarten cop,Crime
christmas wonderland,Comedy
christmas wonderland,Crime
christmas wonderland,Family
marked,Horror
marked,Mystery
i can't live without you,Comedy
baramulla,Crime
baramulla,Horror
baramulla,Mystery
dead sea,Crime
dead sea,Thriller
kraven the hunter,Action
kraven the hunter,Adventure
kraven the hunter,Thriller
jamie foxx: what had happened was...,Comedy
jamie foxx: what had happened was...,Documentary
jamie foxx: what had happened was...,Music
the two popes,Biography
the two popes,Drama
sikandar ka muqaddar,Action
sikandar ka muqaddar,Crime
sikandar ka muqaddar,Drama
blood vessel,Fantasy
blood vessel,Horror
under the boardwalk,Adventure
under the boardwalk,Animation
under the boardwalk,Comedy
is it cake? holiday,Game-Show
is it cake? holiday,Reality-TV
idli kadai,Comedy
idli kadai,Drama
idli kadai,Sport
ferry: the series,Crime
ferry: the series,Drama
ferry: the series,Thriller
if,Biography
if,Crime
if,Drama
mikaela,Action
mikaela,Adventure
mikaela,Thriller
behind your touch,Comedy
behind your touch,Crime
behind your touch,Drama
rotten legacy,Drama
no tail to tell,Comedy
no tail to tell,Drama
no tail to tell,Fantasy
the most beautiful girl in the world,Comedy
the most beautiful girl in the world,Music
the most beautiful girl in the world,Romance
uptown girls,Comedy
uptown girls,Drama
uptown girls,Romance
romantics anonymous,Comedy
romantics anonymous,Romance
phir aayi hasseen dillruba,Crime
phir aayi hasseen dillruba,Drama
phir aayi hasseen dillruba,Mystery
crawl,Action
crawl,Horror
crawl,Thriller
chasing the wind,Drama
chasing the wind,Romance
lost,Action
lost,Adventure
sex and the city,Comedy
sex and the city,Drama
sex and the city,Romance
inspector zende,Comedy
inspector zende,Crime
jigra,Action
jigra,Crime
jigra,Drama
daily dose of sunshine,Drama
war 2,Action
war 2,Adventure
war 2,Thriller
along came a spider,Crime
along came a spider,Drama
along came a spider,Mystery
khel khel mein,Comedy
khel khel mein,Drama
maa,Action
maa,Adventure
maa,Sci-Fi
camp crasher,Comedy
50 seconds: the fernando báez sosa case,Crime
50 seconds: the fernando báez sosa case,Documentary
amaran,Action
amaran,Biography
amaran,Drama
freelance,Action
freelance,Comedy
the woman in the line,Biography
the woman in the line,Crime
the woman in the line,Drama
sniper: rogue mission,Action
sniper: rogue mission,Thriller
lust stories 2,Drama
lust stories 2,Romance
franklin,Comedy
franklin,Crime
franklin,Drama
the ba***ds of bollywood,Action
the ba***ds of bollywood,Adventure
the ba***ds of bollywood,Comedy
hitman,Action
hitman,Comedy
hitman,Crime
"ready, set, love",Comedy
"ready, set, love",Romance
made in korea,Adventure
made in korea,Drama
old henry,Action
old henry,Drama
old henry,Western
aap jaisa koi,Drama
aap jaisa koi,Romance
de de pyaar de 2,Comedy
de de pyaar de 2,Romance
between lands,Action
between lands,Adventure
between lands,Drama
jules,Drama
jules,Romance
asaf,Drama
asaf,Thriller
spy x family,Action
spy x family,Animation
spy x family,Comedy
melo movie,Drama
melo movie,Romance
attack 13,Crime
attack 13,Documentary
omg 2,Comedy
omg 2,Drama
the platform,Horror
the platform,Mystery
the platform,Sci-Fi
bhool bhulaiyaa 3,Comedy
bhool bhulaiyaa 3,Fantasy
bhool bhulaiyaa 3,Horror
27 nights,Comedy
27 nights,Drama
monster,Adventure
monster,Animation
monster,Comedy
dora and the lost city of gold,Action
dora and the lost city of gold,Adventure
dora and the lost city of gold,Comedy
the woman king,Action
the woman king,Drama
the woman king,History
subservience,Sci-Fi
subservience,Thriller
lucy,Action
lucy,Sci-Fi
lucy,Thriller
song of the bandits,Action
song of the bandits,Drama
song of the bandits,History
court: state vs a nobody,Drama
10 days of a bad man,Crime
10 days of a bad man,Drama
10 days of a bad man,Mystery
how to make millions before grandma dies,Comedy
how to make millions before grandma dies,Drama
how to make millions before grandma dies,Family
umjolo: the gone girl,Comedy
umjolo: the gone girl,Drama
umjolo: the gone girl,Romance
the frozen ground,Biography
the frozen ground,Crime
the frozen ground,Drama
a day to die,Action
a day to die,Thriller
sicario: day of the soldado,Action
sicario: day of the soldado,Crime
sicario: day of the soldado,Drama
girl from nowhere the reset,Drama
girl from nowhere the reset,Mystery
girl from nowhere the reset,Thriller
adipurush,Action
adipurush,Drama
as the crow flies,Drama
undercover miss hong,Comedy
undercover miss hong,Crime
undercover miss hong,Drama
test,Comedy
test,Drama
test,Fantasy
death whisperer 3,Action
death whisperer 3,Horror
death whisperer 3,Thriller
captivating the king,Drama
captivating the king,History
captivating the king,Romance
peter rabbit 2,Adventure
peter rabbit 2,Animation
peter rabbit 2,Comedy
ulajh,Crime
ulajh,Drama
ulajh,Thriller
delete,Thriller
war dogs,Biography
war dogs,Comedy
war dogs,Crime
blended,Comedy
blended,Romance
the many deaths of nora dalmasso,Crime
the many deaths of nora dalmasso,Documentary
the many deaths of nora dalmasso,History
tires,Comedy
mysteries of the faith,Documentary
mysteries of the faith,History
miss governor,Comedy
will,Drama
will,Romance
idol i,Documentary
idol i,Music
wrath of the titans,Action
wrath of the titans,Adventure
wrath of the titans,Fantasy
groom & two brides,Comedy
groom & two brides,Romance
regular show,Action
regular show,Adventure
regular show,Animation
crossroads,Comedy
crossroads,Drama
crossroads,Romance
scott pilgrim takes off,Action
scott pilgrim takes off,Adventure
scott pilgrim takes off,Animation
tear this heart out,Drama
maamla legal hai,Comedy
maamla legal hai,Drama
the archies,Comedy
the archies,Drama
the archies,Musical
quarterback,Documentary
quarterback,Sport
the night my dad saved christmas 2,Comedy
onimusha,Action
onimusha,Adventure
onimusha,Animation
terror tuesday: extreme,Drama
terror tuesday: extreme,Horror
terror tuesday: extreme,Thriller
ek chatur naar,Comedy
the hard way,Action
the hard way,Comedy
the hard way,Crime
the good bad mother,Action
the good bad mother,Adventure
the good bad mother,Animation
how to ruin love,Comedy
"meet, greet & bye",Drama
"meet, greet & bye",Family
the summer hikaru died,Animation
the summer hikaru died,Drama
the summer hikaru died,Horror
a bright lawyer,Comedy
valle salvaje,Documentary
and the breadwinner is...,Comedy
and the breadwinner is...,Drama
and the breadwinner is...,Family
queen mantis,Crime
queen mantis,Drama
queen mantis,Mystery
"the pig, the snake and the pigeon",Action
"the pig, the snake and the pigeon",Crime
"the pig, the snake and the pigeon",Drama
magic and muscles,Action
magic and muscles,Adventure
magic and muscles,Animation
umjolo: day ones,Drama
umjolo: day ones,Romance
kaantha,Crime
kaantha,Drama
kaantha,Horror
beyond goodbye,Drama
beyond goodbye,Romance
pursuit of jade,Drama
pursuit of jade,Romance
attack on titan,Action
attack on titan,Adventure
attack on titan,Animation
hatching,Drama
hatching,Fantasy
hatching,Horror
sumala,Horror
sumala,Thriller
temptation island,Game-Show
temptation island,Reality-TV
kung fu hustle,Action
kung fu hustle,Comedy
kung fu hustle,Fantasy
rifle club,Action
404,Drama
404,Mystery
404,Thriller
dhak dhak,Action
dhak dhak,Thriller
the truth about jussie smollett?,Documentary
eloá the hostage: live on tv,Crime
eloá the hostage: live on tv,Documentary
the influencer,Drama
the influencer,Romance
breaking the silence: the maria soledad case,Crime
breaking the silence: the maria soledad case,Documentary
conquer: lahad datu,Action
conquer: lahad datu,Crime
conquer: lahad datu,Drama
stranded with my mother-in-law,Reality-TV
one of them days,Comedy
the judge,Crime
the judge,Drama
the judge,Mystery
ballot,Crime
ballot,Drama
ballot,Film-Noir
grown ups 2,Comedy
the gringo hunters,Action
the gringo hunters,Crime
the gringo hunters,Drama
chicken nugget,Adventure
chicken nugget,Animation
chicken nugget,Comedy
represent,Documentary
elena knows,Drama
elena knows,Mystery
thammudu,Action
thammudu,Drama
thammudu,Sport
a letter to my youth,Drama
queenpins,Comedy
queenpins,Crime
mass jathara,Action
friendly rivalry,Action
friendly rivalry,Mystery
friendly rivalry,Thriller
ice road: vengeance,Action
ice road: vengeance,Adventure
ice road: vengeance,Thriller
tell them you love me,Documentary
river wild,Adventure
river wild,Crime
river wild,Thriller
trap house,Action
trap house,Crime
mardaani,Action
mardaani,Crime
mardaani,Drama
captain underpants: the first epic movie,Action
captain underpants: the first epic movie,Adventure
captain underpants: the first epic movie,Animation
snitch,Action
snitch,Drama
snitch,Thriller
my love will make you disappear,Comedy
my love will make you disappear,Romance
leanne morgan: unspeakable things,Comedy
leanne morgan: unspeakable things,Documentary
frozen hot boys,Comedy
frozen hot boys,Drama
frozen hot boys,Sport
japan,Drama
japan,Romance
focus,Comedy
focus,Crime
focus,Drama
gatao: big brothers,Action
gatao: big brothers,Crime
gatao: big brothers,Drama
the great british baking show,Game-Show
the great british baking show,Reality-TV
trial by fire,Biography
trial by fire,Drama
if i were luísa sonza,Biography
if i were luísa sonza,Documentary
if i were luísa sonza,Music
the grimm variations,Animation
the grimm variations,Drama
the grimm variations,Fantasy
horizon: an american saga: chapter 1,Drama
horizon: an american saga: chapter 1,Western
the rope curse 3,Horror
the rope curse 3,Thriller
the vow,Drama
the vow,Romance
mending the line,Drama
the lego movie,Action
the lego movie,Adventure
the lego movie,Animation
sin instrucciones,Comedy
the parades,Comedy
the parades,Drama
the parades,History
same day with someone,Comedy
same day with someone,Drama
same day with someone,Fantasy
gasohug,Comedy
gasohug,Romance
the double,Biography
the double,Drama
the double,Thriller
the mist,Horror
the mist,Sci-Fi
the mist,Thriller
one year,Comedy
warriors of future,Action
warriors of future,Adventure
warriors of future,Sci-Fi
love between fairy and devil,Comedy
love between fairy and devil,Drama
love between fairy and devil,Fantasy
ghostbusters: afterlife,Adventure
ghostbusters: afterlife,Comedy
ghostbusters: afterlife,Fantasy
tokyo revengers,Action
tokyo revengers,Animation
tokyo revengers,Drama
remarriage & desires,Drama
barbie mariposa & the fairy princess,Animation
barbie mariposa & the fairy princess,Family
barbie mariposa & the fairy princess,Fantasy
the green knight,Adventure
the green knight,Drama
the green knight,Fantasy
the gangster,Action
the gangster,Crime
the gangster,Thriller
the curious case of benjamin button,Drama
the curious case of benjamin button,Fantasy
the curious case of benjamin button,Romance
detective chinatown,Action
detective chinatown,Comedy
detective chinatown,Mystery
back to the outback,Adventure
back to the outback,Animation
back to the outback,Comedy
the devil judge,Crime
the devil judge,Drama
the devil judge,Mystery
the 8th night,Horror
the 8th night,Thriller
300: rise of an empire,Action
300: rise of an empire,Drama
300: rise of an empire,Fantasy
the matrix,Action
the matrix,Sci-Fi
miracle on 34th street,Comedy
miracle on 34th street,Drama
miracle on 34th street,Family
kong: skull island,Action
kong: skull island,Adventure
kong: skull island,Fantasy
flipper,Adventure
flipper,Crime
flipper,Drama
sound of hope: the story of possum trot,Drama
underworld: rise of the lycans,Action
underworld: rise of the lycans,Fantasy
underworld: rise of the lycans,Thriller
twilight of the gods,Action
twilight of the gods,Adventure
twilight of the gods,Animation
sahara,Action
sahara,Adventure
sahara,Comedy
home alone 2: lost in new york,Adventure
home alone 2: lost in new york,Comedy
home alone 2: lost in new york,Crime
pompeii,Action
pompeii,Adventure
pompeii,Drama
ammonite,Drama
ammonite,History
ammonite,Romance
the club,Comedy
the club,Drama
crooked business,Comedy
crooked business,Crime
border guards,Drama
the witch. revenge,Drama
the witch. revenge,Fantasy
the witch. revenge,Horror
leap year,Comedy
leap year,Romance
rocky road to berlin,Adventure
rock. paper. grenade.,Drama
20 days in mariupol,Documentary
20 days in mariupol,War
the fog,Horror
the fog,Thriller
vadh,Crime
vadh,Drama
vadh,Thriller
class,Action
class,Sci-Fi
the teacher,Drama
the teacher,Music
the teacher,Romance
house of secrets: the burari deaths,Crime
house of secrets: the burari deaths,Documentary
house of secrets: the burari deaths,History
ankahi kahaniya,Drama
ankahi kahaniya,Romance
boo 2! a madea halloween,Comedy
boo 2! a madea halloween,Drama
boo 2! a madea halloween,Horror
hacksaw ridge,Biography
hacksaw ridge,Drama
hacksaw ridge,History
the cuckoo,Drama
brassic,Comedy
brassic,Drama
big game,Action
big game,Adventure
big game,Comedy
gray,Action
gray,Mystery
gray,Thriller
belfast,Biography
belfast,Drama
my friend dahmer,Biography
my friend dahmer,Crime
my friend dahmer,Drama
goosebumps,Adventure
goosebumps,Comedy
goosebumps,Family
help,Drama
the big ugly,Crime
the big ugly,Drama
the big ugly,Thriller
he's just not that into you,Comedy
he's just not that into you,Drama
he's just not that into you,Romance
conor mcgregor: notorious,Biography
conor mcgregor: notorious,Documentary
conor mcgregor: notorious,Sport
the adventures of paddington,Adventure
the adventures of paddington,Animation
the adventures of paddington,Comedy
legend,Drama
legend,Horror
legend,Sci-Fi
how to be single,Comedy
how to be single,Drama
how to be single,Romance
criminal,Crime
criminal,Drama
criminal,Mystery
the girl who got away,Horror
the girl who got away,Thriller
face off 6: the ticket of destiny,Action
face off 6: the ticket of destiny,Comedy
face off 6: the ticket of destiny,Drama
the princess royal,Comedy
the princess royal,Family
the princess royal,Romance
the white storm 3: heaven or hell,Action
the white storm 3: heaven or hell,Crime
the white storm 3: heaven or hell,Drama
rush hour 3,Action
rush hour 3,Comedy
rush hour 3,Crime
chinese zodiac,Action
chinese zodiac,Adventure
chinese zodiac,Comedy
the wait,Drama
the wait,History
the legend of zorro,Action
the legend of zorro,Adventure
the legend of zorro,Drama
charging card,Comedy
rogue hostage,Action
rogue hostage,Thriller
the expendables 2,Action
the expendables 2,Adventure
the expendables 2,Thriller
clueless,Comedy
clueless,Romance
a nose and three eyes,Drama
beverly hills ninja,Action
beverly hills ninja,Comedy
farah,Action
farah,Crime
farah,Drama
i want to be boss,Comedy
i want to be boss,Drama
i want to be boss,Sci-Fi
pusaka,Action
pusaka,Horror
pusaka,Thriller
roxana,Action
roxana,Horror
janji darah,Horror
janji darah,Thriller
knight flower,Drama
knight flower,Romance
sosok ketiga,Drama
sosok ketiga,Horror
sosok ketiga,Thriller
daddyku gangster,Action
daddyku gangster,Comedy
daddyku gangster,Crime
sumpahan malam raya,Comedy
sumpahan malam raya,Horror
sumpahan malam raya,Mystery
sayu yang syukur,Drama
sayu yang syukur,Romance
butak,Drama
dendam penunggu,Horror
twins,Crime
twins,Drama
twins,Mystery
jumping from high places,Comedy
jumping from high places,Drama
jumping from high places,Romance
"big mommas: like father, like son",Action
"big mommas: like father, like son",Comedy
"big mommas: like father, like son",Crime
a cure for wellness,Drama
a cure for wellness,Fantasy
a cure for wellness,Horror
heavenly bites: mexico,Documentary
grumpy christmas,Comedy
everything will be fine,Drama
everything will be fine,Thriller
memory lane,Comedy
memory lane,Drama
mi vida,Comedy
misfit: the switch,Drama
broken hearts gallery,Comedy
broken hearts gallery,Romance
the herd,Drama
asu mare 3,Comedy
salvageland,Drama
everyone knows every juan,Comedy
clown of the dead,Horror
clown of the dead,Thriller
conmom,Comedy
conmom,Drama
when a stranger calls,Horror
when a stranger calls,Thriller
maybe this time,Comedy
maybe this time,Drama
maybe this time,Romance
my perfect you,Drama
my perfect you,Romance
homemade love story,Comedy
homemade love story,Drama
homemade love story,Romance
the first nanny,Comedy
the first nanny,Crime
the first nanny,Drama
13 days till summer,Horror
vinci,Mystery
vinci,Thriller
sanah na stadionach,Music
still here,Biography
still here,Drama
still here,History
all that rap,Music
absolute beginners,Drama
absolute beginners,Musical
absolute beginners,Romance
love tasting,Romance
turn of the tide: the surreal story of rabo de peixe,Documentary
carrossel,Adventure
carrossel,Comedy
carrossel,Drama
eileen,Drama
eileen,Mystery
eileen,Romance
buzz house: the movie,Comedy
buzz house: the movie,Horror
once and for all,Adult
once and for all,Comedy
number 2,Adventure
number 2,Drama
number 2,Family
mothers,Comedy
mothers,Drama
mothers,Romance
joint custody,Comedy
the ghost and the darkness,Adventure
the ghost and the darkness,Drama
the ghost and the darkness,Thriller
new year's eve,Comedy
new year's eve,Romance
my grumpy secretary,Game-Show
the killers,Crime
the killers,Drama
the killers,History
stellar,Animation
because i hate korea,Drama
because i hate korea,Family
because i hate korea,Romance
someone you loved,Drama
awaken,Action
awaken,Adventure
awaken,Sci-Fi
padres,Comedy
padres,Western
innato,Thriller
selfless,Thriller
presumed guilty,Documentary
i know who you are,Crime
i know who you are,Mystery
i know who you are,Thriller
the good boss,Comedy
the good boss,Drama
valley of shadows,Drama
valley of shadows,Mystery
primos,Comedy
escape room: la pel·lícula,Comedy
escape room: la pel·lícula,Mystery
escape room: la pel·lícula,Thriller
the patients of dr. garcía,Drama
the best summer of my life,Comedy
the best summer of my life,Family
men in black ii,Action
men in black ii,Adventure
men in black ii,Comedy
asvins,Horror
asvins,Thriller
the shore of life,Drama
sleepless in seattle,Comedy
sleepless in seattle,Drama
sleepless in seattle,Romance
a girl at my door,Drama
lovesick,Comedy
fight for beauty,Drama
si jin,Drama
si jin,Mystery
si jin,Romance
re: monster,Action
re: monster,Adventure
re: monster,Animation
ginny weds sunny,Comedy
ginny weds sunny,Drama
ginny weds sunny,Romance
the baytown outlaws,Action
the baytown outlaws,Comedy
the baytown outlaws,Crime
north of normal,Drama
somewhere in queens,Comedy
somewhere in queens,Drama
somewhere in queens,Sport
mako,Adventure
mako,Comedy
mako,Drama
lokillo: nothing's the same,Comedy
the second diary of paulina p.,Adventure
success,Comedy
success,Drama
the last: naruto the movie,Action
the last: naruto the movie,Adventure
the last: naruto the movie,Animation
kira & el gin,Action
kira & el gin,Drama
kira & el gin,History
photocopy,Crime
photocopy,Drama
photocopy,Mystery
final destination 2,Horror
final destination 2,Thriller
the three exclamation marks,Adventure
the three exclamation marks,Family
das haus anubis,Adventure
das haus anubis,Drama
das haus anubis,Family
cop land,Crime
cop land,Drama
cop land,Thriller
some birds,Drama
beast of bangalore: indian predator,Crime
beast of bangalore: indian predator,Documentary
buffoon,Drama
pay later,Comedy
pay later,Drama
glenn fredly the movie,Biography
glenn fredly the movie,Drama
glenn fredly the movie,Music
like & share,Drama
saiyo sakato,Comedy
saiyo sakato,Drama
akhirat: a love story,Drama
akhirat: a love story,Fantasy
akhirat: a love story,Romance
impetigore,Horror
impetigore,Mystery
impetigore,Thriller
vita segreta di maria capasso,Crime
vita segreta di maria capasso,Drama
vita segreta di maria capasso,Romance
still out of my league,Comedy
still out of my league,Drama
still out of my league,Romance
generation 56k,Comedy
generation 56k,Drama
generation 56k,Romance
"jack-of-all-trades, party of none",Action
"jack-of-all-trades, party of none",Adventure
"jack-of-all-trades, party of none",Animation
hana-kimi,Animation
hana-kimi,Comedy
hana-kimi,Drama
tokyo tarareba girls,Comedy
perfect blue,Animation
perfect blue,Crime
perfect blue,Drama
draft king,Drama
natsume's book of friends the movie: ephemeral bond,Animation
natsume's book of friends the movie: ephemeral bond,Drama
natsume's book of friends the movie: ephemeral bond,Fantasy
shylock's children,Crime
shylock's children,Drama
the hound of the baskervilles: sherlock the movie,Crime
the hound of the baskervilles: sherlock the movie,Drama
the hound of the baskervilles: sherlock the movie,Mystery
oblivion battery,Animation
oblivion battery,Comedy
oblivion battery,Sport
unmet a neurosurgeon's diary,Drama
unmet a neurosurgeon's diary,Mystery
unmet a neurosurgeon's diary,Romance
a man,Comedy
a man,Drama
the unwanted undead adventurer,Action
the unwanted undead adventurer,Adventure
the unwanted undead adventurer,Animation
doraemon: nobita's little star wars 2021,Action
doraemon: nobita's little star wars 2021,Adventure
doraemon: nobita's little star wars 2021,Animation
trillion game,Drama
lesson in murder,Crime
lesson in murder,Mystery
tomo-chan is a girl!,Animation
tomo-chan is a girl!,Comedy
tomo-chan is a girl!,Drama
the lone ume tree,Drama
a beloved wife,Drama
a beloved wife,Romance
prophecy,Drama
prophecy,Horror
prophecy,Mystery
the eternal zero,Drama
the eternal zero,Mystery
the eternal zero,War
the method of repulsing the dove,Mystery
parasite in love,Romance
sunny: our hearts beat together,Comedy
sunny: our hearts beat together,Drama
sunny: our hearts beat together,Musical
beautiful gong shim,Comedy
beautiful gong shim,Crime
beautiful gong shim,Drama
liar × liar,Comedy
liar × liar,Fantasy
dororo,Action
dororo,Adventure
dororo,Animation
hit me anyone one more time!,Comedy
hit me anyone one more time!,Drama
pretty guardian sailor moon eternal the movie,Action
pretty guardian sailor moon eternal the movie,Adventure
pretty guardian sailor moon eternal the movie,Animation
kaguya-sama: love is war,Animation
kaguya-sama: love is war,Comedy
kaguya-sama: love is war,Drama
whistleblower,Biography
whistleblower,Crime
whistleblower,Drama
queens on the run,Action
queens on the run,Comedy
leprechaun returns,Comedy
leprechaun returns,Fantasy
leprechaun returns,Horror
"love, weddings & other disasters",Comedy
"love, weddings & other disasters",Romance
playing with fire,Action
playing with fire,Crime
playing with fire,Drama
wrong turn,Horror
wrong turn,Thriller
fifty shades darker,Drama
fifty shades darker,Mystery
fifty shades darker,Romance
she's the man,Comedy
she's the man,Romance
she's the man,Sport
2 minutes of fame,Comedy
like a boss,Comedy
django unchained,Drama
django unchained,Western
mr. brooks,Crime
mr. brooks,Drama
mr. brooks,Mystery
the spiderwick chronicles,Action
the spiderwick chronicles,Adventure
the spiderwick chronicles,Drama
youthful glory,Drama
youthful glory,Romance
paddington in peru,Adventure
paddington in peru,Comedy
paddington in peru,Family
the marsh king's daughter,Crime
the marsh king's daughter,Drama
the marsh king's daughter,Mystery
the first frost,Drama
the first frost,Romance
black sea,Adventure
black sea,Drama
black sea,Thriller
tomorrow and i,Drama
tomorrow and i,Sci-Fi
the story of pearl girl,Drama
the story of pearl girl,Romance
ma da,Adventure
ma da,Drama
ma da,Fantasy
the legend of nang nak,History
the legend of nang nak,Horror
the legend of nang nak,Romance
bangkok breaking,Action
bangkok breaking,Crime
bangkok breaking,Drama
the one ticket,Biography
the one ticket,Documentary
e-sarn zombie,Comedy
e-sarn zombie,Fantasy
e-sarn zombie,Horror
the believers,Adventure
the believers,Crime
the believers,Drama
23.5,Comedy
23.5,Romance
that time i got reincarnated as a slime,Action
that time i got reincarnated as a slime,Adventure
that time i got reincarnated as a slime,Animation
the secret kingdom,Adventure
the secret kingdom,Family
the secret kingdom,Fantasy
into the deep,Biography
into the deep,Crime
into the deep,Documentary
power rangers,Action
power rangers,Adventure
power rangers,Fantasy
moloch,Horror
moloch,Mystery
scream,Horror
scream,Mystery
fast & furious,Action
fast & furious,Crime
fast & furious,Thriller
doi boy,Drama
doi boy,Romance
doi boy,Thriller
g.i. joe: retaliation,Action
g.i. joe: retaliation,Adventure
g.i. joe: retaliation,Sci-Fi
onmyoji,Action
onmyoji,Drama
onmyoji,Fantasy
the age of adaline,Drama
the age of adaline,Fantasy
the age of adaline,Romance
the possession of hannah grace,Horror
the possession of hannah grace,Mystery
the possession of hannah grace,Thriller
home for rent,Horror
home for rent,Mystery
home for rent,Thriller
kumanthong,Horror
kumanthong,Thriller
the real has come!,Drama
the real has come!,Romance
fireball,Documentary
alchemy of souls,Action
alchemy of souls,Drama
alchemy of souls,Fantasy
copycat killer,Crime
copycat killer,Drama
copycat killer,Thriller
high & low the worst x,Action
anchor,Comedy
honest thief,Action
honest thief,Crime
honest thief,Drama
unlocked,Action
unlocked,Thriller
when the weather is fine,Drama
when the weather is fine,Romance
the makanai: cooking for the maiko house,Comedy
the makanai: cooking for the maiko house,Drama
looper,Action
looper,Drama
looper,Sci-Fi
the cabin in the woods,Horror
the cabin in the woods,Mystery
the cabin in the woods,Thriller
the fabulous,Comedy
the fabulous,Drama
the fabulous,Music
gudetama: an eggcellent adventure,Adventure
gudetama: an eggcellent adventure,Animation
gudetama: an eggcellent adventure,Comedy
the root,Biography
the root,Drama
the root,History
lipgloss spy,Action
lipgloss spy,Comedy
lipgloss spy,Crime
lighting up the stars,Comedy
lighting up the stars,Drama
seoul vibe,Action
seoul vibe,Comedy
seoul vibe,Crime
school tales the series,Horror
school tales the series,Mystery
daeng phra khanong,Comedy
daeng phra khanong,Horror
daeng phra khanong,Thriller
sell your haunted house,Comedy
sell your haunted house,Fantasy
sell your haunted house,Horror
jack ryan: shadow recruit,Action
jack ryan: shadow recruit,Drama
jack ryan: shadow recruit,Thriller
twenty five twenty one,Drama
twenty five twenty one,Romance
ninja assassin,Action
ninja assassin,Thriller
hometown cha-cha-cha,Comedy
hometown cha-cha-cha,Drama
hometown cha-cha-cha,Romance
the last airbender,Action
the last airbender,Adventure
the last airbender,Animation
body of lies,Action
body of lies,Drama
body of lies,Thriller
recalled,Action
recalled,Adventure
recalled,Sci-Fi
get him girl!,Comedy
get him girl!,Romance
after we fell,Drama
after we fell,Romance
stealth,Action
stealth,Adventure
stealth,Sci-Fi
a werewolf boy,Drama
a werewolf boy,Fantasy
a werewolf boy,Romance
person of interest,Action
person of interest,Crime
person of interest,Drama
the dark knight,Action
the dark knight,Crime
the dark knight,Drama
solar opposites,Adventure
solar opposites,Animation
solar opposites,Comedy
green lantern,Action
green lantern,Adventure
green lantern,Sci-Fi
splinter cell: deathwatch,Action
splinter cell: deathwatch,Adventure
splinter cell: deathwatch,Animation
romance in style,Comedy
romance in style,Romance
a lagos love story,Comedy
a lagos love story,Romance
transformers one,Action
transformers one,Adventure
transformers one,Animation
jersey girl,Comedy
jersey girl,Drama
jersey girl,Romance
fire country,Drama
alvin and the chipmunks: the road chip,Adventure
alvin and the chipmunks: the road chip,Comedy
alvin and the chipmunks: the road chip,Family
the general's daughter,Crime
the general's daughter,Drama
the general's daughter,Mystery
divine influencer,Romance
predestination,Action
predestination,Drama
predestination,Sci-Fi
the punisher,Action
the punisher,Crime
the punisher,Drama
bize müsaade,Comedy
serial cook,Comedy
serial cook,Crime
serial cook,Drama
two,Adventure
two,Drama
two,Fantasy
parents' meeting,Comedy
parents' meeting,Romance
another franko,Biography
another franko,Drama
the first days,Drama
sounds like love,Comedy
sounds like love,Music
sounds like love,Romance
the exchange,Adventure
the exchange,Comedy
yeh kaali kaali ankhein,Comedy
yeh kaali kaali ankhein,Crime
yeh kaali kaali ankhein,Mystery
family of two (a mother and son story),Drama
family of two (a mother and son story),Family
gomburza,Action
gomburza,Biography
gomburza,Drama
it's ok,Comedy
it's ok,Drama
it's ok,Romance
1408,Fantasy
1408,Horror
1408,Mystery
home again,Comedy
home again,Drama
home again,Romance
meet dave,Adventure
meet dave,Comedy
meet dave,Family
etharkkum thunindhavan,Action
etharkkum thunindhavan,Crime
etharkkum thunindhavan,Drama
annaatthe,Action
annaatthe,Comedy
annaatthe,Drama
normal people,Drama
normal people,Romance
when missing turns to murder,Crime
when missing turns to murder,Documentary
fat friends,Drama
villain,Action
villain,Crime
villain,Drama
the deceived,Drama
the deceived,Mystery
the deceived,Thriller
maxine,Crime
maxine,Drama
rookie cops,Drama
rookie cops,Romance
ted,Comedy
pitch perfect 3,Comedy
pitch perfect 3,Music
unleashed,Action
unleashed,Crime
unleashed,Thriller
inkheart,Adventure
inkheart,Family
inkheart,Fantasy
d.b. cooper: where are you?!,Crime
d.b. cooper: where are you?!,Documentary
d.b. cooper: where are you?!,History
last man down,Action
last man down,Sci-Fi
blue story,Crime
blue story,Drama
blue story,Musical
fear of rain,Drama
fear of rain,Horror
fear of rain,Mystery
vendetta,Action
vendetta,Drama
vendetta,Sci-Fi
the serpent,Crime
the serpent,Drama
the serpent,Thriller
soul on fire,Biography
soul on fire,Drama
ghost rider: spirit of vengeance,Action
ghost rider: spirit of vengeance,Adventure
ghost rider: spirit of vengeance,Fantasy
draft day,Drama
draft day,Sport
escape at dannemora,Biography
escape at dannemora,Crime
escape at dannemora,Drama
2 guns,Action
2 guns,Comedy
2 guns,Crime
the boy next door,Thriller
one more shot,Action
one more shot,Thriller
reba,Comedy
reba,Drama
trapped,Adventure
trapped,Comedy
trapped,Drama
the foreigner,Action
the foreigner,Crime
the foreigner,Thriller
the glass castle,Biography
the glass castle,Drama
all american: homecoming,Drama
all american: homecoming,Sport
over the hedge,Adventure
over the hedge,Animation
over the hedge,Comedy
surviving r. kelly part iii: the final chapter,Crime
surviving r. kelly part iii: the final chapter,Documentary
married at first sight,Reality-TV
married at first sight,Romance
love island usa,Game-Show
love island usa,Reality-TV
i survived a crime,Crime
leave no trace,Adventure
leave no trace,Drama
operation mincemeat,Drama
operation mincemeat,War
ouija: origin of evil,Drama
ouija: origin of evil,Horror
ouija: origin of evil,Mystery
twentysomethings: austin,Reality-TV
seized,Action
seized,Adventure
seized,Thriller
freedom writers,Biography
freedom writers,Crime
freedom writers,Drama
same kind of different as me,Biography
same kind of different as me,Drama
togo,Adventure
togo,Biography
togo,Drama
el marginal,Crime
el marginal,Drama
el marginal,Mystery
she said,Crime
she said,Drama
she said,History
i spit on your grave 2,Horror
i spit on your grave 2,Thriller
love is blind: argentina,Reality-TV
love is blind: argentina,Romance
the whale,Drama
wer,Action
wer,Drama
wer,History
when they see us,Biography
when they see us,Crime
when they see us,Drama
where the tracks end,Comedy
where the tracks end,Drama
where the tracks end,Family
blood ties,Action
blood ties,Crime
blood ties,Drama
the girls at the back,Comedy
the girls at the back,Drama
dark waters,Biography
dark waters,Drama
dark waters,History
family secrets,Crime
family secrets,Drama
dreamkatcher,Horror
dreamkatcher,Thriller
captive,Sci-Fi
captive,Thriller
enforcement,Action
enforcement,Crime
enforcement,Thriller
outlaws,Action
outlaws,Biography
outlaws,Drama
where is marta?,Crime
where is marta?,Documentary
where is marta?,Mystery
slender man,Horror
slender man,Mystery
slender man,Thriller
sputnik,Drama
sputnik,Horror
sputnik,Mystery
a call to spy,Biography
a call to spy,Crime
a call to spy,Drama
sin senos sí hay paraíso,Action
sin senos sí hay paraíso,Crime
sin senos sí hay paraíso,Drama
mai,Comedy
mai,Drama
mai,Romance
sentenced to be a hero,Action
sentenced to be a hero,Adventure
sentenced to be a hero,Animation
my safe zone,Comedy
my safe zone,Drama
my safe zone,Romance
a better life,Drama
a better life,Romance
ski into love,Drama
claws,Biography
claws,Drama
claws,Sport
the on1y one,Drama
the on1y one,Romance
let's talk about chu,Comedy
let's talk about chu,Drama
let's talk about chu,Romance
fanti,Drama
midnight runners,Action
midnight runners,Comedy
6/45,Comedy
switch,Comedy
switch,Drama
switch,Romance
the longest promise,Fantasy
the longest promise,Romance
dangerous beauty,Biography
dangerous beauty,Drama
dangerous beauty,Romance
swept away,Comedy
swept away,Romance
my golden life,Comedy
my golden life,Drama
my golden life,Romance
secret zoo,Comedy
"the gangster, the cop, the devil",Action
"the gangster, the cop, the devil",Crime
"the gangster, the cop, the devil",Thriller
sky castle,Adventure
sky castle,Animation
sky castle,Family
l.o.r.d.: legend of ravaging dynasties,Action
l.o.r.d.: legend of ravaging dynasties,Adventure
l.o.r.d.: legend of ravaging dynasties,Animation
commitment,Comedy
commitment,Drama
commitment,Music
christmas love,Comedy
christmas love,Romance
nairobi half life,Drama
the house next door: meet the blacks 2,Action
the house next door: meet the blacks 2,Comedy
the house next door: meet the blacks 2,Horror
miss sloane,Drama
the blue lagoon,Adventure
the blue lagoon,Drama
the blue lagoon,Romance
bones,Crime
bones,Drama
bones,Mystery
p.s. i love you,Comedy
p.s. i love you,Drama
p.s. i love you,Romance
the alleys,Drama
misconception,Comedy
misconception,Drama
mixed by erry,Comedy
mixed by erry,History
mixed by erry,Music
stuck with you,Comedy
astérix: the mansion of the gods,Adventure
astérix: the mansion of the gods,Animation
astérix: the mansion of the gods,Comedy
lords of scam,Crime
lords of scam,Documentary
a woman called mother,Drama
a woman called mother,Horror
lebih dari selamanya,Drama
lebih dari selamanya,Romance
physical: welcome to mongolia,Reality-TV
the cursed of satan temptation,Horror
ejen ali: the movie,Action
ejen ali: the movie,Adventure
ejen ali: the movie,Animation
ratu ratu queens: the series,Adventure
ratu ratu queens: the series,Comedy
ratu ratu queens: the series,Drama
sleep paralysis,Horror
reversi,Documentary
babah,Drama
babah,Family
bangsal isolasi,Horror
bangsal isolasi,Thriller
pasutri gaje,Comedy
pasutri gaje,Drama
pasutri gaje,Romance
omar & hana,Animation
abang adik,Crime
abang adik,Drama
mechamato movie,Action
mechamato movie,Adventure
mechamato movie,Animation
the battleship island,Action
the battleship island,Drama
the battleship island,History
paskal,Action
paskal,Adventure
paskal,Drama
ushio & tora,Action
ushio & tora,Animation
ushio & tora,Comedy
wild child,Comedy
racket boys,Comedy
racket boys,Drama
racket boys,Sport
fanaa,Action
fanaa,Drama
fanaa,Romance
dabangg 3,Action
dabangg 3,Comedy
dabangg 3,Crime
barbie: a touch of magic,Adventure
barbie: a touch of magic,Animation
barbie: a touch of magic,Comedy
22 jump street,Action
22 jump street,Comedy
22 jump street,Crime
"start up, fall down: from billionaire to convict",Crime
"start up, fall down: from billionaire to convict",Documentary
serial (bad) weddings 2,Comedy
little spirou,Comedy
little spirou,Family
let's go to prison,Comedy
let's go to prison,Crime
smallfoot,Adventure
smallfoot,Animation
smallfoot,Comedy
boyz n the hood,Crime
boyz n the hood,Drama
how to win the lottery,Comedy
how to win the lottery,Crime
how to win the lottery,Drama
el chema,Action
el chema,Crime
"for better, for worse",Comedy
"for better, for worse",Drama
jimmy neutron: boy genius,Action
jimmy neutron: boy genius,Adventure
jimmy neutron: boy genius,Animation
wild babies,Documentary
pedal to metal,Action
pedal to metal,Drama
yolanthe,Reality-TV
opa cor,Comedy
opa cor,Drama
a french summer,Comedy
a french summer,Romance
alles op tafel,Comedy
alles op tafel,Drama
neem me mee,Comedy
de allergrootste slijmfilm,Adventure
de allergrootste slijmfilm,Family
one true loves,Comedy
one true loves,Drama
one true loves,Romance
black lotus,Action
black lotus,Animation
black lotus,Drama
bigman,Family
the twin,Comedy
the twin,Drama
the twin,Romance
silverstar,Adventure
rebels @ school,Comedy
american siege,Action
american siege,Thriller
blackkklansman,Biography
blackkklansman,Comedy
blackkklansman,Crime
falling skies,Action
falling skies,Adventure
falling skies,Drama
rich flu,Sci-Fi
rich flu,Thriller
léon: the professional,Action
léon: the professional,Crime
léon: the professional,Drama
shall we dance?,Comedy
shall we dance?,Drama
shall we dance?,Music
supercell,Action
supercell,Adventure
supercell,Drama
adventure time,Action
adventure time,Adventure
adventure time,Animation
cousins,Comedy
cousins,Crime
queen of the desert,Comedy
queen of the desert,Music
last year single,Comedy
last year single,Romance
slyth the hunt saga,Action
slyth the hunt saga,Romance
slyth the hunt saga,Sci-Fi
the rise of igbinogun,Drama
fix us,Comedy
fix us,Drama
fix us,Family
castle and castle,Biography
castle and castle,Drama
castle and castle,Musical
king of boys,Crime
king of boys,Drama
the ghost and the tout,Comedy
the ghost and the tout,Fantasy
kambili: the whole 30 yards,Romance
the pianist,Biography
the pianist,Drama
the pianist,Music
dirty dancing,Drama
dirty dancing,Music
dirty dancing,Romance
it boy,Comedy
it boy,Fantasy
it boy,Romance
detective conan,Action
detective conan,Animation
detective conan,Comedy
footloose,Drama
footloose,Music
footloose,Romance
shutter island,Drama
shutter island,Mystery
shutter island,Thriller
up north,Drama
up north,History
scattered barriers,Drama
bank chor,Action
bank chor,Comedy
bank chor,Thriller
nazar andaaz,Comedy
nazar andaaz,Drama
i wish you had told me,Drama
outbreak,Action
outbreak,Drama
outbreak,Thriller
the janitor,Comedy
the janitor,Horror
"hello, universe",Comedy
"hello, universe",Drama
call me tita,Comedy
call me tita,Drama
prom night,Horror
billionaire boys club,Biography
billionaire boys club,Drama
billionaire boys club,Thriller
new beginnings,Horror
new beginnings,Mystery
new beginnings,Thriller
i am u,Crime
i am u,Drama
i am u,Thriller
bliss,Drama
bliss,Romance
bliss,Sci-Fi
the sins,Action
the sins,Adventure
the sins,Animation
ania,Drama
ania,Sci-Fi
broad peak,Adventure
broad peak,Biography
broad peak,Drama
the getaway king,Action
the getaway king,Biography
the getaway king,Comedy
my wonderful life,Comedy
my wonderful life,Drama
my wonderful life,Romance
sea fever,Drama
sea fever,Horror
sea fever,Mystery
miami bici 2,Comedy
the harouns,Drama
the harouns,Thriller
breaking and re-entering,Action
breaking and re-entering,Comedy
ah girls go army again,Comedy
love is blind: japan,Reality-TV
love is blind: japan,Romance
be the man,Adventure
be the man,Drama
be the man,War
we have never been modern,Drama
we have never been modern,Mystery
cream,Comedy
cream,Drama
high rollers,Comedy
high rollers,Crime
the face reader,Action
the face reader,Drama
the face reader,History
bugonia,Comedy
bugonia,Crime
bugonia,Sci-Fi
homeward bound,Adventure
homeward bound,Comedy
homeward bound,Drama
the land of morning calm,Drama
the land of morning calm,Family
the land of morning calm,Mystery
i am solo,Reality-TV
i am solo,Romance
trade your love,Comedy
trade your love,Family
trade your love,Romance
a good son,Crime
a good son,Drama
a good son,Mystery
screwballs,Comedy
heartsping: teenieping of love,Adventure
heartsping: teenieping of love,Animation
heartsping: teenieping of love,Drama
anemone: a fairy tale for no kids,Action
anemone: a fairy tale for no kids,Comedy
anemone: a fairy tale for no kids,Drama
iron family,Comedy
iron family,Drama
iron family,Mystery
brave detectives,Comedy
the tooth and the nail,Drama
the tooth and the nail,Thriller
my heart puppy,Comedy
my heart puppy,Drama
my heart puppy,Family
the housemaid,Drama
the housemaid,Mystery
the housemaid,Thriller
my sweet mobster,Comedy
my sweet mobster,Drama
my sweet mobster,Romance
troll factory,Crime
troll factory,Drama
the sin,Comedy
the sin,Musical
the sin,Romance
the day i died: unclosed case,Crime
the day i died: unclosed case,Drama
the day i died: unclosed case,Mystery
shadows in the palace,Crime
shadows in the palace,Drama
shadows in the palace,History
wish,Action
wish,Adventure
wish,Animation
noryang: deadly sea,Action
noryang: deadly sea,Biography
noryang: deadly sea,History
walker,Action
walker,Adventure
walker,Crime
single in seoul,Comedy
single in seoul,Drama
single in seoul,Romance
korea-khitan war,Action
korea-khitan war,Drama
korea-khitan war,History
the man standing next,Thriller
devils,Comedy
devils,Drama
live stream,Thriller
the gentlemen's league,Comedy
the gentlemen's league,Fantasy
the gentlemen's league,Horror
the concubine,Drama
the concubine,History
the concubine,Romance
heart signal,Reality-TV
heart signal,Romance
queen of masks,Drama
toxic,Action
toxic,Comedy
toxic,Horror
true to love,Comedy
true to love,Romance
white night,Drama
white night,Romance
confession,Biography
confession,Comedy
confession,Crime
reborn rich,Drama
reborn rich,Fantasy
reborn rich,Romance
broker,Comedy
broker,Crime
broker,Drama
portrait of a beauty,Drama
portrait of a beauty,Romance
flower of evil,Crime
flower of evil,Mystery
flower of evil,Romance
my mister,Drama
my mister,Family
perhaps love,Drama
perhaps love,Musical
perhaps love,Romance
the outlaws,Drama
the outlaws,Western
the way of the househusband,Action
the way of the househusband,Animation
the way of the househusband,Comedy
sin cobertura,Comedy
sin cobertura,Drama
becoming jane,Biography
becoming jane,Drama
becoming jane,Romance
the goya murders,Action
the goya murders,Adventure
the goya murders,Crime
son of cain,Thriller
practical magic,Comedy
practical magic,Drama
practical magic,Fantasy
con quién viajas,Comedy
laliga: all access,Documentary
laliga: all access,Sport
everybody knows,Crime
everybody knows,Drama
everybody knows,Mystery
the time in between,Adventure
the time in between,Drama
the time in between,History
11m: terror in madrid,Documentary
litus,Comedy
litus,Drama
lobo feroz,Drama
lobo feroz,Horror
lobo feroz,Thriller
mary,Comedy
mary,Romance
"them, behind the door",Horror
trouble girl,Comedy
trouble girl,History
trouble girl,Musical
flying swords of dragon gate,Action
flying swords of dragon gate,Adventure
feud,Biography
feud,Drama
cells at work!,Action
cells at work!,Adventure
cells at work!,Animation
twilight of the warriors: walled in,Action
twilight of the warriors: walled in,Crime
twilight of the warriors: walled in,Thriller
dead talents society,Comedy
dead talents society,Horror
dead talents society,Thriller
suffocating love,Drama
suffocating love,Fantasy
suffocating love,Romance
flourished peony,Drama
flourished peony,Romance
a perfect blossom,Drama
where the wind settles,Drama
where the wind settles,Romance
digimon adventure 02: the beginning,Action
digimon adventure 02: the beginning,Adventure
digimon adventure 02: the beginning,Animation
lumberjack the monster,Crime
lumberjack the monster,Horror
lumberjack the monster,Thriller
trespassers,Crime
trespassers,Drama
trespassers,Mystery
american girl,Comedy
american girl,Drama
american girl,Family
gourmet affairs,Action
gourmet affairs,Crime
gourmet affairs,Drama
port of lies,Crime
port of lies,Drama
motherhood,Comedy
motherhood,Drama
nothing but you,Drama
nothing but you,Romance
nothing but you,Sport
love like the galaxy,Drama
love like the galaxy,Mystery
love like the galaxy,Romance
the full-time wife escapist,Comedy
the full-time wife escapist,Romance
love after love,Comedy
love after love,Crime
love after love,Drama
the message,Biography
the message,Drama
the message,History
the lady improper,Drama
the lady improper,Romance
doctor prisoner,Drama
doctor prisoner,Mystery
doctor prisoner,Thriller
"like father, like son",Action
"like father, like son",Comedy
"like father, like son",Crime
miss andy,Drama
terrorizers,Action
terrorizers,Comedy
terrorizers,Horror
child of kamiari month,Adventure
child of kamiari month,Animation
child of kamiari month,Drama
detective dee: the four heavenly kings,Action
detective dee: the four heavenly kings,Adventure
detective dee: the four heavenly kings,Drama
dear tenant,Drama
dear tenant,Romance
the heart of yiwha: of love & vengeance,Action
the heart of yiwha: of love & vengeance,Drama
the heart of yiwha: of love & vengeance,Fantasy
lying,Comedy
lying,Fantasy
lying,Romance
the wedding unplanner,Comedy
the wedding unplanner,Romance
captain nova,Adventure
captain nova,Family
captain nova,Sci-Fi
candyman,Horror
candyman,Thriller
harley quinn,Action
harley quinn,Comedy
harley quinn,Crime
princess cursed in time,Adventure
princess cursed in time,Comedy
princess cursed in time,Family
unbelievable,Crime
unbelievable,Drama
high school girls,Action
high school girls,Animation
high school girls,Fantasy
the land of hypocrisy,Comedy
the land of hypocrisy,Drama
the land of hypocrisy,Fantasy
le royaume,Comedy
le royaume,Drama
le royaume,Fantasy
the origin of evil,Drama
the origin of evil,Thriller
the vets,Comedy
the vets,Drama
a prophet,Crime
a prophet,Drama
you'll never walk alone,Comedy
you'll never walk alone,Drama
you'll never walk alone,Music
made in france,Crime
made in france,Drama
made in france,Thriller
locked-in society,Comedy
fat choi spirit,Comedy
fat choi spirit,Romance
under ninja,Action
under ninja,Animation
under ninja,Comedy
connected,Action
connected,Crime
connected,Drama
living with leopards,Documentary
the bullet vanishes,Action
the bullet vanishes,Adventure
the bullet vanishes,Drama
oh my baby,Drama
oh my baby,Romance
the thieves,Action
the thieves,Comedy
the thieves,Crime
the matrix revolutions,Action
the matrix revolutions,Sci-Fi
i'm taking the day off,Comedy
i'm taking the day off,Drama
i'm taking the day off,Romance
the queen's classroom,Drama
rise of the raven,Biography
rise of the raven,Drama
rise of the raven,History
the mission,Action
the mission,Adventure
the mission,Thriller
budapest heist,Action
budapest heist,Comedy
be my dad!,Drama
russian doll,Comedy
russian doll,Drama
russian doll,Mystery
urvasivo rakshasivo,Drama
urvasivo rakshasivo,Romance
better off dead,Comedy
better off dead,Romance
leak 2,Horror
losmen bu broto: the series,Drama
pantaskah aku berhijab,Drama
pantaskah aku berhijab,Romance
kaka boss,Comedy
kaka boss,Drama
kromoleo,Horror
until tomorrow,Drama
second account,Thriller
dendam,Horror
dendam,Romance
para betina pengikut iblis part 2,Horror
para betina pengikut iblis part 2,Thriller
puspa indah taman hati,Drama
puspa indah taman hati,Musical
puspa indah taman hati,Romance
dear jo,Drama
dear jo,Romance
dear jo,War
kapan pindah rumah,Drama
kapan pindah rumah,Family
eyang ti,Drama
losmen melati,Horror
losmen melati,Mystery
losmen melati,Thriller
high school serenade,Drama
high school serenade,Romance
miracle in cell no.7,Drama
rebus,Crime
the madame blanc mysteries,Crime
the madame blanc mysteries,Drama
the madame blanc mysteries,Mystery
the capture,Crime
the capture,Mystery
the capture,Thriller
the loud house,Action
the loud house,Adventure
the loud house,Animation
"my sailor, my love",Drama
the guard,Action
the guard,Adventure
the guard,Comedy
extraordinary measures,Drama
awakenings,Action
awakenings,Adventure
awakenings,Sci-Fi
the girl from athens,Thriller
ajami,Crime
ajami,Drama
shtisel,Drama
a hundred sundays,Drama
everything's gonna be alright,Comedy
everything's gonna be alright,Drama
7 hours to win your heart,Comedy
war: la guerra desiderata,War
hacks,Biography
hacks,Drama
hacks,History
the shadow of the day,Drama
the shadow of the day,Romance
nuovo olimpo,Drama
nuovo olimpo,Romance
vasco rossi: living it,Biography
vasco rossi: living it,Documentary
vasco rossi: living it,Music
the king who never was,Crime
the king who never was,Documentary
the king who never was,History
this world can't tear me down,Animation
this world can't tear me down,Comedy
this world can't tear me down,Drama
bad moms,Comedy
on the other side of the tracks,Action
on the other side of the tracks,Comedy
on the other side of the tracks,Crime
the little stranger,Drama
the little stranger,Horror
the little stranger,Mystery
blanca,Horror
blanca,Sci-Fi
an almost ordinary summer,Comedy
an almost ordinary summer,Romance
aj and the queen,Adventure
aj and the queen,Comedy
aj and the queen,Drama
dc's legends of tomorrow,Action
dc's legends of tomorrow,Adventure
dc's legends of tomorrow,Drama
black suit story,Comedy
black jack,Biography
black jack,Documentary
black jack,Sport
don't lose your head!,Action
don't lose your head!,Adventure
don't lose your head!,Comedy
partners: the movie ii,Crime
partners: the movie ii,Mystery
the strongest magician in the demon lord's army was a human,Action
the strongest magician in the demon lord's army was a human,Adventure
the strongest magician in the demon lord's army was a human,Animation
99.9 criminal lawyer: the movie,Comedy
99.9 criminal lawyer: the movie,Crime
99.9 criminal lawyer: the movie,Drama
sunset,Drama
sunset,Romance
the reluctant preacher,Drama
yudo,Comedy
yudo,Drama
silent love,Romance
offline love,Reality-TV
offline love,Romance
jin,Adventure
jin,Comedy
jin,Family
love village,Reality-TV
love village,Romance
yakuza fiancé: raise wa tanin ga ii,Animation
yakuza fiancé: raise wa tanin ga ii,Crime
yakuza fiancé: raise wa tanin ga ii,Drama
dragon ball super: super hero,Action
dragon ball super: super hero,Adventure
dragon ball super: super hero,Animation
viral hit,Action
viral hit,Animation
the villagers,Drama
the villagers,Mystery
the villagers,Thriller
"reborn as a vending machine, i now wander the dungeon",Animation
"reborn as a vending machine, i now wander the dungeon",Comedy
"reborn as a vending machine, i now wander the dungeon",Fantasy
let's go karaoke!,Comedy
let's go karaoke!,Music
our secret diary,Drama
our secret diary,Romance
psycho-pass: sinners of the system,Action
psycho-pass: sinners of the system,Animation
psycho-pass: sinners of the system,Crime
yellow dragon's village,Action
yellow dragon's village,Drama
yellow dragon's village,Horror
my unique skill makes me op even at level 1,Animation
my unique skill makes me op even at level 1,Comedy
my unique skill makes me op even at level 1,Fantasy
lycoris recoil,Action
lycoris recoil,Animation
lycoris recoil,Comedy
click click bang,Comedy
shehzada,Action
shehzada,Comedy
shehzada,Drama
still time,Comedy
still time,Drama
still time,Fantasy
out of death,Action
out of death,Crime
out of death,Thriller
terim,Biography
terim,Documentary
terim,Sport
yeh jawaani hai deewani,Comedy
yeh jawaani hai deewani,Drama
yeh jawaani hai deewani,Musical
love sarah,Comedy
love sarah,Drama
love sarah,Romance
superfly,Action
superfly,Crime
superfly,Thriller
did you hear about the morgans?,Comedy
did you hear about the morgans?,Drama
did you hear about the morgans?,Romance
army of one,Biography
army of one,Comedy
army of one,Crime
sky rojo,Action
sky rojo,Adventure
sky rojo,Crime
the i-land,Adventure
the i-land,Drama
the i-land,Mystery
the girl in the spider's web,Action
the girl in the spider's web,Adventure
the girl in the spider's web,Crime
catch the fair one,Crime
catch the fair one,Thriller
pressure cooker,Game-Show
pressure cooker,Reality-TV
monster trucks,Action
monster trucks,Adventure
monster trucks,Comedy
the price of family,Comedy
marauders,Action
marauders,Adventure
marauders,Crime
ronaldo,Biography
ronaldo,Documentary
ronaldo,Sport
november criminals,Crime
november criminals,Drama
november criminals,Mystery
lady voyeur,Drama
lady voyeur,Mystery
lady voyeur,Thriller
housesitter,Comedy
housesitter,Romance
snack vs. chef,Game-Show
snack vs. chef,Reality-TV
selling tampa,Reality-TV
glamour girls,Comedy
glamour girls,Drama
glamour girls,Romance
because of love,Comedy
because of love,Drama
because of love,Musical
mobius,Action
mobius,Drama
mobius,Thriller
999-9999,Comedy
999-9999,Horror
999-9999,Thriller
when destiny brings the demon,Drama
when destiny brings the demon,Fantasy
when destiny brings the demon,Romance
mothers' instinct,Drama
mothers' instinct,Thriller
indiana jones and the kingdom of the crystal skull,Action
indiana jones and the kingdom of the crystal skull,Adventure
dalah: death and the flowers,Crime
dalah: death and the flowers,Drama
dalah: death and the flowers,Mystery
the closet,Comedy
pixels,Action
pixels,Adventure
pixels,Comedy
love scout,Comedy
love scout,Drama
love scout,Romance
the empress of ayodhaya,History
the empress of ayodhaya,Romance
dog days,Biography
dog days,Crime
dog days,Drama
love you to debt,Action
love you to debt,Comedy
love you to debt,Crime
pacific rim,Action
pacific rim,Adventure
pacific rim,Sci-Fi
fantastic beasts: the secrets of dumbledore,Adventure
fantastic beasts: the secrets of dumbledore,Fantasy
mad max: fury road,Action
mad max: fury road,Adventure
mad max: fury road,Sci-Fi
quicksand,Crime
quicksand,Drama
quicksand,Mystery
insidious: the red door,Horror
insidious: the red door,Mystery
insidious: the red door,Thriller
"the cheery lee, village headman",Comedy
"the cheery lee, village headman",Drama
mortal engines,Action
mortal engines,Adventure
mortal engines,Fantasy
the point men,Action
the point men,Crime
the point men,Drama
unlock my boss,Comedy
unlock my boss,Fantasy
unlock my boss,Thriller
chainsaw man,Action
chainsaw man,Animation
chainsaw man,Comedy
junji ito maniac: japanese tales of the macabre,Animation
junji ito maniac: japanese tales of the macabre,Drama
junji ito maniac: japanese tales of the macabre,Horror
under the queen's umbrella,Comedy
under the queen's umbrella,Drama
the lost lotteries,Comedy
the lost lotteries,Crime
art of the devil ii,Fantasy
art of the devil ii,Horror
art of the devil ii,Mystery
young lady and gentleman,Comedy
young lady and gentleman,Drama
young lady and gentleman,Family
the perfumier,Crime
the perfumier,Drama
the perfumier,Mystery
don't breathe,Crime
don't breathe,Horror
don't breathe,Thriller
blood diamond,Adventure
blood diamond,Drama
blood diamond,Thriller
flu,Action
flu,Adventure
flu,Animation
"nevertheless,",Drama
"nevertheless,",Romance
lawless lawyer,Action
lawless lawyer,Drama
lawless lawyer,Thriller
come and see,Drama
come and see,Thriller
come and see,War
dynasty warriors,Action
dynasty warriors,Adventure
dynasty warriors,Fantasy
christian mingle,Comedy
christian mingle,Drama
christian mingle,Family
more the merrier,Comedy
more the merrier,Romance
1670,Comedy
1670,History
only we know,Drama
only we know,Romance
shabab albomb,Comedy
khakee: the bihar chapter,Action
khakee: the bihar chapter,Crime
khakee: the bihar chapter,Drama
feels like ishq,Comedy
feels like ishq,Drama
feels like ishq,Romance
mrs. biggs,Crime
mrs. biggs,Drama
mrs. biggs,History
flushed away,Action
flushed away,Adventure
flushed away,Animation
married to a psychopath,Documentary
lucas the spider,Animation
lucas the spider,Family
lucas the spider,Short
edge of darkness,Action
edge of darkness,Adventure
edge of darkness,Drama
the founder,Biography
the founder,Drama
daddy day care,Comedy
daddy day care,Family
caught stealing,Action
caught stealing,Comedy
caught stealing,Crime
cry macho,Drama
the mortal instruments: city of bones,Action
the mortal instruments: city of bones,Adventure
the mortal instruments: city of bones,Fantasy
anchorman: the legend of ron burgundy,Comedy
under suspicion,Crime
under suspicion,Drama
under suspicion,Thriller
mothering sunday,Drama
mothering sunday,Romance
clean,Comedy
clean,Drama
under the amalfi sun,Comedy
under the amalfi sun,Drama
under the amalfi sun,Romance
rom,Horror
rom,Sci-Fi
rom,Thriller
along with the gods: the last 49 days,Action
along with the gods: the last 49 days,Adventure
along with the gods: the last 49 days,Drama
cyber hell: exposing an internet horror,Crime
cyber hell: exposing an internet horror,Documentary
memoir of a murderer,Action
memoir of a murderer,Crime
memoir of a murderer,Mystery
scary movie 3,Comedy
jolt,Action
jolt,Comedy
jolt,Crime
mr bean's holiday,Comedy
mr bean's holiday,Family
narik sukmo,Horror
penjagal iblis: dosa turunan,Action
penjagal iblis: dosa turunan,Crime
penjagal iblis: dosa turunan,Fantasy
mad of madness,Action
mad of madness,Adventure
mad of madness,Fantasy
ejen ali,Action
ejen ali,Adventure
ejen ali,Animation
fighting,Crime
fighting,Drama
fighting,Thriller
bolehkah sekali saja kumenangis,Drama
the mediterranean sea,Drama
the mediterranean sea,Romance
harlot's prayer,Drama
harlot's prayer,Thriller
siapa buka lampu,Comedy
siapa buka lampu,Horror
devil's horns,Drama
devil's horns,Horror
mystic singer,Horror
the heart of suhita,Drama
the heart of suhita,Romance
m4m4,Crime
m4m4,Drama
m4m4,Thriller
lagi lagi senario,Comedy
dumped,Action
dumped,Adventure
dumped,Comedy
the troubleshooter,Comedy
the troubleshooter,Drama
tekken: bloodline,Action
tekken: bloodline,Adventure
tekken: bloodline,Animation
the darkness within la luz del mundo,Crime
the darkness within la luz del mundo,Documentary
ambush,Action
ambush,Crime
ambush,Drama
taxi 5,Action
taxi 5,Comedy
taxi 5,Crime
highlander: endgame,Action
highlander: endgame,Adventure
highlander: endgame,Fantasy
nelma kodama: the queen of dirty money,Crime
nelma kodama: the queen of dirty money,Documentary
near death,Horror
100 songs for stella,Drama
100 songs for stella,Music
100 songs for stella,Romance
guilty pleasure,Drama
guilty pleasure,Romance
guilty pleasure,Thriller
moro,Drama
moro,Romance
i am not big bird,Comedy
trip ubusan: the lolas vs zombies,Comedy
trip ubusan: the lolas vs zombies,Horror
366,Romance
love never lies: destination sardinia,Reality-TV
the brice man,Comedy
lionheart,Action
lionheart,Crime
lionheart,Drama
another round,Comedy
another round,Drama
miki,Thriller
pressburg,Documentary
k-foodie meets j-foodie,Reality-TV
your letter,Drama
your letter,Romance
commission,Action
commission,Crime
commission,Drama
by quantum physics: a nightlife venture,Action
by quantum physics: a nightlife venture,Comedy
by quantum physics: a nightlife venture,Crime
pororo and friends: virus busters,Adventure
pororo and friends: virus busters,Animation
nothing serious,Comedy
nothing serious,Drama
nothing serious,Romance
my golden kids,Family
my golden kids,Reality-TV
moby dick,Adventure
moby dick,Drama
bajo un volcán,Action
bajo un volcán,Drama
bajo un volcán,Romance
overdrive,Action
overdrive,Comedy
overdrive,Horror
face to face with eta: conversations with a terrorist,Crime
face to face with eta: conversations with a terrorist,Documentary
face to face with eta: conversations with a terrorist,History
inside the mind of a cat,Documentary
lady tamara,Biography
lady tamara,Reality-TV
two for the money,Crime
two for the money,Drama
two for the money,Sport
thalaikoothal,Drama
stalk,Drama
stalk,Sci-Fi
flying colors,Comedy
flying colors,Drama
second chance romance,Drama
second chance romance,Romance
song of the assassins,Action
the cleaner,Comedy
master of my own,Drama
master of my own,Romance
stand by me,Adventure
stand by me,Drama
number 1,Crime
number 1,Drama
the layover,Comedy
the layover,Romance
jga: jasmin. gina. anna.,Comedy
jga: jasmin. gina. anna.,Drama
jga: jasmin. gina. anna.,Romance
the shadow,Comedy
the shadow,Horror
patient zero,Action
patient zero,Drama
patient zero,Horror
social currency,Reality-TV
cobalt blue,Drama
cobalt blue,Romance
gunjan saxena: the kargil girl,Action
gunjan saxena: the kargil girl,Biography
gunjan saxena: the kargil girl,Drama
little things,Crime
little things,Drama
little things,Mystery
dream high,Comedy
dream high,Drama
dream high,Music
call me bruna,Biography
call me bruna,Drama
v for vengeance,Action
v for vengeance,Adventure
v for vengeance,Horror
untraceable,Crime
untraceable,Mystery
untraceable,Thriller
erin & aaron,Comedy
erin & aaron,Drama
erin & aaron,Family
our universe,Documentary
dinner at my place,Comedy
dinner at my place,Romance
someone borrowed,Comedy
someone borrowed,Romance
fast & furious spy racers,Action
fast & furious spy racers,Adventure
fast & furious spy racers,Animation
major payne,Adventure
major payne,Comedy
major payne,Family
crank,Action
crank,Crime
crank,Thriller
a soweto love story,Comedy
a soweto love story,Romance
john of god: the crimes of a spiritual healer,Crime
john of god: the crimes of a spiritual healer,Documentary
distorted,Crime
distorted,Mystery
distorted,Thriller
the king's daughter,Crime
the king's daughter,Drama
the king's daughter,Mystery
the invention of lying,Comedy
the invention of lying,Fantasy
the invention of lying,Romance
haywire,Action
haywire,Drama
haywire,Thriller
woof,Animation
woof,Short
smyrna,Drama
smyrna,History
smyrna,War
bleed for this,Biography
bleed for this,Drama
bleed for this,Sport
"memories to choke on, drinks to wash them down",Comedy
"memories to choke on, drinks to wash them down",Drama
three,Comedy
three,Crime
three,Drama
semmelweis,Biography
semmelweis,Drama
semmelweis,History
blockade,Action
blockade,Adventure
blockade,Animation
mentés másképp,Comedy
mentés másképp,Drama
funky,Comedy
funky,Fantasy
mad,Action
mad,Adventure
mad,Sci-Fi
oh my god,Comedy
oh my god,Drama
oh my god,Fantasy
ejakulasi dini,Comedy
reva guna guna,Horror
arab maklum,Comedy
arab maklum,Drama
spring of youth,Comedy
spring of youth,Drama
spring of youth,Mystery
dilan 1983,Drama
dilan 1983,Romance
jack dan danil,Comedy
jack dan danil,Drama
the architecture of love,Drama
the architecture of love,Romance
two blue hearts,Drama
ali topan,Adventure
ali topan,Comedy
ali topan,Crime
pamali,Horror
pamali,Mystery
falling in love like in movies,Comedy
falling in love like in movies,Drama
falling in love like in movies,Romance
blessed you,Drama
blessed you,Fantasy
blessed you,Horror
mantra surugana,Horror
foxtrot six,Action
foxtrot six,Drama
foxtrot six,Sci-Fi
cadet 1947,Drama
cadet 1947,History
cadet 1947,War
years and years,Adventure
years and years,Comedy
little dixie,Action
little dixie,Crime
little dixie,Thriller
all creatures great and small,Biography
all creatures great and small,Drama
starstruck,Comedy
starstruck,Romance
baptiste,Crime
baptiste,Drama
baptiste,Thriller
becoming led zeppelin,Documentary
becoming led zeppelin,Music
serendipity,Comedy
serendipity,Romance
made of honor,Comedy
made of honor,Romance
laces,Comedy
laces,Crime
laces,Thriller
as good as it gets,Comedy
as good as it gets,Drama
as good as it gets,Romance
fill the void,Drama
fill the void,Romance
sole a catinelle,Comedy
califano,Documentary
born for you,Drama
who framed santa claus?,Comedy
romantiche,Comedy
sarò con te,Documentary
like a cat on a highway 2,Comedy
supereroi,Comedy
un altro ferragosto,Comedy
me contro te il film: vacanze in transilvania,Family
il sesso degli angeli,Comedy
per tutta la vita,Comedy
per tutta la vita,Drama
per tutta la vita,Romance
once upon a time in bethlehem,Adventure
once upon a time in bethlehem,Comedy
once upon a time in bethlehem,Fantasy
bentornato presidente,Comedy
inazuma eleven,Animation
inazuma eleven,Comedy
inazuma eleven,Family
eat pray love,Biography
eat pray love,Comedy
eat pray love,Drama
the blood of wolves,Crime
the blood of wolves,Drama
winnie-the-pooh: blood and honey 2,Horror
winnie-the-pooh: blood and honey 2,Mystery
winnie-the-pooh: blood and honey 2,Thriller
5 centimeters per second,Animation
5 centimeters per second,Drama
5 centimeters per second,Family
all about suomi,Drama
after school doctor,Drama
the great cleric,Adventure
the great cleric,Animation
the great cleric,Fantasy
totto-chan the little girl at the window,Animation
totto-chan the little girl at the window,Drama
totto-chan the little girl at the window,Family
blue box,Animation
blue box,Comedy
blue box,Romance
ballad,Comedy
ballad,Sport
root,Biography
root,Drama
root,History
goodbye cruel world,Crime
"and yet, you are so sweet",Romance
fly me to the saitama,Adventure
fly me to the saitama,Comedy
fly me to the saitama,Drama
last of the wolves,Drama
maquia: when the promised flower blooms,Adventure
maquia: when the promised flower blooms,Animation
maquia: when the promised flower blooms,Drama
the masterful cat is depressed again today,Animation
the masterful cat is depressed again today,Comedy
one ordinary day,Crime
one ordinary day,Mystery
buddy daddies,Action
buddy daddies,Animation
buddy daddies,Comedy
honey lemon soda,Animation
honey lemon soda,Drama
honey lemon soda,Romance
my absolute boyfriend,Comedy
my absolute boyfriend,Fantasy
my absolute boyfriend,Romance
"i have loved you for 30 years, yayoi",Romance
howling village,Horror
howling village,Mystery
howling village,Thriller
avalanche,Comedy
avalanche,Drama
the great war of archimedes,Action
the great war of archimedes,Drama
the great war of archimedes,Mystery
gantz,Action
gantz,Animation
gantz,Drama
how to eliminate my teacher,Mystery
how to eliminate my teacher,Thriller
homme fatale,Comedy
homme fatale,History
homme fatale,Romance
happy death day,Comedy
happy death day,Horror
happy death day,Mystery
my country: the new age,Action
my country: the new age,Drama
my country: the new age,History
furious 7,Action
furious 7,Thriller
the exorcist: believer,Horror
the house with a clock in its walls,Comedy
the house with a clock in its walls,Family
the house with a clock in its walls,Fantasy
takopi's original sin,Animation
takopi's original sin,Drama
takopi's original sin,Sci-Fi
flat girls,Drama
9 years of you,Drama
9 years of you,Romance
death race,Action
death race,Sci-Fi
death race,Thriller
dhevaprom: kwanruetai,Romance
ghost book,Crime
ghost book,Drama
huesera: the bone woman,Drama
huesera: the bone woman,Horror
huesera: the bone woman,Mystery
mondo,Comedy
royal doctor,Animation
royal doctor,Fantasy
royal doctor,Romance
firestorm,Action
firestorm,Thriller
slice,Comedy
slice,Crime
slice,Fantasy
the kinnaree conspiracy,History
the kinnaree conspiracy,Mystery
the kinnaree conspiracy,Romance
lara croft tomb raider: the cradle of life,Action
lara croft tomb raider: the cradle of life,Adventure
lara croft tomb raider: the cradle of life,Fantasy
stardust,Adventure
stardust,Fantasy
stardust,Romance
the legend of hei,Action
the legend of hei,Adventure
the legend of hei,Animation
the long walk,Horror
the long walk,Thriller
interstellar,Adventure
interstellar,Drama
interstellar,Sci-Fi
incantation,Horror
incantation,Mystery
benedetta,Biography
benedetta,Drama
benedetta,Romance
stand by me doraemon 2,Animation
stand by me doraemon 2,Comedy
stand by me doraemon 2,Drama
jumper,Action
jumper,Adventure
jumper,Sci-Fi
papillon,Biography
papillon,Crime
papillon,Drama
robin hood: prince of thieves,Action
robin hood: prince of thieves,Adventure
robin hood: prince of thieves,Drama
the last song,Drama
the last song,Music
the last song,Romance
klaus,Adventure
klaus,Animation
klaus,Comedy
koza nostra,Comedy
koza nostra,Crime
the eggsplosive easter,Comedy
we were recruits,Documentary
we were recruits,War
episodes: ukraine at the world cup,Documentary
episodes: ukraine at the world cup,Sport
the hours,Drama
the hours,Romance
the talented mr. ripley,Crime
the talented mr. ripley,Drama
the talented mr. ripley,Thriller
neighbour,Drama
neighbour,Romance
"monica, o my darling",Comedy
"monica, o my darling",Crime
"monica, o my darling",Drama
the ghost,Action
the ghost,Crime
the ghost,Drama
molly's game,Biography
molly's game,Crime
molly's game,Drama
how to be a latin lover,Comedy
how to be a latin lover,Drama
i swear,Biography
i swear,Drama
the job lot,Comedy
damage,Action
damage,Drama
damage,Thriller
space jam: a new legacy,Adventure
space jam: a new legacy,Animation
space jam: a new legacy,Comedy
rich holiday poor holiday,Reality-TV
unthinkable,Crime
unthinkable,Drama
unthinkable,Thriller
seraphim falls,Action
seraphim falls,Drama
seraphim falls,Thriller
the son,Action
the son,Adventure
the son,Comedy
horimiya,Animation
horimiya,Comedy
horimiya,Drama
when we were young,Drama
when we were young,Romance
when we were young,Sport
the night owl,Crime
the night owl,Drama
the night owl,Thriller
hard broken,Crime
hard broken,Drama
hard broken,Thriller
farha,Drama
the shallows,Drama
the shallows,Horror
the shallows,Thriller
shattered,Drama
shattered,History
my annoying brother,Comedy
my annoying brother,Drama
my annoying brother,Sport
suzzanna: kliwon friday night,Drama
suzzanna: kliwon friday night,Fantasy
suzzanna: kliwon friday night,Horror
jemputan ke neraka,Horror
jemputan ke neraka,Mystery
jemputan ke neraka,Thriller
hello ghost,Comedy
hello ghost,Drama
hello ghost,Family
poochandi,Thriller
sivaji,Action
sivaji,Crime
sivaji,Drama
the children act,Drama
on aurait dû aller en grèce,Comedy
a breath away,Action
a breath away,Drama
a breath away,Mystery
let it snow,Comedy
let it snow,Romance
get in,Comedy
get in,Family
get in,Talk-Show
prayers for the stolen,Drama
something about love,Comedy
something about love,Romance
the braid,Drama
cleanskin,Action
cleanskin,Crime
cleanskin,Drama
the wolfman,Drama
the wolfman,Fantasy
the wolfman,Horror
crimson peak,Drama
crimson peak,Horror
crimson peak,Mystery
adire,Drama
an instant dad,Comedy
captain tsubasa,Animation
captain tsubasa,Comedy
captain tsubasa,Drama
the fight for justice: paolo guerrero,Biography
the fight for justice: paolo guerrero,Drama
the fight for justice: paolo guerrero,Sport
the seal: number 10 from the street,Comedy
the seal: number 10 from the street,Drama
50 first dates,Comedy
50 first dates,Drama
50 first dates,Romance
posthouse,Horror
the bravest,Action
the bravest,Drama
the wedding day,Comedy
photosensitive,Romance
simona kossak,Biography
simona kossak,Drama
simona kossak,History
baby boom czyli kogel mogel 5,Comedy
erin,Biography
erin,Drama
operation: nation,Documentary
operation: nation,History
coco before chanel,Biography
coco before chanel,Drama
behind the curtain,Documentary
12.12: the day,Action
12.12: the day,Drama
12.12: the day,History
heaven's soldiers,Action
heaven's soldiers,Comedy
heaven's soldiers,Sci-Fi
appleseed alpha,Action
appleseed alpha,Adventure
appleseed alpha,Animation
jo pil-ho: the dawning rage,Action
jo pil-ho: the dawning rage,Crime
jo pil-ho: the dawning rage,Drama
men on a mission,Documentary
i saw the devil,Action
i saw the devil,Thriller
sunflower,Comedy
sunflower,Crime
sunflower,Mystery
superstar,Drama
superstar,History
superstar,Musical
800 meters,Crime
800 meters,Documentary
johanna nordström: call the police,Comedy
johanna nordström: call the police,Documentary
heldin,Comedy
heldin,Musical
the accidental influencer,Comedy
the accidental influencer,Drama
love never ends,Animation
love never ends,Comedy
love never ends,Drama
a normal family,Crime
a normal family,Drama
a normal family,Thriller
fist fight,Comedy
today is a beautiful day,Drama
french blood,Drama
fantomas,Adventure
fantomas,Comedy
fantomas,Crime
tout schuss,Comedy
once upon a time in america,Crime
once upon a time in america,Drama
hail the judge,Comedy
toxikoma,Biography
toxikoma,Drama
little hearts,Comedy
little hearts,Romance
skaya and the big boss,Drama
i know when you dead: suicide village,Horror
i know when you dead: suicide village,Mystery
i know when you dead: suicide village,Thriller
life begins,Drama
life begins,Romance
playing for keeps,Comedy
playing for keeps,Romance
playing for keeps,Sport
the sense of an ending,Drama
the sense of an ending,Mystery
boomers,Action
boomers,Crime
boomers,Drama
decline and fall,Comedy
the stand-in,Action
the stand-in,Animation
the stand-in,Crime
diva futura,Drama
volevo un figlio maschio,Comedy
l'ultima volta che siamo stati bambini,Comedy
l'ultima volta che siamo stati bambini,Drama
playing it cool,Comedy
playing it cool,Romance
nemesis,Action
nemesis,Adventure
nemesis,Sci-Fi
ichiko,Thriller
death row family,Comedy
death row family,Crime
death row family,Drama
let this grieving soul retire!,Action
let this grieving soul retire!,Adventure
let this grieving soul retire!,Animation
asura,Action
asura,Drama
the women in the lakes,Mystery
the women in the lakes,Thriller
we are! let's get the party starto!!,Music
we are! let's get the party starto!!,Musical
my deer friend nokotan,Animation
my deer friend nokotan,Comedy
my deer friend nokotan,Fantasy
baby assassins 2 babies,Action
baby assassins 2 babies,Comedy
baby assassins 2 babies,Crime
sasaki and peeps,Adventure
sasaki and peeps,Animation
sasaki and peeps,Comedy
how a realist hero rebuilt the kingdom,Action
how a realist hero rebuilt the kingdom,Animation
how a realist hero rebuilt the kingdom,Comedy
mondays: see you “this” week!,Comedy
mondays: see you “this” week!,Sci-Fi
the mole song: hong kong capriccio,Action
the mole song: hong kong capriccio,Comedy
the mole song: hong kong capriccio,Crime
violet evergarden the movie,Animation
violet evergarden the movie,Drama
violet evergarden the movie,Fantasy
asakusa kid,Biography
asakusa kid,Drama
the night beyond the tricornered window,Horror
the night beyond the tricornered window,Mystery
the night beyond the tricornered window,Romance
premonition,Drama
premonition,Fantasy
premonition,Mystery
the hurt locker,Drama
the hurt locker,Thriller
the hurt locker,War
pretty smart,Comedy
pretty smart,Romance
the nightingale of bursa,Comedy
the nightingale of bursa,Drama
the nightingale of bursa,Music
mortal kombat,Action
mortal kombat,Adventure
mortal kombat,Fantasy
riverdale,Crime
riverdale,Drama
riverdale,Mystery
man on a ledge,Action
man on a ledge,Crime
man on a ledge,Thriller
waterworld,Action
waterworld,Adventure
waterworld,Sci-Fi
the eye,Drama
the eye,Mystery
the eye,Romance
the twilight saga: eclipse,Action
the twilight saga: eclipse,Adventure
the twilight saga: eclipse,Drama
platonic,Comedy
platonic,Romance
happy together,Drama
happy together,Romance
mirrors,Crime
mirrors,Drama
mirrors,Mystery
ufo,Drama
ufo,Mystery
ufo,Sci-Fi
everything is for love,Comedy
everything is for love,Romance
the book of life,Adventure
the book of life,Animation
the book of life,Comedy
gupi,Animation
gupi,Comedy
gupi,Family
legion,Action
legion,Fantasy
legion,Horror
the girl with all the gifts,Action
the girl with all the gifts,Adventure
the girl with all the gifts,Drama
home alone,Comedy
home alone,Family
2 weeks in lagos,Comedy
2 weeks in lagos,Drama
2 weeks in lagos,Romance
show dogs,Adventure
show dogs,Comedy
show dogs,Crime
merry men 3: nemesis,Action
merry men 3: nemesis,Comedy
squared love all over again,Comedy
squared love all over again,Romance
kings of jo'burg,Crime
kings of jo'burg,Thriller
oflu hoca 4,Comedy
the black death,Drama
the black death,Horror
the black death,Thriller
reverse 4 you,Drama
reverse 4 you,Romance
pattaya heat,Crime
pattaya heat,Thriller
the djinn's curse,Horror
an incurable case of love,Comedy
an incurable case of love,Romance
everything everywhere all at once,Action
everything everywhere all at once,Adventure
everything everywhere all at once,Comedy
to the moon and back,Family
to the moon and back,Romance
till the end of the moon,Adventure
till the end of the moon,Drama
till the end of the moon,Fantasy
dr. romantic,Drama
dr. romantic,Romance
you & me & me,Biography
you & me & me,Crime
you & me & me,Drama
tunnel,Horror
tunnel,Mystery
tunnel,Thriller
crash landing on you,Adventure
crash landing on you,Comedy
crash landing on you,Drama
the swindlers,Crime
the swindlers,Documentary
the bodyguard,Action
the bodyguard,Comedy
the bodyguard,Crime
khun pan 2,Action
khun pan 2,Fantasy
crash course in romance,Comedy
crash course in romance,Drama
crash course in romance,Romance
sinister,Horror
sinister,Mystery
sinister,Thriller
chaos walking,Action
chaos walking,Adventure
chaos walking,Drama
the antique shop,Comedy
the antique shop,Horror
faces of anne,Horror
faces of anne,Mystery
faces of anne,Thriller
somebody,Biography
somebody,Drama
somebody,Music
fearless love,Comedy
fearless love,Horror
fearless love,Romance
jirisan,Action
jirisan,Drama
jirisan,Mystery
missing: the other side,Drama
missing: the other side,Fantasy
missing: the other side,Mystery
old people,Horror
locke & key,Drama
locke & key,Fantasy
locke & key,Horror
dali & cocky prince,Comedy
dali & cocky prince,Drama
dali & cocky prince,Romance
tomorrow,Action
tomorrow,Adventure
tomorrow,Sci-Fi
voice,Animation
voice,Drama
my secret bride,Action
my secret bride,Comedy
my secret bride,Crime
happiness,Comedy
happiness,Sport
kotaro lives alone,Animation
kotaro lives alone,Comedy
kotaro lives alone,Drama
child's play,Horror
child's play,Thriller
valerian and the city of a thousand planets,Action
valerian and the city of a thousand planets,Adventure
valerian and the city of a thousand planets,Animation
ai love you,Drama
ai love you,Romance
ai love you,Sci-Fi
the medium,Drama
the medium,Horror
the medium,Mystery
detective chinatown 3,Action
detective chinatown 3,Adventure
detective chinatown 3,Comedy
love you as the world ends,Action
love you as the world ends,Horror
love you as the world ends,Mystery
shadow in the cloud,Action
shadow in the cloud,Horror
shadow in the cloud,War
songbird,Action
songbird,Adventure
songbird,Drama
i see dead people,Comedy
remember you,Comedy
remember you,Drama
remember you,Romance
mad dog,Comedy
mad dog,Crime
mad dog,Drama
dare to love,Drama
green book,Biography
green book,Comedy
green book,Drama
ender's game,Action
ender's game,Adventure
ender's game,Sci-Fi
rurouni kenshin: the final,Action
rurouni kenshin: the final,Adventure
rurouni kenshin: the final,Drama
"legally blonde 2: red, white & blonde",Comedy
the red road,Crime
the red road,Drama
the red road,Thriller
the revenant,Action
the revenant,Drama
the revenant,Western
haul out the holly,Comedy
letters to juliet,Adventure
letters to juliet,Comedy
letters to juliet,Drama
she's all that,Comedy
she's all that,Romance
patriot games,Action
patriot games,Thriller
easter sunday,Comedy
problem child,Comedy
problem child,Family
french girl,Comedy
french girl,Romance
almost christmas,Comedy
almost christmas,Drama
almost christmas,Romance
blue ribbon baking championship,Game-Show
blue ribbon baking championship,Reality-TV
not easily broken,Drama
not easily broken,Romance
the dictator,Comedy
a taste of sin,Drama
the guilt trip,Comedy
the guilt trip,Drama
brian banks,Biography
brian banks,Drama
brian banks,Sport
somewhere between,Drama
somewhere between,Mystery
somewhere between,Sci-Fi
scooby-doo!: mystery incorporated,Adventure
scooby-doo!: mystery incorporated,Animation
scooby-doo!: mystery incorporated,Comedy
fever dream,Drama
fever dream,Horror
fever dream,Mystery
frida,Comedy
frida,Family
frida,Fantasy
oh mom!,Comedy
steve,Action
steve,Adventure
steve,Comedy
diagnosis: dissent,Drama
diagnosis: dissent,History
diagnosis: dissent,Thriller
american gangster,Biography
american gangster,Crime
american gangster,Drama
the best weekend,Comedy
blackhat,Action
blackhat,Crime
blackhat,Thriller
crazy neighbours,Adventure
crazy neighbours,Comedy
the godfather: part ii,Crime
the godfather: part ii,Drama
squared love,Comedy
squared love,Romance
sniper: the white raven,Drama
sniper: the white raven,War
omo ghetto: the saga,Action
omo ghetto: the saga,Adventure
omo ghetto: the saga,Comedy
chatha pacha,Action
chatha pacha,Comedy
chatha pacha,Drama
dining with the kapoors,Documentary
catalog,Comedy
catalog,Drama
detective ujjwalan,Mystery
vir das: fool volume,Comedy
vir das: fool volume,Documentary
green bones,Crime
green bones,Drama
green bones,Thriller
perusu,Comedy
bhool bhulaiyaa,Comedy
bhool bhulaiyaa,Fantasy
bhool bhulaiyaa,Horror
the other woman,Comedy
the other woman,Romance
one shot,Action
one shot,Adventure
one shot,Crime
choona,Comedy
choona,Crime
choona,Drama
peppermint,Action
peppermint,Thriller
padmini,Comedy
padmini,Drama
thrishanku,Adventure
thrishanku,Comedy
thrishanku,Drama
ayalvaashi,Comedy
ayalvaashi,Drama
kuttey,Action
kuttey,Comedy
kuttey,Crime
alkhallat+,Comedy
alkhallat+,Drama
alkhallat+,Mystery
varalaru mukkiyam,Comedy
varalaru mukkiyam,Romance
double xl,Comedy
double xl,Drama
dsp,Action
dsp,Crime
dsp,Drama
tara vs. bilal,Comedy
tara vs. bilal,Drama
tara vs. bilal,Romance
honeymoon,Drama
honeymoon,Fantasy
honeymoon,Horror
love today,Comedy
love today,Drama
love today,Romance
jack the giant slayer,Action
jack the giant slayer,Adventure
jack the giant slayer,Fantasy
harry potter and the half-blood prince,Action
harry potter and the half-blood prince,Adventure
harry potter and the half-blood prince,Family
mr. peabody & sherman,Adventure
mr. peabody & sherman,Animation
mr. peabody & sherman,Comedy
2 broke girls,Comedy
vera drake,Crime
vera drake,Drama
north shore,Crime
north shore,Thriller
escape from pretoria,Action
escape from pretoria,Biography
escape from pretoria,Crime
temple,Action
temple,Adventure
hatton garden,Action
hatton garden,Crime
hatton garden,Thriller
gigi & nate,Drama
gigi & nate,Family
gunpowder,Action
gunpowder,Crime
gunpowder,Thriller
28 days haunted,Horror
28 days haunted,Reality-TV
killer elite,Action
killer elite,Crime
killer elite,Thriller
burnt,Comedy
burnt,Drama
brahms: the boy ii,Drama
brahms: the boy ii,Horror
brahms: the boy ii,Mystery
wild bill,Comedy
wild bill,Crime
wild bill,Drama
russell howard: lubricant,Comedy
the matrix reloaded,Action
the matrix reloaded,Sci-Fi
murder at yellowstone city,Crime
murder at yellowstone city,Drama
murder at yellowstone city,Mystery
ted 2,Comedy
¡que viva méxico!,Comedy
the green mile,Crime
the green mile,Drama
the green mile,Fantasy
isla bonita,Comedy
isla bonita,Drama
are we there yet?,Adventure
are we there yet?,Comedy
are we there yet?,Family
the substitute,Action
the substitute,Crime
the substitute,Drama
"farewell, mr. haffmann",Drama
the marriage app,Comedy
the marriage app,Romance
fenced in,Comedy
bank robbers: the last great heist,Crime
bank robbers: the last great heist,Documentary
never look away,Biography
never look away,Drama
never look away,Romance
loca por el trabajo,Comedy
percy vs goliath,Biography
percy vs goliath,Drama
ya veremos,Drama
nights in rodanthe,Drama
nights in rodanthe,Romance
okupas,Crime
okupas,Drama
fathers & daughters,Drama
money games,Documentary
the beginning after the end,Action
the beginning after the end,Adventure
the beginning after the end,Animation
the auditors,Crime
wind breaker,Action
wind breaker,Adventure
wind breaker,Animation
all in,Biography
all in,Crime
all in,Drama
kieu,Drama
face off 5: 48h,Action
face off 5: 48h,Comedy
the white storm 2: drug lords,Action
the white storm 2: drug lords,Crime
survive,Documentary
survive,Sport
the gunman,Action
the gunman,Crime
the gunman,Mystery
defying destiny,Drama
fugue state 1986,Crime
fugue state 1986,Drama
fugue state 1986,Thriller
bodyguard,Action
bodyguard,Comedy
bodyguard,Crime
sugar rush: the baking point,Game-Show
sugar rush: the baking point,Reality-TV
the kings of the world,Action
the kings of the world,Adventure
the kings of the world,Fantasy
maría magdalena,Biography
closer,Drama
closer,Romance
uradi,Thriller
king of boys: the return of the king,Crime
king of boys: the return of the king,Drama
hostage house,Action
hostage house,Crime
hostage house,Horror
stoker,Drama
stoker,Mystery
stoker,Thriller
paycheck,Action
paycheck,Mystery
paycheck,Sci-Fi
fireworks,Crime
fireworks,Drama
fireworks,Romance
what to expect when you're expecting,Comedy
what to expect when you're expecting,Drama
what to expect when you're expecting,Romance
something new,Comedy
something new,Drama
something new,Romance
adventureland,Comedy
adventureland,Drama
adventureland,Romance
ace ventura: pet detective,Comedy
fun with dick & jane,Comedy
fun with dick & jane,Crime
knightfall,Action
knightfall,Adventure
knightfall,Drama
the parisian agency: exclusive properties,Reality-TV
family business,Adventure
family business,Animation
family business,Comedy
my boo 2,Comedy
my boo 2,Horror
my boo 2,Romance
badak,Drama
maryam: the untold story,Horror
mujhse dosti karoge!,Comedy
mujhse dosti karoge!,Drama
mujhse dosti karoge!,Family
the demon's bride,Horror
the demon's bride,Thriller
poison sangga: the homewrecker's curse,Horror
poison sangga: the homewrecker's curse,Thriller
perewangan,Horror
perewangan,Mystery
perewangan,Thriller
don't look back... i know your origins,Horror
don't look back... i know your origins,Mystery
don't look back... i know your origins,Thriller
hell for you,Mystery
hell for you,Thriller
ibu,Comedy
thaghut,Horror
the strongest sage with the weakest crest,Adventure
the strongest sage with the weakest crest,Animation
the strongest sage with the weakest crest,Fantasy
the train of death,Horror
the train of death,Thriller
trinil,Drama
trinil,Horror
trinil,Thriller
ancika,Drama
ancika,Romance
13 bombs,Action
13 bombs,Crime
13 bombs,Thriller
the lord musang king,Action
the lord musang king,Crime
the lord musang king,Drama
susuk,Horror
susuk,Thriller
longkai,Action
longkai,Crime
longkai,Drama
stealing raden saleh,Action
stealing raden saleh,Crime
stealing raden saleh,Drama
inside men,Action
inside men,Crime
inside men,Drama
"hail, driver!",Crime
"hail, driver!",Drama
"hail, driver!",Romance
braven,Action
braven,Thriller
jab tak hai jaan,Drama
jab tak hai jaan,Romance
all the sharks,Documentary
all the sharks,Reality-TV
starfish,Drama
starfish,Romance
starfish,Thriller
rangabali,Action
rangabali,Comedy
rangabali,Drama
18 pages,Romance
ala vaikunthapurramuloo,Action
ala vaikunthapurramuloo,Comedy
ala vaikunthapurramuloo,Drama
the pink panther 2,Action
the pink panther 2,Adventure
the pink panther 2,Comedy
race for glory: audi vs. lancia,Biography
race for glory: audi vs. lancia,Drama
race for glory: audi vs. lancia,Sport
big momma's house 2,Comedy
big momma's house 2,Crime
the code,Mystery
the code,Thriller
spycies,Action
spycies,Animation
spycies,Comedy
le lion,Comedy
if i were a boy,Comedy
the abcs of love,Comedy
the abcs of love,Documentary
the abcs of love,Romance
the night of the 12th,Crime
the night of the 12th,Drama
the night of the 12th,Mystery
stop! or my mom will shoot,Action
stop! or my mom will shoot,Comedy
black box,Drama
black box,Mystery
black box,Thriller
fast & furious 6,Action
fast & furious 6,Thriller
ibiza,Comedy
ibiza,Romance
the perfect match,Comedy
the perfect match,Romance
maldivas,Comedy
maldivas,Crime
maldivas,Drama
une famille à louer,Comedy
une famille à louer,Romance
maverix,Drama
maverix,Family
maverix,Sport
the wedding guest,Action
the wedding guest,Thriller
to the lake,Crime
to the lake,Drama
to the lake,Mystery
the last bus,Drama
talvar,Crime
talvar,Drama
talvar,Mystery
parallel roads,Drama
breathe,Crime
breathe,Horror
breathe,Thriller
maggie moore(s),Comedy
maggie moore(s),Crime
maggie moore(s),Mystery
casa coco,Comedy
black book,Drama
black book,Thriller
black book,War
taste of love,Romance
rock the house!,Drama
acquitted,Crime
acquitted,Drama
gomorrah,Crime
gomorrah,Drama
official secrets,Biography
official secrets,Crime
official secrets,Drama
bon bini holland 2,Action
bon bini holland 2,Comedy
bon bini holland 2,Crime
vanquish,Action
vanquish,Adventure
vanquish,Crime
monsieur aznavour,Biography
monsieur aznavour,Drama
monsieur aznavour,Music
in the game,Documentary
in the game,Drama
venice calling,Comedy
venice calling,Drama
venice calling,Family
eyjafjallajökull,Comedy
standing up,Comedy
standing up,Crime
standing up,Thriller
a star is born,Drama
a star is born,Music
a star is born,Romance
don't tell,Comedy
killing faith,Thriller
killing faith,Western
sanctuary: a witch's tale,Fantasy
sanctuary: a witch's tale,Thriller
secrets and lies,Crime
secrets and lies,Drama
secrets and lies,Mystery
black site,Action
black site,Thriller
destination wedding,Comedy
destination wedding,Drama
destination wedding,Romance
the yellow birds,Drama
the yellow birds,War
freaks,Comedy
freaks,Drama
hyena road,Drama
hyena road,War
we are still here,Horror
we are still here,Mystery
the lord of the rings: the return of the king,Adventure
the lord of the rings: the return of the king,Drama
the lord of the rings: the return of the king,Fantasy
miriam margolyes: almost australian,Documentary
the cult of the family,Documentary
irreverent,Comedy
irreverent,Crime
irreverent,Drama
pixie,Comedy
pixie,Crime
pixie,Thriller
old people's home for 4 year olds,Documentary
sisi london,Comedy
inside life,Drama
the order of things,Drama
dark october,Horror
african queens: njinga,Documentary
african queens: njinga,Drama
african queens: njinga,History
seven and a half dates,Comedy
seven and a half dates,Romance
tanwa savage,Comedy
tanwa savage,Drama
nneka the pretty serpent,Horror
nneka the pretty serpent,Mystery
day of destiny,Adventure
day of destiny,Drama
day of destiny,Sci-Fi
deranged,Drama
deranged,Horror
deranged,Thriller
voiceless,Thriller
meru,Adventure
meru,Documentary
meru,Sport
chloe,Drama
chloe,Mystery
chloe,Thriller
the blood pact,Crime
the blood pact,Drama
fiston,Comedy
those happy days,Comedy
bis,Comedy
bis,Drama
bis,Fantasy
daniel spellbound,Action
daniel spellbound,Adventure
daniel spellbound,Animation
inuyasha,Action
inuyasha,Adventure
inuyasha,Animation
to kill a monkey,Crime
to kill a monkey,Drama
to kill a monkey,Thriller
the silent twins,Biography
the silent twins,Crime
the silent twins,Drama
the book of clarence,Adventure
the book of clarence,Comedy
the book of clarence,Drama
pyaar ka punchnama,Comedy
pyaar ka punchnama,Drama
pyaar ka punchnama,Romance
rambo iii,Action
rambo iii,Adventure
rambo iii,Thriller
from me to you: kimi ni todoke,Animation
from me to you: kimi ni todoke,Comedy
from me to you: kimi ni todoke,Drama
out of order,Crime
out of order,Drama
out of order,Thriller
seklusyon,Horror
seklusyon,Mystery
seklusyon,Thriller
my future you,Comedy
my future you,Drama
my future you,Fantasy
wish you were the one,Comedy
wish you were the one,Drama
wish you were the one,Romance
i love lizzy,Drama
i love lizzy,Romance
third world romance,Drama
third world romance,Romance
tía madré,Horror
confidential assignment 2: international,Action
confidential assignment 2: international,Comedy
confidential assignment 2: international,Thriller
pinocchio,Adventure
pinocchio,Animation
pinocchio,Comedy
respect,Biography
respect,Drama
respect,Music
the promise,Action
the promise,Adventure
the promise,Drama
sitsit,Horror
sitsit,Thriller
the roundup,Action
the roundup,Crime
the roundup,Thriller
more than blue,Drama
more than blue,Romance
parasite,Drama
parasite,Thriller
"i'm drunk, i love you",Romance
glorious,Horror
glorious,Mystery
glorious,Thriller
the in-laws 2,Action
the in-laws 2,Comedy
the in-laws 2,Crime
blood for blood,Action
blood for blood,Adventure
blood for blood,Horror
night silence,Crime
night silence,Drama
night silence,Thriller
saw,Horror
saw,Mystery
saw,Thriller
prophet,Crime
prophet,Drama
the skeleton key,Drama
the skeleton key,Horror
the skeleton key,Mystery
deep fake love,Reality-TV
deep fake love,Romance
smother-in-law,Comedy
carandiru,Crime
carandiru,Drama
freedomland,Crime
freedomland,Drama
freedomland,Mystery
love in taipei,Comedy
love in taipei,Romance
the starling girl,Drama
the starling girl,Romance
tuff money,Comedy
tuff money,Crime
tuff money,Drama
part-time daddy,Comedy
the adventure time,Action
the adventure time,Adventure
the adventure time,Drama
swingers,Comedy
swingers,Drama
the uninvited,Drama
the uninvited,Fantasy
the uninvited,Horror
saudi pro league: kickoff,Documentary
saudi pro league: kickoff,Sport
i am married...but!,Comedy
i am married...but!,Drama
i am married...but!,Romance
agents of mystery,Crime
agents of mystery,Game-Show
agents of mystery,Reality-TV
skandal! bringing down wirecard,Crime
skandal! bringing down wirecard,Documentary
love is true,Drama
love is true,Romance
the defender,Action
the defender,Adventure
the defender,Crime
old cans,Biography
old cans,Crime
old cans,Drama
broken voices,Drama
broken voices,Thriller
stand up,Comedy
stand up,Crime
stand up,Thriller
johnny english reborn,Action
johnny english reborn,Adventure
johnny english reborn,Comedy
johnny english,Action
johnny english,Adventure
johnny english,Comedy
mr easy loo,Comedy
the bfg,Adventure
the bfg,Family
the bfg,Fantasy
little fockers,Comedy
little fockers,Romance
republic of south ah sh**t,Comedy
kings of mulberry street: let love reign,Adventure
kings of mulberry street: let love reign,Comedy
kings of mulberry street: let love reign,Drama
road to boston,Biography
road to boston,Drama
road to boston,Sport
miss conspirator,Action
miss conspirator,Comedy
pandora,Crime
pandora,Drama
pandora,Romance
pretty crazy,Comedy
pretty crazy,Mystery
pretty crazy,Romance
love after divorce,Reality-TV
love after divorce,Romance
getaway and go with jangdobari,Reality-TV
rounders,Crime
rounders,Drama
you will die in 6 hours,Mystery
you will die in 6 hours,Thriller
tails of tales,Drama
tails of tales,Fantasy
tails of tales,History
hot blooded,Comedy
hot blooded,Drama
hot blooded,Romance
music adventure by accident,Adventure
music adventure by accident,Music
music adventure by accident,Reality-TV
a clean sweep,Sport
reincarnated as a sword,Action
reincarnated as a sword,Adventure
reincarnated as a sword,Animation
highway family,Drama
single rider,Drama
greenhouse,Adventure
greenhouse,Comedy
greenhouse,Drama
hidden,Action
hidden,Adventure
hidden,Drama
the unjust,Action
the unjust,Crime
the unjust,Drama
men of plastic,Comedy
men of plastic,Crime
men of plastic,Drama
life is beautiful,Comedy
life is beautiful,Drama
life is beautiful,Romance
daemuga,Comedy
daemuga,Drama
tazza: one eyed jack,Crime
tazza: one eyed jack,Drama
tazza: one eyed jack,Thriller
legend of fuyao,Action
legend of fuyao,Adventure
legend of fuyao,Fantasy
never give up,Drama
the book of fish,Drama
the book of fish,History
the pirates,Action
the pirates,Adventure
the pirates,Fantasy
miracle: letters to the president,Drama
hostage: missing celebrity,Action
hostage: missing celebrity,Crime
hostage: missing celebrity,Drama
reflection of you,Drama
reflection of you,Thriller
the raincoat killer: chasing a predator in korea,Crime
the raincoat killer: chasing a predator in korea,Documentary
the raincoat killer: chasing a predator in korea,History
my sassy girl,Comedy
my sassy girl,Drama
my sassy girl,Romance
monthly magazine home,Comedy
monthly magazine home,Romance
mobile suit gundam hathaway,Action
mobile suit gundam hathaway,Animation
mobile suit gundam hathaway,Drama
7 virgins,Crime
7 virgins,Drama
leo & lou,Comedy
leo & lou,Drama
empire state,Crime
empire state,Thriller
cash out,Action
cash out,Thriller
weiss & morales,Drama
collateral beauty,Drama
collateral beauty,Romance
la familia benetón,Comedy
la ermita,Horror
fame after fame,Reality-TV
al final del camino,Drama
our kind of traitor,Action
our kind of traitor,Crime
our kind of traitor,Drama
la caza,Drama
sequía,Crime
sequía,Thriller
witching & bitching,Action
witching & bitching,Adventure
witching & bitching,Comedy
"mirror, mirror",Crime
"mirror, mirror",Drama
"mirror, mirror",Mystery
indian,Action
indian,Adventure
miss shetty mr. polishetty,Comedy
miss shetty mr. polishetty,Drama
miss shetty mr. polishetty,Romance
nitham oru vaanam,Drama
weddings and wokes: a family dilemma,Comedy
woodwalkers,Adventure
woodwalkers,Family
woodwalkers,Fantasy
love the coopers,Comedy
love the coopers,Fantasy
love the coopers,Romance
needle park baby,Drama
hot dog,Comedy
hot dog,Family
jurassic park,Action
jurassic park,Adventure
jurassic park,Sci-Fi
legend of the magnate,Drama
miss kobayashi's dragon maid: a lonely dragon wants to be loved,Adventure
miss kobayashi's dragon maid: a lonely dragon wants to be loved,Animation
miss kobayashi's dragon maid: a lonely dragon wants to be loved,Fantasy
fox hunt,Crime
fox hunt,Drama
scandal eve,Drama
love's ambition,Drama
love's ambition,Romance
daughter's daughter,Crime
daughter's daughter,Documentary
us without sex,Comedy
us without sex,Drama
post truth,Comedy
post truth,Drama
kill my sins,Drama
kill my sins,Mystery
are you the one,Comedy
are you the one,Drama
are you the one,Romance
a fight for justice,Drama
a wonderful journey,Drama
i am nobody,Action
i am nobody,Adventure
i am nobody,Drama
only for love,Comedy
only for love,Drama
only for love,Romance
the way you shine,Animation
the way you shine,Comedy
the way you shine,Romance
chocolate,Adventure
chocolate,Comedy
chocolate,Family
the imperial age,Action
the imperial age,Drama
the imperial age,History
legend of deification,Action
legend of deification,Fantasy
the wailing,Drama
the wailing,Horror
ya boy kongming!,Animation
ya boy kongming!,Comedy
ya boy kongming!,Drama
drive my car,Drama
i care a lot,Comedy
i care a lot,Crime
i care a lot,Drama
the falls,Action
the falls,Comedy
the falls,Drama
gold leaf,Drama
the soul,Drama
the soul,Romance
achilles curse and the curse of treasure,Action
achilles curse and the curse of treasure,Comedy
achilles curse and the curse of treasure,Fantasy
love design,Comedy
love design,Drama
love design,Romance
never let go,Drama
never let go,Romance
tusk,Comedy
tusk,Horror
witness,Crime
witness,Drama
witness,Mystery
illusions for sale: the rise and fall of generation zoe,Crime
illusions for sale: the rise and fall of generation zoe,Documentary
holy spider,Crime
holy spider,Drama
holy spider,Thriller
wolf man,Horror
wolf man,Sci-Fi
50/50,Comedy
50/50,Drama
50/50,Romance
kuroko's basketball,Animation
kuroko's basketball,Comedy
kuroko's basketball,Sport
i am mother,Drama
i am mother,Mystery
i am mother,Sci-Fi
ocean's twelve,Crime
ocean's twelve,Thriller
the piano lesson,Drama
the piano lesson,Music
home run,Drama
home run,Sport
ghoul,Action
ghoul,Animation
ghoul,Drama
sanju,Biography
sanju,Comedy
sanju,Drama
angèle,Biography
angèle,Documentary
angèle,Music
#nofilter,Comedy
luccas neto em: a gincana na netoland,Comedy
crô em família,Comedy
glitter & gold: ice dancing,Documentary
glitter & gold: ice dancing,Sport
bone lake,Horror
bone lake,Thriller
the nut job,Adventure
the nut job,Animation
the nut job,Comedy
the locksmith,Action
the locksmith,Crime
the locksmith,Mystery
runaway,Crime
runaway,Drama
runaway,Thriller
two weeks notice,Comedy
two weeks notice,Romance
the road,Drama
the road,Thriller
bombshell,Biography
bombshell,Drama
night hunter,Crime
night hunter,Drama
night hunter,Thriller
the man who stood in the way,Biography
the man who stood in the way,Drama
the man who stood in the way,History
diplodocus,Drama
the forest killer,Horror
the word,Drama
the word,Mystery
the word,Romance
shadow country,Drama
shadow country,History
devil's game,Crime
devil's game,Drama
devil's game,Mystery
the eternal memory,Animation
the eternal memory,Drama
the eternal memory,Family
burning patience,Drama
burning patience,Romance
joe bell,Biography
joe bell,Drama
el ruby house,Comedy
el ruby house,Drama
aquamarine,Comedy
aquamarine,Family
aquamarine,Fantasy
conclave,Drama
conclave,Thriller
november 13: attack on paris,Crime
november 13: attack on paris,Documentary
among friends,Drama
among friends,Thriller
camping,Drama
camping,War
the mystery of henri pick,Comedy
the mystery of henri pick,Drama
the mystery of henri pick,Mystery
polisse,Crime
polisse,Drama
my brothers and i,Drama
my brothers and i,Music
brillantissime,Comedy
brillantissime,Romance
black rain,Drama
black rain,Music
why does nobody remember me in this world?,Action
why does nobody remember me in this world?,Adventure
why does nobody remember me in this world?,Animation
iris,Biography
iris,Crime
iris,Drama
i accidentally wrote a book,Comedy
i accidentally wrote a book,Drama
i accidentally wrote a book,Family
mastergame,Drama
mastergame,Mystery
mastergame,Thriller
halfway home,Fantasy
halfway home,Romance
the prodigy,Fantasy
the prodigy,Horror
the prodigy,Mystery
the rainmaker,Crime
the rainmaker,Drama
the rainmaker,Thriller
how to change your mind,Documentary
bard of blood,Action
bard of blood,Adventure
bard of blood,Drama
selection day,Sport
mens rea,Action
mens rea,Comedy
mens rea,Sci-Fi
gendut siapa takut?!,Comedy
gendut siapa takut?!,Drama
pure love,Drama
culture shock,Action
dilarang masuk..!,Horror
galaksi,Drama
galaksi,Romance
father & son,Drama
father & son,Family
langit kala senja,Drama
glorious days,Comedy
glorious days,Drama
glorious days,Musical
pinkfong sing-along movie 2: wonderstar concert,Animation
pinkfong sing-along movie 2: wonderstar concert,Comedy
pinkfong sing-along movie 2: wonderstar concert,Family
traffic,Crime
traffic,Drama
traffic,Thriller
the cry,Action
the cry,Adventure
august: osage county,Comedy
august: osage county,Drama
end of watch,Action
end of watch,Crime
end of watch,Drama
harlem nights,Comedy
harlem nights,Crime
harlem nights,Drama
the testament,Comedy
the testament,Drama
the testament,Fantasy
american psycho,Crime
american psycho,Drama
american psycho,Horror
beastly,Drama
beastly,Fantasy
beastly,Romance
me contro te – il film: operazione spie,Comedy
mia,Comedy
mia,Musical
mia,Romance
ma chi ti conosce,Comedy
ma chi ti conosce,Romance
riot,Drama
riot,Thriller
double life,Drama
double life,Fantasy
double life,Music
la linea verticale,Drama
il giorno più bello,Comedy
"io tu noi, lucio",Biography
"io tu noi, lucio",Documentary
"io tu noi, lucio",Music
alessandro cattelan: one simple question,Reality-TV
they call me trinity,Comedy
they call me trinity,Western
scappo a casa,Comedy
the legendary giulia and other miracles,Comedy
luna park,Drama
luna park,Romance
johnny test,Action
johnny test,Adventure
johnny test,Animation
"the ossan newbie adventurer, trained to death by the most powerful party, became invincible",Action
"the ossan newbie adventurer, trained to death by the most powerful party, became invincible",Adventure
"the ossan newbie adventurer, trained to death by the most powerful party, became invincible",Animation
the roundup: punishment,Action
the roundup: punishment,Crime
the roundup: punishment,Thriller
the reincarnation of the strongest exorcist in another world,Action
the reincarnation of the strongest exorcist in another world,Adventure
the reincarnation of the strongest exorcist in another world,Animation
i'm the evil lord of an intergalactic empire!,Action
i'm the evil lord of an intergalactic empire!,Animation
i'm the evil lord of an intergalactic empire!,Fantasy
judge!,Crime
judge!,Drama
judge!,Mystery
the confidence man jp,Comedy
the confidence man jp,Crime
the banished former hero lives as he pleases,Action
the banished former hero lives as he pleases,Adventure
the banished former hero lives as he pleases,Animation
death note: light up the new world,Crime
death note: light up the new world,Drama
death note: light up the new world,Horror
ties of shooting stars,Drama
kubi,Action
kubi,Comedy
kubi,Drama
your name,Animation
your name,Drama
your name,Fantasy
memoirs of a murderer,Action
memoirs of a murderer,Crime
memoirs of a murderer,Mystery
masquerade night,Crime
masquerade night,Drama
masquerade night,Mystery
a madder red,Family
we made a beautiful bouquet,Drama
we made a beautiful bouquet,Romance
mumon: the land of stealth,Action
mumon: the land of stealth,Romance
stolen identity 2,Drama
stolen identity 2,Mystery
stolen identity 2,Thriller
secret garden,Drama
secret garden,Family
secret garden,Fantasy
under the stars,Action
under the stars,Adventure
under the stars,Animation
guns akimbo,Action
guns akimbo,Comedy
guns akimbo,Crime
assassination classroom: graduation,Action
assassination classroom: graduation,Adventure
assassination classroom: graduation,Comedy
he's expecting,Comedy
he's expecting,Drama
he's expecting,Fantasy
one in a hundred thousand,Drama
one in a hundred thousand,Romance
the outsider,Crime
the outsider,Drama
the outsider,Horror
wotakoi: love is hard for otaku,Animation
wotakoi: love is hard for otaku,Comedy
wotakoi: love is hard for otaku,Romance
"love me, love me not",Romance
"love me, love me not",Thriller
the spy gone north,Drama
the spy gone north,Thriller
"kiss him, not me",Animation
"kiss him, not me",Comedy
"kiss him, not me",Drama
brothers in brothel,Drama
the secret life of my secretary,Comedy
the secret life of my secretary,Romance
she was pretty,Comedy
she was pretty,Romance
nezouh,Drama
nezouh,War
"kiss, kiss!",Comedy
"kiss, kiss!",Crime
"kiss, kiss!",Mystery
the book of eli,Action
the book of eli,Adventure
the book of eli,Drama
cracow monsters,Adventure
cracow monsters,Drama
cracow monsters,Fantasy
into the wind,Comedy
into the wind,Drama
into the wind,Romance
david and the elves,Comedy
david and the elves,Family
david and the elves,Fantasy
around the world in 80 days,Action
around the world in 80 days,Adventure
around the world in 80 days,Comedy
masters of the universe: revelation,Action
masters of the universe: revelation,Adventure
masters of the universe: revelation,Animation
kaybedenler kulübü yolda,Drama
blue thunder,Action
blue thunder,Crime
blue thunder,Drama
treasure,Action
treasure,Adventure
treasure,Mystery
the festival of troubadours,Drama
a not so merry christmas,Comedy
a not so merry christmas,Fantasy
obsessions,Drama
obsessions,Romance
obsessions,Thriller
instant dream home,Reality-TV
miseducation,Comedy
miseducation,Drama
love at first kiss,Comedy
love at first kiss,Romance
lovers anonymous,Comedy
lovers anonymous,Drama
lovers anonymous,Romance
the girl with the dragon tattoo,Crime
the girl with the dragon tattoo,Drama
the girl with the dragon tattoo,Mystery
black lightning,Action
black lightning,Drama
black lightning,Sci-Fi
phenomena,Crime
phenomena,Horror
phenomena,Mystery
47 meters down: uncaged,Adventure
47 meters down: uncaged,Drama
47 meters down: uncaged,Horror
good boys,Adventure
good boys,Comedy
one night in bangkok,Action
one night in bangkok,Crime
one night in bangkok,Drama
don't let go,Drama
don't let go,Horror
don't let go,Mystery
godspeed,Action
godspeed,Drama
godspeed,War
land,Comedy
land,Drama
land,Music
shafted,Action
shafted,Crime
shafted,Thriller
watcher,Drama
watcher,Horror
watcher,Mystery
wolf 2039,Action
wolf 2039,Sci-Fi
wolf 2039,Thriller
the next three days,Action
the next three days,Crime
the next three days,Drama
last knights,Action
last knights,Adventure
last knights,Comedy
ketenpere,Comedy
no reservations,Comedy
no reservations,Drama
no reservations,Romance
oregon,Documentary
oregon,Drama
oregon,Family
annie,Comedy
annie,Romance
samurai rabbit: the usagi chronicles,Action
samurai rabbit: the usagi chronicles,Adventure
samurai rabbit: the usagi chronicles,Animation
year one,Comedy
i̇llegal hayatlar,Comedy
vengeance,Action
vengeance,Adventure
vengeance,Thriller
hep yek 4: bela okuma altan,Comedy
bodies bodies bodies,Action
bodies bodies bodies,Comedy
bodies bodies bodies,Horror
check in hanyang,History
check in hanyang,Romance
sana,Drama
sana,Musical
sana,Romance
my cherie amour,Drama
my cherie amour,History
my cherie amour,Romance
haunted universities 3,Horror
ghost house,Horror
ghost house,Thriller
winnie the pooh: blood and honey,Horror
what happened to monday,Action
what happened to monday,Crime
what happened to monday,Fantasy
black island,Comedy
black island,Crime
black island,Drama
hotel del luna,Action
hotel del luna,Comedy
hotel del luna,Drama
catwoman,Action
catwoman,Crime
catwoman,Fantasy
love & other drugs,Comedy
love & other drugs,Drama
love & other drugs,Romance
praise this,Musical
praise this,Romance
rick and morty,Adventure
rick and morty,Animation
rick and morty,Comedy
sydney white,Comedy
sydney white,Drama
sydney white,Romance
changeling,Biography
changeling,Crime
changeling,Drama
watchmen,Action
watchmen,Drama
watchmen,Mystery
the assignment,Comedy
dasara,Action
dasara,Adventure
dasara,Drama
iratta,Crime
iratta,Drama
iratta,Thriller
guru,Comedy
guru,Romance
guru,Sport
raangi,Action
plan a plan b,Comedy
plan a plan b,Romance
thallumaala,Action
thallumaala,Comedy
thallumaala,Drama
the gathering,Horror
the gathering,Thriller
the footballer fraudster,Crime
the footballer fraudster,Documentary
the footballer fraudster,Sport
cleaning up,Drama
the sidemen story,Biography
the sidemen story,Documentary
meet the fockers,Comedy
meet the fockers,Romance
the smurfs 2,Adventure
the smurfs 2,Animation
the smurfs 2,Comedy
chicago fire,Action
chicago fire,Drama
flipped,Comedy
flipped,Drama
flipped,Romance
11.22.63,Drama
11.22.63,Mystery
11.22.63,Romance
pitch perfect,Comedy
pitch perfect,Music
pitch perfect,Romance
eden,Horror
eden,Thriller
game night,Action
game night,Adventure
game night,Comedy
the paper tigers,Action
the paper tigers,Comedy
playing gracie darling,Drama
playing gracie darling,Mystery
playing gracie darling,Thriller
death inc.,Comedy
the photographer: murder in pinamar,Crime
the photographer: murder in pinamar,Documentary
parallel mothers,Drama
the assassin,Biography
the assassin,Crime
the assassin,Drama
tale of the nine tailed,Drama
tale of the nine tailed,Fantasy
tale of the nine tailed,History
ava,Action
ava,Adventure
ava,Fantasy
once upon a time in the west,Drama
once upon a time in the west,Western
la niña,Drama
shanty town,Action
shanty town,Crime
shanty town,Drama
hell trip,Horror
hell trip,Thriller
left behind,Action
left behind,Fantasy
left behind,Sci-Fi
fine wine,Romance
little big mouth,Comedy
little big mouth,Music
little big mouth,Romance
victorious,Drama
victorious,History
victorious,Sport
3 el zero,Drama
the yellow duck,Comedy
the yellow duck,Drama
the yellow duck,Thriller
akh,Action
akh,Drama
akh,Fantasy
day 13,Action
day 13,Biography
day 13,Drama
two for rent,Comedy
the master plan,Action
the master plan,Adventure
the master plan,Comedy
message,Biography
message,Drama
message,History
after,Action
after,Adventure
after,Sci-Fi
space jam,Adventure
space jam,Animation
space jam,Comedy
a big bold beautiful journey,Drama
a big bold beautiful journey,Fantasy
a big bold beautiful journey,Romance
to all the boys: p.s. i still love you,Comedy
to all the boys: p.s. i still love you,Drama
to all the boys: p.s. i still love you,Romance
"definitely, maybe",Comedy
"definitely, maybe",Drama
"definitely, maybe",Romance
starting 5,Documentary
starting 5,Sport
puppy love,Comedy
puppy love,Romance
spartacus,Action
spartacus,Adventure
spartacus,Biography
my best friend's wedding,Comedy
my best friend's wedding,Drama
my best friend's wedding,Romance
last looks,Action
last looks,Comedy
last looks,Crime
bros,Adventure
bros,Animation
bros,Comedy
all i see is you,Drama
all i see is you,Mystery
shadow,Action
shadow,Adventure
shadow,Mystery
monique olivier: accessory to evil,Crime
monique olivier: accessory to evil,Documentary
kiss of the dragon,Action
kiss of the dragon,Crime
kiss of the dragon,Thriller
jangan panggil mama kafir,Drama
mama: pesan dari neraka,Horror
mama: pesan dari neraka,Mystery
andai ibu tidak menikah dengan ayah,Drama
call me dad,Comedy
call me dad,Drama
call me dad,Family
gayong,Action
gayong,Biography
gayong,Drama
jalan pulang,Horror
jalan pulang,Mystery
jalan pulang,Thriller
martabat: misi berdarah,Comedy
qodrat 2,Action
qodrat 2,Drama
qodrat 2,Fantasy
the winning try,Comedy
the winning try,Drama
the winning try,Sport
"the haunted apartment ""miss k""",Horror
"the haunted apartment ""miss k""",Thriller
guna guna istri muda,Drama
guna guna istri muda,Horror
guna guna istri muda,Thriller
bila esok ibu tiada,Drama
bila esok ibu tiada,Family
father's haunted house,Comedy
father's haunted house,Horror
jurnal risa by risa saraswati,Documentary
jurnal risa by risa saraswati,Horror
jurnal risa by risa saraswati,Thriller
the bridge,Adventure
the bridge,Drama
the bridge,War
didi & friends,Adventure
didi & friends,Animation
didi & friends,Comedy
rahsia,Drama
rahsia,Horror
rahsia,Mystery
172 days,Biography
172 days,Drama
the haunted hotel,Horror
the haunted hotel,Thriller
tiger stripes,Drama
tiger stripes,Horror
conjuring kannappan,Horror
anwar: the untold story,Biography
anwar: the untold story,Drama
anwar: the untold story,History
a nation of kimchi,Documentary
unstoppable,Action
unstoppable,Thriller
polis evo 2,Action
polis evo 2,Adventure
polis evo 2,Comedy
birthcare center,Comedy
birthcare center,Drama
the good detective,Action
the good detective,Drama
the good detective,Mystery
ben & jody,Action
ben & jody,Adventure
ben & jody,Drama
operation chromite,Action
operation chromite,Drama
operation chromite,History
kushi,Comedy
kushi,Drama
kushi,Romance
almost pyaar with dj mohabbat,Drama
almost pyaar with dj mohabbat,Musical
almost pyaar with dj mohabbat,Romance
naruto shippuden,Action
naruto shippuden,Adventure
naruto shippuden,Animation
the unbreakable boy,Drama
dirty dancing: havana nights,Drama
dirty dancing: havana nights,Music
dirty dancing: havana nights,Romance
lion,Adventure
lion,Animation
lion,Drama
million dollar baby,Drama
million dollar baby,Sport
teen wolf,Action
teen wolf,Drama
teen wolf,Fantasy
school life,Comedy
school life,Family
the american society of magical negroes,Comedy
the american society of magical negroes,Fantasy
all inclusive,Comedy
all inclusive,Drama
c'est tout pour moi,Comedy
the legend of black snake,Action
the legend of black snake,Comedy
serial teachers 2,Comedy
birth/rebirth,Drama
birth/rebirth,Horror
birth/rebirth,Thriller
the nobodies 2,Comedy
the nobodies 2,Horror
the nobodies 2,Thriller
47 meters down,Horror
47 meters down,Mystery
47 meters down,Thriller
two is a family,Comedy
two is a family,Drama
the good neighbor,Crime
the good neighbor,Drama
the good neighbor,Horror
the last days of american crime,Action
the last days of american crime,Crime
the last days of american crime,Drama
don't be a menace to south central while drinking your juice in the hood,Comedy
don't be a menace to south central while drinking your juice in the hood,Crime
office invasion,Action
office invasion,Comedy
office invasion,Horror
gridiron gang,Biography
gridiron gang,Crime
gridiron gang,Drama
the wolf's call,Action
the wolf's call,Thriller
secrets of summer,Drama
secrets of summer,Family
secret in their eyes,Drama
secret in their eyes,Mystery
secret in their eyes,Romance
les déguns,Comedy
the vanished,Crime
the vanished,Drama
the vanished,Mystery
chappie,Action
chappie,Crime
chappie,Drama
dhoom: 2,Action
dhoom: 2,Crime
dhoom: 2,Thriller
a wonderful world,Comedy
a wonderful world,Crime
a wonderful world,Mystery
paquita la del barrio,Biography
paquita la del barrio,Drama
paquita la del barrio,Musical
have a nice day!,Animation
have a nice day!,Comedy
have a nice day!,Crime
club américa vs. club américa,Documentary
club américa vs. club américa,Sport
compadres,Action
compadres,Comedy
compadres,Crime
bankrolled,Comedy
bedazzled,Comedy
bedazzled,Fantasy
blackwater lane,Crime
blackwater lane,Drama
blackwater lane,Horror
ozi: voice of the forest,Adventure
ozi: voice of the forest,Animation
ozi: voice of the forest,Comedy
the most beautiful day,Comedy
the most beautiful day,Drama
prisoner's daughter,Drama
farang,Drama
farang,Thriller
hotel sinestra,Comedy
hotel sinestra,Family
hotel sinestra,Fantasy
ferry,Comedy
costa!!,Comedy
costa!!,Romance
dirty lines,Drama
dirty lines,History
richard jewell,Biography
richard jewell,Crime
richard jewell,Drama
mees kees in de wolken,Adventure
mees kees in de wolken,Comedy
mees kees in de wolken,Family
how to get away with murder,Crime
how to get away with murder,Drama
how to get away with murder,Mystery
american history x,Crime
american history x,Drama
top dogs,Action
top dogs,Comedy
top dogs,Crime
change of plans,Action
change of plans,Drama
change of plans,Family
true friends,Adventure
true friends,Comedy
true friends,Drama
k-19: the widowmaker,Drama
k-19: the widowmaker,History
k-19: the widowmaker,Thriller
the brokenwood mysteries,Crime
the brokenwood mysteries,Drama
the brokenwood mysteries,Mystery
"red, white & brass",Family
weekend in taipei,Action
weekend in taipei,Thriller
skyline,Action
skyline,Sci-Fi
skyline,Thriller
mister organ,Documentary
aliens in the attic,Adventure
aliens in the attic,Comedy
aliens in the attic,Family
once were warriors,Crime
once were warriors,Drama
red joan,Biography
red joan,Drama
red joan,History
locked down,Comedy
locked down,Crime
locked down,Romance
immortals,Action
immortals,Drama
immortals,Fantasy
the arrival,Mystery
the arrival,Sci-Fi
the arrival,Thriller
twister,Action
twister,Adventure
twister,Thriller
clarence,Adventure
clarence,Animation
clarence,Comedy
holmes & watson,Comedy
holmes & watson,Crime
holmes & watson,Mystery
something like gold,Drama
something like gold,Romance
league of gods,Action
league of gods,Fantasy
passport,Comedy
away bus,Drama
dwindle,Comedy
for maria ebun pataki,Drama
quam's money,Comedy
quam's money,Crime
slay,Action
slay,Adventure
slay,Animation
a way back home,Drama
hygge,Comedy
hygge,Drama
good luck chuck,Comedy
good luck chuck,Romance
black money love,Action
black money love,Crime
black money love,Drama
new biz in the hood,Comedy
"someone, somewhere",Comedy
"someone, somewhere",Drama
"someone, somewhere",Romance
the purge: election year,Action
the purge: election year,Horror
the purge: election year,Sci-Fi
lust stories,Drama
lust stories,Romance
drishyam,Crime
drishyam,Drama
drishyam,Mystery
saaho,Action
saaho,Thriller
¡asu mare!,Biography
¡asu mare!,Comedy
virgilio,Documentary
the seven deadly sins: grudge of edinburgh part 1,Action
the seven deadly sins: grudge of edinburgh part 1,Adventure
the seven deadly sins: grudge of edinburgh part 1,Animation
hard kill,Action
hard kill,Crime
hard kill,Drama
utopía,Fantasy
utopía,Sci-Fi
utopía,Thriller
"even given the worthless “appraiser” class, i'm actually the strongest",Action
"even given the worthless “appraiser” class, i'm actually the strongest",Adventure
"even given the worthless “appraiser” class, i'm actually the strongest",Animation
flower girl,Drama
flower girl,Musical
friendly fire,Drama
lavender fields,Action
lavender fields,Drama
lavender fields,Thriller
elevator,Crime
elevator,Drama
elevator,Thriller
"men are from qc, women are from alabang",Drama
contagion,Drama
contagion,Thriller
can't buy me love,Comedy
can't buy me love,Drama
can't buy me love,Romance
red ollero: mabuhay is a lie,Comedy
red ollero: mabuhay is a lie,Documentary
feast,Action
feast,Comedy
feast,Horror
barber's tales,Drama
monday first screening,Comedy
monday first screening,Romance
mamasapano: now it can be told,Action
mamasapano: now it can be told,Drama
mamasapano: now it can be told,War
reroute,Thriller
take point,Action
a hard day,Action
a hard day,Thriller
on the wings of love,Comedy
on the wings of love,Drama
on the wings of love,Romance
izla,Drama
graduation heist,Action
graduation heist,Comedy
bachelor party,Comedy
below the surface,Action
below the surface,Drama
below the surface,History
the in-laws,Action
the in-laws,Comedy
the in-laws,Thriller
the christening,Drama
the christening,Thriller
osiecka,Biography
osiecka,Drama
osiecka,Romance
influencer girl,Drama
the devil inside,Horror
pilecki's report,Biography
pilecki's report,Drama
pilecki's report,War
march '68,Drama
march '68,History
march '68,Romance
a polish family,Comedy
no mercy,Action
no mercy,Crime
no mercy,Thriller
dead end,Adventure
dead end,Horror
dead end,Mystery
the land,Comedy
the land,Drama
the land,Romance
7 minutes,Crime
7 minutes,Drama
7 minutes,Thriller
secretary,Comedy
secretary,Drama
secretary,Romance
as aventuras de poliana,Adventure
as aventuras de poliana,Family
as aventuras de poliana,Romance
ilhados,Reality-TV
the myth,Action
the myth,Adventure
the myth,Comedy
the neighbor,Biography
the neighbor,Drama
the neighbor,Family
beyond the mask,Action
beyond the mask,Adventure
beyond the mask,Drama
ruxx,Comedy
ruxx,Drama
ruxx,Romance
vama veche retreat,Comedy
vama veche retreat,Romance
the new year that never came,Drama
the new year that never came,History
beautiful wedding,Comedy
beautiful wedding,Romance
drag me to hell,Horror
inferno,Action
inferno,Adventure
inferno,Crime
taxi drivers,Crime
taxi drivers,Drama
the goat and her three kids,Drama
the goat and her three kids,Horror
the goat and her three kids,Thriller
"weddings, christenings and funerals",Comedy
single street,Comedy
single street,Drama
single street,Romance
still alice,Drama
the rope,Biography
the rope,Drama
the rope,Romance
"snow, tea and love",Comedy
"snow, tea and love",Sci-Fi
the new adventures of cinderella,Comedy
3 ninjas: kick back,Action
3 ninjas: kick back,Comedy
3 ninjas: kick back,Family
the invasion,Sci-Fi
the invasion,Thriller
yesterday after tomorrow,Comedy
yesterday after tomorrow,Drama
yesterday after tomorrow,Sci-Fi
basma,Comedy
basma,Musical
basma,Romance
ayyad in riyadh,Comedy
the innocent,Drama
the innocent,Romance
sound of silence,Drama
the hot spot,Crime
the hot spot,Drama
the hot spot,Romance
chef's table: noodles,Documentary
the legend of anle,Mystery
the legend of anle,Romance
new world,Action
new world,Adventure
new world,Sci-Fi
the swap,Drama
you take the kids!,Comedy
ms. president,Documentary
the sleepers,Crime
the sleepers,Documentary
grand prix,Animation
grand prix,Comedy
grand prix,Family
her body,Comedy
her body,Fantasy
her body,Romance
how to survive your love,Romance
madam president,Documentary
invalid,Comedy
nightline,News
nightline,Talk-Show
gentlemen's club,Comedy
together,Horror
together,Romance
only for tereza,Comedy
only for tereza,Romance
sweethearts,Comedy
sweethearts,Romance
the benchwarmers,Comedy
the benchwarmers,Sport
courageous,Action
courageous,Drama
courageous,Mystery
vehicle 19,Action
vehicle 19,Crime
vehicle 19,Drama
date movie,Comedy
date movie,Romance
under siege,Action
under siege,Thriller
sodium day,Comedy
sodium day,Drama
the parts you lose,Crime
the parts you lose,Drama
the parts you lose,Thriller
concrete market,Action
concrete market,Drama
concrete market,Thriller
bake your dream,Reality-TV
nocturnal,Drama
nocturnal,Thriller
dirty money,Drama
a company man,Action
a company man,Crime
a company man,Drama
the culprit,Animation
the culprit,Comedy
crypto man,Crime
crypto man,Drama
whenever possible,Comedy
whenever possible,Reality-TV
real,Action
real,Drama
real,Sci-Fi
heart pairing,Reality-TV
heart pairing,Romance
the blank menu for you,Talk-Show
following,Horror
following,Mystery
following,Thriller
the suspect,Crime
the suspect,Drama
the suspect,Mystery
the gossip,Comedy
the gossip,Drama
the gossip,Romance
phantom,Action
phantom,Adventure
phantom,Fantasy
city of fathers,Action
city of fathers,Drama
the daechi scandal,Drama
queen of divorce,Drama
princess aurora,Crime
princess aurora,Drama
princess aurora,Mystery
a man of reason,Action
a man of reason,Drama
a man of reason,Thriller
hello carbot the movie: the secret of omphalos island,Adventure
hello carbot the movie: the secret of omphalos island,Animation
hello carbot the movie: the secret of omphalos island,Family
the greatest demon lord is reborn as a typical nobody,Action
the greatest demon lord is reborn as a typical nobody,Adventure
the greatest demon lord is reborn as a typical nobody,Animation
usury academy,Action
usury academy,Drama
like flowers in sand,Comedy
like flowers in sand,Mystery
like flowers in sand,Romance
where would you like to go?,Drama
the adventure of ice planet,Adventure
the adventure of ice planet,Animation
the adventure of ice planet,Comedy
tomb of the river,Action
tomb of the river,Crime
decibel,Action
decibel,Drama
decibel,Thriller
detour,Crime
detour,Drama
detour,Film-Noir
red balloon,Drama
red balloon,Family
conan the barbarian,Adventure
conan the barbarian,Fantasy
decision to leave,Crime
decision to leave,Drama
decision to leave,Mystery
master,Action
master,Adventure
master,Drama
love is for suckers,Comedy
love is for suckers,Romance
honest candidate,Comedy
contorted,Horror
contorted,Mystery
minari,Drama
the interpreter,Crime
the interpreter,Mystery
the interpreter,Thriller
black dog,Action
black dog,Crime
black dog,Drama
coin locker girl,Action
coin locker girl,Crime
coin locker girl,Drama
golden slumber,Action
golden slumber,Drama
golden slumber,Thriller
shaolin,Action
shaolin,Comedy
shaolin,Fantasy
voice of silence,Drama
voice of silence,Thriller
the guard post,Horror
the guard post,Mystery
the guard post,Thriller
stone skipping,Drama
legend of the fist : the return of chen zhen,Action
legend of the fist : the return of chen zhen,Drama
legend of the fist : the return of chen zhen,History
who wants to marry an astronaut?,Comedy
who wants to marry an astronaut?,Romance
sweet november,Drama
sweet november,Romance
you keep the kids,Comedy
hearts in atlantis,Drama
hearts in atlantis,Mystery
la favorita 1922,Comedy
la favorita 1922,Drama
la favorita 1922,Romance
alimañas,Comedy
mist & the maiden,Drama
mist & the maiden,Thriller
nobody is perfect,Comedy
nobody is perfect,Drama
for the good of others,Drama
for the good of others,Sci-Fi
for the good of others,Thriller
pesadilla en la cocina,Reality-TV
13 días,Documentary
el príncipe,Biography
el príncipe,Drama
el príncipe,Music
maria (and everybody else),Adventure
maria (and everybody else),Drama
maria (and everybody else),Romance
o kadhal kanmani,Drama
o kadhal kanmani,Musical
o kadhal kanmani,Romance
i'll be home for christmas,Comedy
i'll be home for christmas,Family
doubles match,Drama
doubles match,Sport
lost and love,Drama
lost and love,Thriller
had i not seen the sun,Crime
had i not seen the sun,Drama
had i not seen the sun,Mystery
whispers of fate,Action
whispers of fate,Adventure
whispers of fate,Drama
miss king,Action
miss king,Adventure
miss king,Fantasy
the yin yang master zero,Fantasy
the yin yang master zero,Mystery
the yin yang master zero,War
all you need is love,Comedy
all you need is love,Drama
all you need is love,Romance
forget you not,Comedy
forget you not,Drama
sunset sunrise,Drama
sunset sunrise,History
sunset sunrise,Romance
mononoke the movie: the phantom in the rain,Animation
mononoke the movie: the phantom in the rain,Fantasy
mononoke the movie: the phantom in the rain,Horror
a balloon's landing,Drama
ah fei,Drama
ai's kitchen,Reality-TV
viva la vida,Drama
viva la vida,Romance
dr. lifesaver,Drama
fireworks of my heart,Action
fireworks of my heart,Romance
light the wild,Reality-TV
my best friend's breakfast,Comedy
my best friend's breakfast,Romance
twenty your life on,Drama
twenty your life on,Romance
black & white,Comedy
black & white,Crime
black & white,Romance
misty,Drama
misty,Thriller
formosa 1867,History
ip man,Action
ip man,Biography
ip man,Drama
undertaker,Comedy
undertaker,Romance
"money, my love",Comedy
"money, my love",Romance
the seven legends,Adventure
the seven legends,Animation
the seven legends,Comedy
dare you to death,Crime
dare you to death,Drama
dare you to death,Mystery
citizen dog,Comedy
citizen dog,Fantasy
citizen dog,Romance
consecration,Horror
consecration,Thriller
werewolves,Comedy
werewolves,Horror
werewolves,Mystery
new york minute,Adventure
new york minute,Comedy
new york minute,Crime
before the fall,Drama
before the fall,Sport
before the fall,Thriller
luther,Crime
luther,Drama
luther,Mystery
anger management,Comedy
the brothers,Adventure
the brothers,Comedy
the brothers,Crime
the color purple,Drama
a different world,Comedy
dante's peak,Action
dante's peak,Adventure
dante's peak,Thriller
tlc forever,Biography
tlc forever,Documentary
tlc forever,Music
the intruders,Horror
the intruders,Thriller
the perfect guy,Drama
the perfect guy,Romance
the perfect guy,Thriller
the gateway,Sci-Fi
a family man,Drama
qala,Drama
qala,Music
qala,Thriller
kabhi khushi kabhie gham,Drama
kabhi khushi kabhie gham,Musical
kabhi khushi kabhie gham,Romance
anora,Comedy
anora,Drama
anora,Romance
saw v,Horror
saw v,Thriller
bang,Comedy
bang,Romance
evermore,Action
evermore,Adult
evermore,Adventure
open season: scared silly,Adventure
open season: scared silly,Animation
open season: scared silly,Comedy
chiquititas,Comedy
chiquititas,Drama
chiquititas,Family
city of god,Crime
city of god,Drama
os homens são de marte… e é pra lá que eu vou!,Comedy
os homens são de marte… e é pra lá que eu vou!,Romance
the salvation,Action
the salvation,Drama
the salvation,Thriller
o candidato honesto 2,Comedy
um suburbano sortudo,Comedy
my next guest with david letterman and adam sandler,Talk-Show
fast charlie,Action
fast charlie,Crime
fast charlie,Drama
two sinners and a mule,Drama
two sinners and a mule,Western
sunday best: the untold story of ed sullivan,Biography
sunday best: the untold story of ed sullivan,Documentary
sunday best: the untold story of ed sullivan,History
parenthood,Comedy
parenthood,Drama
will & harper,Documentary
19-2,Crime
19-2,Drama
my next guest needs no introduction with david letterman,Talk-Show
plus one,Comedy
plus one,Drama
plus one,Romance
chasing liberty,Comedy
chasing liberty,Romance
love in the wild,Reality-TV
age of heroes,Action
age of heroes,Adventure
age of heroes,Drama
book club,Comedy
book club,Drama
book club,Romance
longest third date,Documentary
the tall man,Crime
the tall man,Drama
the tall man,Horror
travelin' band: creedence clearwater revival at the royal albert hall,Documentary
travelin' band: creedence clearwater revival at the royal albert hall,Music
cold mountain,Adventure
cold mountain,Drama
cold mountain,Romance
cloud atlas,Drama
cloud atlas,Mystery
cloud atlas,Sci-Fi
prodigal son,Crime
prodigal son,Drama
prodigal son,Mystery
millionaire,Crime
millionaire,Drama
millionaire,Romance
bunker: project 12,Action
bunker: project 12,Adventure
bunker: project 12,Mystery
athos,Documentary
bloody johann,Comedy
bloody johann,Fantasy
bloody johann,Horror
big dreams,Drama
all for four,Comedy
gaafar el omda,Drama
"mon laferte, te amo",Documentary
"mon laferte, te amo",Music
instructions not included,Comedy
instructions not included,Drama
juanpis gonzález: the people's president,Comedy
batwheels,Action
batwheels,Adventure
batwheels,Animation
even pigs go to heaven,Comedy
identity,Action
identity,Mystery
identity,Thriller
serres,Comedy
serres,Drama
serres,Romance
zoe,Crime
zoe,Drama
zoe,Thriller
angels & demons,Mystery
angels & demons,Thriller
power rangers cosmic fury,Action
power rangers cosmic fury,Adventure
power rangers cosmic fury,Comedy
el hareefa,Comedy
el hareefa,Sport
the queen,Drama
el señor de los cielos,Action
el señor de los cielos,Crime
el señor de los cielos,Drama
the canterville ghost,Comedy
the canterville ghost,Family
the canterville ghost,Fantasy
the big hit,Action
the big hit,Comedy
the big hit,Crime
shéhérazade,Drama
shéhérazade,Romance
shéhérazade,Thriller
bibi blocksberg,Comedy
bibi blocksberg,Family
bibi blocksberg,Fantasy
"if it don't fit, use a bigger hammer",Comedy
the bachelor 2,Comedy
initial d,Action
initial d,Comedy
initial d,Drama
kiss or die,Comedy
kiss or die,Reality-TV
helios,Action
helios,Crime
helios,Drama
hand rolled cigarette,Crime
hand rolled cigarette,Drama
the wandering earth,Action
the wandering earth,Adventure
the wandering earth,Sci-Fi
guardians of the tomb,Action
guardians of the tomb,Adventure
guardians of the tomb,Fantasy
the way of the hot & spicy,Adventure
the way of the hot & spicy,Comedy
the way of the hot & spicy,Drama
heavenly shift,Comedy
heavenly shift,Drama
riviera east,Comedy
riviera east,Crime
monster family,Animation
monster family,Comedy
monster family,Family
in bruges,Comedy
in bruges,Crime
in bruges,Drama
aay,Action
aay,Drama
aay,Musical
sir,Comedy
sir,Drama
indian predator: murder in a courtroom,Crime
indian predator: murder in a courtroom,Documentary
pakka commercial,Action
pakka commercial,Comedy
happy birthday,Horror
happy birthday,Mystery
happy birthday,Thriller
virata parvam,Action
virata parvam,Drama
virata parvam,Romance
palm springs,Comedy
palm springs,Fantasy
palm springs,Mystery
roohi,Comedy
roohi,Drama
roohi,Horror
this city is a battlefield,Action
this city is a battlefield,Drama
this city is a battlefield,History
october rhapsody,Drama
october rhapsody,Romance
the miracle of a woman's tears,Drama
aku jati aku asperger,Comedy
aku jati aku asperger,Drama
aku jati aku asperger,Romance
life is filled with so much of you,Drama
life is filled with so much of you,Romance
kupu-kupu kertas,Drama
kupu-kupu kertas,History
kupu-kupu kertas,Romance
merindu cahaya de amstel,Drama
merindu cahaya de amstel,Romance
the day before the wedding,Comedy
the day before the wedding,Drama
the day before the wedding,Romance
7-24,Crime
7-24,Documentary
tampan tailor,Drama
sacred 2,Comedy
sacred 2,Fantasy
sacred 2,Horror
broken wings,Drama
kamu tidak sendiri,Drama
kamu tidak sendiri,Thriller
filosofi kopi the series,Adventure
filosofi kopi the series,Drama
run to the beach,Adventure
run to the beach,Comedy
run to the beach,Family
a world without,Action
a world without,Crime
a world without,Drama
amandaland,Comedy
the forsyte saga,Drama
the forsyte saga,History
the forsyte saga,Romance
emma's chance,Drama
emma's chance,Family
emma's chance,Sport
marcella,Crime
marcella,Drama
marcella,Mystery
kugel,Drama
checkout,Comedy
checkout,News
romeo è giulietta,Comedy
strangeness,Action
strangeness,Adventure
strangeness,Fantasy
public disorder,Action
public disorder,Crime
public disorder,Drama
the traitor,Biography
the traitor,Crime
the traitor,Drama
comandante,Documentary
quasi orfano,Comedy
the tiger's nest,Adventure
the tiger's nest,Drama
belli ciao,Comedy
the lying life of adults,Drama
a breath of fresh air,Comedy
a breath of fresh air,Drama
se mi vuoi bene,Comedy
forever out of my league,Comedy
forever out of my league,Drama
forever out of my league,Romance
young justice,Action
young justice,Adventure
young justice,Animation
a gatherer's adventure in isekai,Adventure
a gatherer's adventure in isekai,Animation
a gatherer's adventure in isekai,Comedy
passing the reins,Drama
just a bit espers,Drama
summer wars,Action
summer wars,Adventure
summer wars,Animation
new saga,Adventure
new saga,Drama
new saga,Fantasy
the voice of sin,Crime
the voice of sin,Drama
the voice of sin,Thriller
the garden of words,Animation
the garden of words,Drama
the garden of words,Romance
"welcome, now get lost",Comedy
"welcome, now get lost",Reality-TV
mobile suit gundam gquuuuuux,Action
mobile suit gundam gquuuuuux,Adventure
mobile suit gundam gquuuuuux,Animation
don't call it mystery: the movie,Crime
don't call it mystery: the movie,Drama
don't call it mystery: the movie,Mystery
psycho-pass: providence,Action
psycho-pass: providence,Animation
psycho-pass: providence,Crime
last one standing,Adventure
last one standing,Game-Show
last one standing,Reality-TV
the concierge,Adventure
the concierge,Animation
the concierge,Family
miss baek,Crime
miss baek,Drama
miss baek,Thriller
wandering,Action
wandering,Adventure
wandering,Sci-Fi
the good father,Drama
classroom of the elite,Animation
classroom of the elite,Drama
classroom of the elite,Thriller
when spring comes,Romance
#manhole,Horror
#manhole,Thriller
leech,Horror
leech,Sci-Fi
character,Crime
character,Drama
character,Mystery
is she the wolf?,Reality-TV
is she the wolf?,Romance
beyond evil,Drama
beyond evil,Mystery
beyond evil,Thriller
heaven and hell: soul exchange,Crime
elpis,Drama
we were there: true love,Drama
we were there: true love,Romance
kaguya-sama final: love is war,Comedy
kaguya-sama final: love is war,Drama
kaguya-sama final: love is war,Romance
i'm underage but i'm not a child,Comedy
i'm underage but i'm not a child,Family
i'm underage but i'm not a child,Musical
kaiji: final game,Adventure
kaiji: final game,Comedy
kaiji: final game,Thriller
ghost in the shell: sac_2045 sustainable war,Action
ghost in the shell: sac_2045 sustainable war,Animation
ghost in the shell: sac_2045 sustainable war,Sci-Fi
fullmetal alchemist,Action
fullmetal alchemist,Adventure
fullmetal alchemist,Animation
intolerance,Comedy
intolerance,Crime
intolerance,Romance
masquerade hotel,Crime
masquerade hotel,Drama
masquerade hotel,Mystery
in this corner (and other corners) of the world,Animation
in this corner (and other corners) of the world,Drama
in this corner (and other corners) of the world,History
the girl who leapt through time,Adventure
the girl who leapt through time,Animation
the girl who leapt through time,Comedy
junior,Comedy
junior,Romance
junior,Sci-Fi
black space,Crime
black space,Drama
black space,Thriller
big shots,Comedy
big shots,Drama
big shots,Sport
elik & jimmy,Drama
unknowns,Action
unknowns,Mystery
unknowns,Thriller
fight for paradise: who can you trust?,Reality-TV
free money,Comedy
free money,Crime
kaçak gelinler,Comedy
kaçak gelinler,Romance
katakulli 2 : gözükaralar,Comedy
the girl in the mirror,Drama
the girl in the mirror,Horror
the girl in the mirror,Mystery
doom of love,Drama
doom of love,Romance
the high note,Drama
the high note,Music
the high note,Romance
waist deep,Action
waist deep,Crime
waist deep,Drama
the eagle,Adventure
the eagle,Biography
the eagle,Comedy
into the night,Drama
into the night,Sci-Fi
into the night,Thriller
the taking of pelham 123,Action
the taking of pelham 123,Crime
the taking of pelham 123,Thriller
unfaithful,Drama
unfaithful,Romance
unfaithful,Thriller
fear,Adventure
fear,Comedy
fear,Drama
æon flux,Action
æon flux,Adventure
æon flux,Sci-Fi
the girl next door,Comedy
the girl next door,Drama
the girl next door,Romance
queen & slim,Crime
queen & slim,Drama
queen & slim,Romance
white chicks,Comedy
white chicks,Crime
underworld: blood wars,Action
underworld: blood wars,Fantasy
underworld: blood wars,Thriller
silver skates,Adventure
silver skates,Drama
silver skates,Romance
mortal world,Action
mortal world,Comedy
mortal world,Crime
30 days of night,Horror
30 days of night,Thriller
the flintstones,Comedy
the flintstones,Family
the flintstones,Fantasy
eyyvah eyyvah 2,Comedy
wrong place,Action
wrong place,Crime
wrong place,Thriller
tears of the sun,Action
tears of the sun,Drama
tears of the sun,Thriller
i.s.s.,Sci-Fi
i.s.s.,Thriller
v for vendetta,Action
v for vendetta,Drama
v for vendetta,Sci-Fi
running errands,Action
running errands,Comedy
landman,Drama
man of god,Adventure
man of god,Animation
man of god,Comedy
the 5th wave,Action
the 5th wave,Adventure
the 5th wave,Sci-Fi
the fame game,Drama
the fame game,Mystery
the fame game,Thriller
a perfect enemy,Drama
a perfect enemy,Thriller
wifelike,Crime
wifelike,Mystery
wifelike,Sci-Fi
adalet,Action
adalet,Drama
adalet,History
spirit untamed,Adventure
spirit untamed,Animation
spirit untamed,Comedy
fracture,Crime
fracture,Drama
fracture,Thriller
the tournament,Action
the tournament,Thriller
blue streak,Action
blue streak,Comedy
blue streak,Crime
executive decision,Action
executive decision,Adventure
executive decision,Thriller
7 prisoners,Crime
7 prisoners,Drama
blood father,Action
blood father,Crime
blood father,Drama
pelé,Biography
pelé,Documentary
pelé,Sport
mission majnu,Action
mission majnu,Drama
mission majnu,History
a man apart,Action
a man apart,Crime
a man apart,Drama
the constant gardener,Drama
the constant gardener,Mystery
the constant gardener,Romance
the company men,Drama
the longest night,Action
the longest night,Crime
the longest night,Drama
amina,Action
amina,Adventure
amina,Biography
collateral,Action
collateral,Crime
collateral,Drama
teenage mutant ninja turtles,Action
teenage mutant ninja turtles,Adventure
teenage mutant ninja turtles,Animation
halloween kills,Action
halloween kills,Drama
halloween kills,Horror
s.w.a.t.: under siege,Action
s.w.a.t.: under siege,Thriller
baris akarsu merhaba,Biography
baris akarsu merhaba,Drama
baris akarsu merhaba,Music
colin in black & white,Biography
colin in black & white,Drama
colin in black & white,Sport
kandasamys: the baby,Comedy
trees of peace,Drama
everything but a man,Comedy
everything but a man,Drama
everything but a man,Romance
friday,Comedy
friday,Family
friday,Fantasy
high crimes,Crime
high crimes,Drama
high crimes,Mystery
the perfect mother,Crime
the perfect mother,Drama
the perfect mother,Mystery
desperado,Action
desperado,Crime
desperado,Drama
battle of the year,Drama
battle of the year,Music
think like a man,Comedy
think like a man,Romance
ludik,Crime
ludik,Drama
love don't cost a thing,Comedy
love don't cost a thing,Drama
love don't cost a thing,Romance
the twilight saga: breaking dawn: part 2,Adventure
the twilight saga: breaking dawn: part 2,Drama
the twilight saga: breaking dawn: part 2,Fantasy
war of the worlds,Action
war of the worlds,Adventure
war of the worlds,Sci-Fi
something in the water,Adventure
something in the water,Drama
something in the water,Horror
bad genius,Comedy
bad genius,Crime
bad genius,Drama
the crow,Biography
the crow,Drama
the crow,History
the cliche,Comedy
terminator salvation,Action
terminator salvation,Adventure
terminator salvation,Sci-Fi
out of the nest,Animation
back to the future,Adventure
back to the future,Comedy
back to the future,Sci-Fi
late night with the devil,Horror
boy kills world,Action
boy kills world,Adventure
boy kills world,Comedy
operation undead,Action
operation undead,Drama
operation undead,History
the cursed land,Horror
the cursed land,Thriller
a place called silence,Crime
a place called silence,Drama
a place called silence,Mystery
laplae the hidden town,Drama
laplae the hidden town,Fantasy
laplae the hidden town,History
the overture,Biography
the overture,Drama
the overture,History
love reset,Comedy
love reset,Romance
chinatown chacha,Action
chinatown chacha,Comedy
love​ lesson 010,Comedy
love​ lesson 010,Romance
the offering,Crime
the offering,Drama
the offering,Mystery
pee nak 3,Comedy
pee nak 3,Horror
speak no evil,Drama
speak no evil,Horror
speak no evil,Thriller
the matrix resurrections,Action
the matrix resurrections,Sci-Fi
clifford the big red dog,Adventure
clifford the big red dog,Comedy
clifford the big red dog,Family
rambo: last blood,Action
rambo: last blood,Crime
rambo: last blood,Thriller
believer,Adventure
believer,Crime
believer,Drama
it gets better,Drama
it gets better,Romance
hidden love,Drama
hidden love,Romance
queenmaker,Drama
18 again,Comedy
18 again,Fantasy
18 again,Romance
call me chihiro,Drama
heaven's seven,Action
heaven's seven,Comedy
fake,Documentary
"poong, the joseon psychiatrist",Comedy
"poong, the joseon psychiatrist",Drama
"poong, the joseon psychiatrist",Romance
the curse of bridge hollow,Adventure
the curse of bridge hollow,Comedy
the curse of bridge hollow,Family
xxx: return of xander cage,Action
xxx: return of xander cage,Adventure
xxx: return of xander cage,Thriller
the trapped 13: how we survived the thai cave,Biography
the trapped 13: how we survived the thai cave,Documentary
the trapped 13: how we survived the thai cave,History
drifting home,Adventure
drifting home,Animation
drifting home,Drama
who rules the world,Action
who rules the world,Drama
who rules the world,Fantasy
gangubai kathiawadi,Biography
gangubai kathiawadi,Crime
gangubai kathiawadi,Drama
the losers,Action
the losers,Adventure
the losers,Comedy
vincenzo,Action
vincenzo,Comedy
vincenzo,Crime
we're the millers,Comedy
we're the millers,Crime
the con-heartist,Comedy
the con-heartist,Romance
me always you,Comedy
me always you,Romance
bad and crazy,Action
bad and crazy,Comedy
bad and crazy,Crime
thirty-nine,Drama
thirty-nine,Romance
my roommate is a gumiho,Comedy
my roommate is a gumiho,Fantasy
my roommate is a gumiho,Romance
the terminal,Action
the terminal,Adventure
the terminal,Sci-Fi
house of wax,Horror
house of wax,Thriller
the crowned clown,Drama
the crowned clown,History
the crowned clown,Romance
the hurricane heist,Action
the hurricane heist,Adventure
the hurricane heist,Crime
the old ways,Action
the old ways,Drama
the old ways,Western
zombie detective,Comedy
zombie detective,Fantasy
zombie detective,Mystery
encounter,Drama
encounter,Sci-Fi
deep,Action
deep,Drama
deep,Sci-Fi
pokémon detective pikachu,Adventure
pokémon detective pikachu,Comedy
pokémon detective pikachu,Family
novocaine,Action
novocaine,Comedy
novocaine,Crime
love and wine,Drama
homeland,Crime
homeland,Drama
homeland,Mystery
baby farm,Drama
shooting stars,Drama
shooting stars,Fantasy
shooting stars,Romance
my boss's daughter,Comedy
my boss's daughter,Romance
don't tell mom the babysitter's dead,Comedy
"young, famous & african",Reality-TV
last holiday,Comedy
last holiday,Drama
last holiday,Romance
a dog's journey,Adventure
a dog's journey,Comedy
a dog's journey,Drama
pain & gain,Action
pain & gain,Biography
pain & gain,Comedy
young adult,Comedy
young adult,Drama
good burger,Comedy
good burger,Family
mona lisa smile,Drama
muallim,Drama
you me lenin,Drama
seni bulacam oglum,Comedy
vlad the impaler,Action
vlad the impaler,History
vlad the impaler,War
doctor sleep,Drama
doctor sleep,Fantasy
doctor sleep,Horror
grudge,Horror
grudge,Mystery
grudge,Thriller
the midnight sky,Adventure
the midnight sky,Drama
the midnight sky,Sci-Fi
the dam,Animation
the dam,Drama
the dam,Family
couple investigators,Action
couple investigators,Crime
couple investigators,Romance
sleepy hollow,Fantasy
sleepy hollow,Horror
sleepy hollow,Mystery
love in chains,Drama
love in chains,Romance
taste of freedom,Family
taste of freedom,Romance
censored,Horror
censored,Mystery
censored,Thriller
ukrainian style robbery,Comedy
to catch the kaidash,Comedy
to catch the kaidash,Drama
there will be people,Drama
there will be people,History
there will be people,Romance
the mummy returns,Action
the mummy returns,Adventure
the mummy returns,Fantasy
thalaivar thambi thalaimaiyil,Action
thalaivar thambi thalaimaiyil,Comedy
thalaivar thambi thalaimaiyil,Drama
my wife's ex,Comedy
lasting moments,Drama
lasting moments,Mystery
lasting moments,Thriller
vanguard,Action
vanguard,Adventure
vanguard,Comedy
21 bridges,Action
21 bridges,Adventure
21 bridges,Crime
echoes of the past,Drama
vijay 69,Comedy
vijay 69,Drama
vijay 69,Sport
dear,Drama
dear,Romance
dear,War
bogeyman,Action
bogeyman,Comedy
another one,Action
another one,Crime
another one,Drama
survivor,Action
survivor,Biography
survivor,Drama
virupaksha,Action
virupaksha,Horror
virupaksha,Mystery
kannai nambathe,Crime
kannai nambathe,Drama
kannai nambathe,Thriller
american manhunt: the boston marathon bombing,Crime
american manhunt: the boston marathon bombing,Documentary
american manhunt: the boston marathon bombing,History
thunivu,Action
thunivu,Crime
thunivu,Thriller
to russia with love,Comedy
to russia with love,Romance
superhero movie,Action
superhero movie,Comedy
superhero movie,Sci-Fi
oru thekkan thallu case,Action
oru thekkan thallu case,Comedy
oru thekkan thallu case,Drama
jogi,Drama
jogi,Thriller
mom is pregnant,Comedy
dear friend,Comedy
dear friend,Drama
dear friend,Mystery
step up 2: the streets,Drama
step up 2: the streets,Music
step up 2: the streets,Romance
jersey,Comedy
jersey,Drama
jersey,Romance
shinjuku incident,Action
shinjuku incident,Crime
shinjuku incident,Drama
shyam singha roy,Drama
shyam singha roy,Fantasy
shyam singha roy,Romance
the ozempic effect,Documentary
cellar door,Drama
cellar door,Horror
cellar door,Mystery
quiz,Biography
quiz,Drama
quiz,History
dodgeball: a true underdog story,Comedy
dodgeball: a true underdog story,Sport
amber alert,Thriller
manhunt: chasing the fox,Documentary
broadchurch,Crime
broadchurch,Drama
broadchurch,Mystery
"manhunt: the liar, the thief, the conman",Documentary
son of a donkey,Comedy
love rat,Drama
ransom,Action
ransom,Crime
ransom,Drama
the replacement,Comedy
the replacement,Sport
bank of dave 2: the loan ranger,Biography
bank of dave 2: the loan ranger,Comedy
bank of dave 2: the loan ranger,Drama
clean sweep,Crime
clean sweep,Drama
clean sweep,Thriller
joyride,Comedy
joyride,Drama
the end we start from,Drama
the end we start from,Thriller
kin,Adventure
kin,Drama
kin,Fantasy
cat person,Comedy
cat person,Drama
cat person,Mystery
battle of the baddest,Documentary
battle of the baddest,Sport
exposed: the ghost train fire,Crime
exposed: the ghost train fire,Documentary
exposed: the ghost train fire,History
i am legend,Drama
i am legend,Horror
i am legend,Sci-Fi
conviction: murder in suburbia,Crime
conviction: murder in suburbia,Documentary
murder in the badlands,Crime
murder in the badlands,Documentary
the catch,Action
the catch,Adventure
the catch,Sci-Fi
blippi's big dino adventure,Family
before i go to sleep,Drama
before i go to sleep,Mystery
before i go to sleep,Thriller
witness number 3,Crime
witness number 3,Drama
witness number 3,Thriller
what's love got to do with it?,Comedy
what's love got to do with it?,Drama
what's love got to do with it?,Romance
10x10,Drama
10x10,Mystery
10x10,Thriller
fantastic beasts: the crimes of grindelwald,Adventure
fantastic beasts: the crimes of grindelwald,Family
fantastic beasts: the crimes of grindelwald,Fantasy
terminator 3: rise of the machines,Action
terminator 3: rise of the machines,Sci-Fi
big boys don't cry,Biography
big boys don't cry,Crime
big boys don't cry,Drama
jumanji: welcome to the jungle,Action
jumanji: welcome to the jungle,Adventure
jumanji: welcome to the jungle,Comedy
underworld,Action
underworld,Fantasy
underworld,Thriller
carriers,Adventure
carriers,Drama
carriers,Horror
3 from hell,Action
3 from hell,Horror
3 from hell,Western
liar,Comedy
liar,Fantasy
the informer,Biography
the informer,Comedy
the informer,Crime
aileen wuornos: american boogeywoman,Biography
aileen wuornos: american boogeywoman,Crime
aileen wuornos: american boogeywoman,Drama
crime scene: the times square killer,Crime
crime scene: the times square killer,Documentary
crime scene: the times square killer,History
the salisbury poisonings,Drama
the salisbury poisonings,History
the salisbury poisonings,Thriller
office christmas party,Comedy
modern family,Comedy
modern family,Drama
modern family,Romance
big timber,Reality-TV
independence day,Action
independence day,Adventure
independence day,Sci-Fi
star search,Action
star search,Adventure
star search,Sci-Fi
the covenant,Action
the covenant,Drama
the covenant,Thriller
rio 2,Adventure
rio 2,Animation
rio 2,Comedy
after the sunset,Action
after the sunset,Comedy
after the sunset,Crime
the lazarus project,Drama
the lazarus project,Mystery
the lazarus project,Thriller
race for the crown,Documentary
race for the crown,Sport
renegades,Adventure
renegades,Drama
renegades,Fantasy
the great british baking show: holidays,Game-Show
the great british baking show: holidays,Reality-TV
father figures,Comedy
father figures,Drama
afraid,Drama
a.p. bio,Comedy
the mechanic,Action
the mechanic,Crime
the mechanic,Thriller
a million ways to die in the west,Comedy
a million ways to die in the west,Western
knocked up,Comedy
knocked up,Romance
the impossible,Drama
the impossible,History
the impossible,Thriller
michelle wolf: it's great to be here,Comedy
sausage party,Adventure
sausage party,Animation
sausage party,Comedy
brotherly love,Drama
zookeeper,Comedy
zookeeper,Family
zookeeper,Fantasy
forever my girl,Comedy
forever my girl,Drama
forever my girl,Music
tom and jerry tales,Adventure
tom and jerry tales,Animation
tom and jerry tales,Comedy
magic mike xxl,Comedy
magic mike xxl,Drama
magic mike xxl,Music
the pez outlaw,Comedy
the pez outlaw,Documentary
the pez outlaw,Family
the longest yard,Comedy
the longest yard,Crime
the longest yard,Sport
the best of me,Drama
the best of me,Romance
in the dark,Crime
in the dark,Drama
in the dark,Musical
tower heist,Action
tower heist,Comedy
tower heist,Crime
the unxplained,Documentary
legacies,Action
legacies,Adventure
legacies,Sci-Fi
mission: impossible,Action
mission: impossible,Adventure
mission: impossible,Thriller
first sunday,Comedy
first sunday,Crime
first sunday,Drama
300,Action
300,Drama
replicas,Action
replicas,Drama
replicas,Sci-Fi
rockstar duki from the end of the world,Documentary
into the wild,Adventure
into the wild,Biography
into the wild,Drama
rambo: first blood,Action
rambo: first blood,Adventure
rambo: first blood,Thriller
the rhythm section,Action
the rhythm section,Drama
the rhythm section,Mystery
ara san juan: the submarine that disappeared,Documentary
ara san juan: the submarine that disappeared,History
the highwaymen,Biography
the highwaymen,Crime
the highwaymen,Drama
on the fringe,Drama
waiting for the barbarians,Drama
waiting for the barbarians,History
passion simple,Drama
passion simple,Romance
42 days of darkness,Crime
42 days of darkness,Drama
42 days of darkness,Mystery
today we fix the world,Comedy
today we fix the world,Drama
the great robbery of brazil's central bank,Crime
the great robbery of brazil's central bank,Documentary
"my brother, my sister",Drama
lassie come home,Adventure
lassie come home,Drama
lassie come home,Family
ashes in the snow,Drama
ashes in the snow,History
ashes in the snow,Romance
big momma's house,Action
big momma's house,Comedy
big momma's house,Crime
her mother's killer,Drama
her mother's killer,Thriller
hustler vs scammer,Comedy
hustler vs scammer,Drama
a good child,Drama
the man with the iron fists,Action
shine on me,Drama
shine on me,Romance
love and crown,Drama
may i ask for one final thing?,Action
may i ask for one final thing?,Animation
may i ask for one final thing?,Comedy
burn after reading,Comedy
burn after reading,Crime
burn after reading,Drama
the prisoner of beauty,Action
the prisoner of beauty,Drama
the prisoner of beauty,Romance
big world,Drama
18×2 beyond youthful days,Drama
18×2 beyond youthful days,Romance
friday night fever,Reality-TV
amidst a snowstorm of love,Drama
amidst a snowstorm of love,Romance
amidst a snowstorm of love,Sport
one piece film: red,Action
one piece film: red,Adventure
one piece film: red,Animation
peninsula,Action
peninsula,Drama
peninsula,Horror
tri am the movie,Biography
tri am the movie,Documentary
tri am the movie,Music
story of yanxi palace,Comedy
story of yanxi palace,Drama
story of yanxi palace,History
once again,Action
once again,Drama
once again,Thriller
wu kong,Adventure
wu kong,Fantasy
the womb,Animation
the womb,Family
the monkey king 3,Action
the monkey king 3,Adventure
the monkey king 3,Family
the monkey king 2,Action
the monkey king 2,Adventure
the monkey king 2,Fantasy
korea no.1,Reality-TV
through the darkness,Action
through the darkness,Drama
through the darkness,Thriller
along with the gods: the two worlds,Action
along with the gods: the two worlds,Adventure
along with the gods: the two worlds,Drama
love (ft. marriage and divorce),Comedy
love (ft. marriage and divorce),War
guardian: the lonely and great god,Comedy
guardian: the lonely and great god,Drama
guardian: the lonely and great god,Fantasy
uncut gems,Crime
uncut gems,Drama
uncut gems,Thriller
chaguo,Drama
my super ex-girlfriend,Comedy
my super ex-girlfriend,Romance
my super ex-girlfriend,Sci-Fi
hancock,Action
hancock,Comedy
hancock,Drama
you should have left,Horror
you should have left,Mystery
you should have left,Thriller
rough night,Comedy
life in a year,Comedy
life in a year,Drama
guest house,Comedy
guest house,Thriller
voy! voy! voy!,Comedy
voy! voy! voy!,Drama
voy! voy! voy!,Sport
amateur gang,Comedy
alhamour h.a.,Biography
alhamour h.a.,Comedy
alhamour h.a.,Crime
seed of chucky,Comedy
seed of chucky,Horror
seed of chucky,Thriller
parasyte: the maxim,Action
parasyte: the maxim,Animation
parasyte: the maxim,Drama
nawara,Drama
too hot to handle: italy,Game-Show
too hot to handle: italy,Reality-TV
sherlock,Crime
sherlock,Drama
sherlock,Mystery
the ten commandments,Adventure
the ten commandments,Drama
the ten commandments,Family
the spy who dumped me,Action
the spy who dumped me,Adventure
the spy who dumped me,Comedy
all roads lead to rome,Comedy
all roads lead to rome,Drama
all roads lead to rome,Romance
c-section,Comedy
c-section,Drama
you may not kiss the bride,Action
you may not kiss the bride,Comedy
you may not kiss the bride,Crime
soulmate,Drama
soulmate,Romance
soulmate,Sci-Fi
love thing,Comedy
love thing,Drama
love thing,Romance
asbest,Crime
asbest,Drama
cyberbunker: the criminal underworld,Crime
cyberbunker: the criminal underworld,Documentary
rogue city,Action
rogue city,Crime
rogue city,Drama
gladbeck: the hostage crisis,Crime
gladbeck: the hostage crisis,Documentary
hell's kitchen,Game-Show
hell's kitchen,Reality-TV
cursed,Action
cursed,Adventure
cursed,Fantasy
gowok: javanese kamasutra,Drama
gowok: javanese kamasutra,History
gowok: javanese kamasutra,Romance
tabayyun,Drama
komang,Biography
komang,Drama
komang,Romance
cinderella closet,Drama
cinderella closet,Romance
project: high council,Action
project: high council,Crime
project: high council,Drama
rumah teteh: story of helena,Horror
pulung gantung,Horror
perayaan mati rasa,Drama
perayaan mati rasa,Music
the redemption of sin,Drama
the redemption of sin,Horror
the redemption of sin,Mystery
home sweet loan,Drama
home sweet loan,Family
one cent thief,Action
one cent thief,Crime
one cent thief,Drama
the experts,Comedy
marry you,Comedy
marry you,Drama
marry you,Romance
the devil's lair,Action
the devil's lair,Fantasy
the devil's lair,Horror
project: anchor spm,Comedy
project: anchor spm,Crime
project: anchor spm,Drama
siksa neraka,Horror
siksa neraka,Thriller
pamali: the corpse village,Horror
pamali: the corpse village,Mystery
indigo,Comedy
indigo,Drama
indigo,Fantasy
sue-on,Comedy
sue-on,Horror
primbon,Drama
primbon,Horror
man on the run,Biography
man on the run,Documentary
man on the run,Music
doraemon the movie: nobita's sky utopia,Adventure
doraemon the movie: nobita's sky utopia,Animation
doraemon the movie: nobita's sky utopia,Comedy
ketika berhenti di sini,Drama
ketika berhenti di sini,Romance
ketika berhenti di sini,Sci-Fi
apprentice,Action
apprentice,Adventure
apprentice,Family
buya hamka vol. 1,Biography
buya hamka vol. 1,Drama
buya hamka vol. 1,History
operasi x,Action
operasi x,Crime
operasi x,Thriller
takkar,Action
takkar,Drama
takkar,Romance
seratus,Action
seratus,Crime
seratus,Drama
possessed,Horror
possessed,Mystery
possessed,Thriller
the red point of marriage,Drama
the red point of marriage,Romance
geng: the adventure begins,Adventure
geng: the adventure begins,Animation
geng: the adventure begins,Comedy
mr. midnight: beware the monsters,Adventure
mr. midnight: beware the monsters,Comedy
mr. midnight: beware the monsters,Horror
three widows against the world,Action
three widows against the world,Comedy
three widows against the world,Crime
dilwale,Drama
dilwale,Romance
sa balik baju,Comedy
sa balik baju,Drama
sa balik baju,Family
"crime patrol: 26 jurm, 26 cases",Crime
"crime patrol: 26 jurm, 26 cases",Drama
meter,Horror
meter,Mystery
meter,Thriller
masaba masaba,Comedy
masaba masaba,Drama
hurdang,Drama
hurdang,Romance
shrill,Comedy
shrill,Drama
real men,Action
real men,Comedy
real men,Sci-Fi
collide,Drama
collide,Romance
bad sport,Crime
bad sport,Documentary
bad sport,Mystery
moonhaven,Drama
moonhaven,Sci-Fi
mad mom,Comedy
mad mom,Family
demi-soeurs,Comedy
the blackening,Comedy
the blackening,Horror
the blackening,Mystery
santa claus is a stinker,Comedy
houba! on the trail of the marsupilami,Adventure
houba! on the trail of the marsupilami,Comedy
houba! on the trail of the marsupilami,Family
the forgotten,Drama
the forgotten,Mystery
the forgotten,Sci-Fi
spriggan,Action
spriggan,Adventure
spriggan,Animation
hollow man,Action
hollow man,Horror
hollow man,Sci-Fi
the throwaways,Action
the throwaways,Comedy
the throwaways,Thriller
summer heat,Drama
summer heat,Romance
summer heat,Thriller
sparkle,Drama
sparkle,Music
thoda pyaar thoda magic,Comedy
thoda pyaar thoda magic,Drama
thoda pyaar thoda magic,Family
dhoom: 3,Action
dhoom: 3,Crime
dhoom: 3,Thriller
project x,Comedy
project x,Thriller
better with age,Reality-TV
the secret of doctor grinberg,Documentary
love hurts,Action
love hurts,Comedy
love hurts,Romance
forever queens,Comedy
forever queens,Documentary
forever queens,Family
cindy la regia: the high school years,Comedy
cindy la regia: the high school years,Drama
spirit: stallion of the cimarron,Adventure
spirit: stallion of the cimarron,Animation
spirit: stallion of the cimarron,Drama
charlotte's web,Adventure
charlotte's web,Comedy
charlotte's web,Family
la leyenda del charro negro,Adventure
la leyenda del charro negro,Animation
la leyenda del charro negro,Fantasy
reasonable doubt: a tale of two kidnappings,Crime
reasonable doubt: a tale of two kidnappings,Documentary
love of my loves,Drama
love of my loves,Romance
el infierno,Biography
el infierno,Drama
el infierno,War
la bella y las bestias,Drama
la bella y las bestias,Fantasy
la bella y las bestias,Mystery
it could happen to you,Comedy
it could happen to you,Drama
it could happen to you,Romance
the lesson,Drama
roosters,Adventure
roosters,Drama
roosters,Western
goebbels and the führer,Biography
goebbels and the führer,Drama
goebbels and the führer,History
ome cor,Comedy
ome cor,Drama
break,Crime
break,Drama
break,Thriller
montana story,Drama
the marriage escape,Comedy
the marriage escape,Drama
sea of time,Drama
zwanger & co,Comedy
zwanger & co,Romance
defiance,Action
defiance,Drama
defiance,History
zerozerozero,Crime
zerozerozero,Drama
zerozerozero,Thriller
camping 3,Comedy
camping 3,Drama
hardball,Comedy
hardball,Drama
hardball,Sport
bye bye morons,Comedy
bye bye morons,Drama
pattaya,Comedy
you choose!,Action
you choose!,Adventure
you choose!,Animation
true crime,Crime
true crime,Drama
true crime,Mystery
my dead friend zoe,Comedy
my dead friend zoe,Drama
my dead friend zoe,War
home economics,Comedy
one night,Horror
gotti,Biography
gotti,Crime
gotti,Drama
the beast within,Horror
friends like her,Drama
the lie: the murder of grace millane,Documentary
brothers in arms,Drama
brothers in arms,Western
onefour: against all odds,Crime
onefour: against all odds,Documentary
onefour: against all odds,Music
the many saints of newark,Crime
the many saints of newark,Drama
hell driver,Crime
hell driver,Drama
hell driver,Film-Noir
the card counter,Crime
the card counter,Drama
the card counter,Thriller
stand up guys,Comedy
stand up guys,Crime
stand up guys,Thriller
total recall,Action
total recall,Adventure
total recall,Sci-Fi
dragonheart: battle for the heartfire,Action
dragonheart: battle for the heartfire,Adventure
dragonheart: battle for the heartfire,Drama
superbro,Adventure
superbro,Drama
superbro,Fantasy
the good shepherd,Drama
the good shepherd,History
the good shepherd,Thriller
perfect stranger,Comedy
perfect stranger,Drama
perfect stranger,Thriller
the debt,Drama
the debt,Thriller
infamous,Biography
infamous,Crime
infamous,Drama
strained,Drama
strained,Fantasy
strained,Horror
nobody's fool,Comedy
nobody's fool,Drama
the one for sarah,Drama
the one for sarah,Romance
the stand up,Comedy
u turn,Crime
u turn,Drama
u turn,Thriller
finding hubby,Drama
finding hubby,Romance
aloevera,Drama
aloevera,Fantasy
aloevera,Romance
breaded life,Comedy
breaded life,Drama
breaded life,Fantasy
gidi blues,Romance
the making of a king,Drama
chief daddy,Comedy
shadow parties,Horror
unroyal,Comedy
unroyal,Romance
'76,Comedy
'76,Drama
'76,Sci-Fi
brother jekwu,Comedy
sanitation day,Thriller
last request,Drama
fight club,Crime
fight club,Drama
fight club,Thriller
the f**k-it list,Comedy
feel the beat,Comedy
feel the beat,Drama
feel the beat,Family
midnight sun,Drama
midnight sun,Romance
traitor,Action
traitor,Crime
traitor,Drama
one man and his cow,Adventure
one man and his cow,Comedy
one man and his cow,Drama
heidi,Drama
heidi,Family
mother is wrong,Crime
mother is wrong,Drama
mother is wrong,Mystery
thinline,Drama
high infidelity,Comedy
ada omo daddy,Drama
ada omo daddy,Thriller
sultan,Action
sultan,Drama
sultan,Romance
pagglait,Comedy
pagglait,Drama
eternally confused and eager for love,Comedy
eternally confused and eager for love,Romance
badla,Action
badla,Adventure
badla,Sci-Fi
the road to love,Drama
garfield,Adventure
garfield,Comedy
garfield,Family
where's the money,Comedy
where's the money,Crime
chabuca,Biography
chabuca,Comedy
chabuca,Drama
the greatest showman,Biography
the greatest showman,Drama
the greatest showman,Musical
honor thy father,Crime
honor thy father,Drama
honor thy father,Thriller
one hit wonder,Documentary
one hit wonder,History
one hit wonder,Music
incognito,Crime
incognito,Romance
incognito,Thriller
i love filipino,Documentary
how to cheat death,Drama
how to cheat death,Thriller
the girl on the train,Crime
the girl on the train,Drama
the girl on the train,Mystery
maple leaf dreams,Drama
maple leaf dreams,Romance
kampon,Action
kampon,Drama
kampon,Horror
para kang papa mo,Comedy
shangri-la frontier,Action
shangri-la frontier,Adventure
shangri-la frontier,Animation
kidnap for romance,Drama
love me tomorrow,Comedy
love me tomorrow,Drama
love me tomorrow,Romance
the oskars fantasy,Comedy
the oskars fantasy,Horror
lola igna,Comedy
lola igna,Drama
"i got a cheat skill in another world and became unrivaled in the real world, too",Action
"i got a cheat skill in another world and became unrivaled in the real world, too",Adventure
"i got a cheat skill in another world and became unrivaled in the real world, too",Animation
snow white: a tale of terror,Adventure
snow white: a tale of terror,Fantasy
snow white: a tale of terror,Horror
100,Action
100,Drama
100,Sci-Fi
maybe today,Drama
i left my heart in sorsogon,Comedy
i left my heart in sorsogon,Drama
i left my heart in sorsogon,Romance
the wedding,Comedy
the wedding,Music
the wedding,Romance
a love to last,Comedy
a love to last,Drama
a love to last,Family
kitty kotty,Animation
bad exorcist,Animation
bad exorcist,Comedy
crusade,Action
crusade,Adventure
archiwista,Crime
archiwista,Drama
doppelganger. the double,Drama
doppelganger. the double,Romance
doppelganger. the double,Thriller
red poppies,Drama
red poppies,History
red poppies,War
polowanie,Comedy
polowanie,Drama
polowanie,Romance
sprawa matki madzi,Crime
sprawa matki madzi,Documentary
return,Adventure
return,Drama
return,Fantasy
murderesses,Drama
saint,Action
saint,Crime
saint,Thriller
sully,Biography
sully,Drama
sully,History
career girl,Comedy
career girl,Drama
the race,Comedy
the race,Drama
the race,Romance
borderlands,Action
borderlands,Drama
borderlands,Horror
like girls,Comedy
go romania!,Family
just getting started,Comedy
just getting started,Crime
teambuilding,Comedy
serenity,Action
serenity,Adventure
serenity,Sci-Fi
a beautiful wife,Comedy
the camp,Comedy
the secrets we keep,Drama
the secrets we keep,Thriller
vanity fair,Drama
the (in)famous youssef salem,Comedy
the (in)famous youssef salem,Drama
off the hook,Comedy
off the hook,Romance
yu yu hakusho: ghost files,Action
yu yu hakusho: ghost files,Adventure
yu yu hakusho: ghost files,Animation
tahir's house,Comedy
family guy,Animation
family guy,Comedy
ah boys to men 3: frogmen,Action
ah boys to men 3: frogmen,Comedy
born for the spotlight,Drama
i not stupid 3,Comedy
i not stupid 3,Drama
risqué business: taiwan,Talk-Show
naai sekar returns,Comedy
the apprentice: one championship edition,Reality-TV
cold war 2,Action
cold war 2,Crime
cold war 2,Drama
invincibles,Action
invincibles,Adventure
invincibles,Animation
cosy dens,Comedy
cosy dens,Drama
love 2,Drama
love 2,History
love 2,Romance
what's next? the future with bill gates,Documentary
waltzing matilda,Comedy
women & life,Crime
women & life,Drama
women & life,Romance
never say never,Action
never say never,Adventure
never say never,Thriller
banger.,Comedy
banger.,Drama
shadowplay,Fantasy
shadowplay,Mystery
shadowplay,Thriller
bet on friendship,Comedy
cold comes the night,Action
cold comes the night,Crime
cold comes the night,Mystery
the house bunny,Comedy
piano love,Crime
piano love,Drama
real estate sisters,Comedy
real estate sisters,Crime
real estate sisters,Mystery
"are you there god? it's me, margaret",Comedy
"are you there god? it's me, margaret",Drama
"are you there god? it's me, margaret",Family
our love,Drama
our love,Romance
daddy day camp,Comedy
daddy day camp,Family
win a date with tad hamilton!,Comedy
win a date with tad hamilton!,Romance
the price of goodbye,Drama
start-up,Comedy
start-up,Drama
start-up,Romance
house of the seasons,Drama
house of the seasons,Family
house of the seasons,Mystery
troubleshooter,Comedy
troubleshooter,Drama
only god knows everything,Mystery
only god knows everything,Thriller
my turn,Comedy
my turn,Drama
adventure by accident,Adventure
adventure by accident,Reality-TV
heo's diner,Comedy
heo's diner,Drama
heo's diner,Fantasy
rugged rugby: conquer or die,Game-Show
rugged rugby: conquer or die,Reality-TV
rugged rugby: conquer or die,Sport
open city,Drama
open city,Thriller
open city,War
king of survival,Documentary
king of survival,History
drive,Crime
drive,Drama
bread barbershop : celeb in bakery town,Animation
the five,Adventure
the five,Fantasy
sakra,Action
sakra,Adventure
lost in perfection,Crime
lost in perfection,Drama
lost in perfection,Thriller
v.i.p.,Action
v.i.p.,Comedy
v.i.p.,Crime
night has come,Drama
night has come,Horror
night has come,Mystery
windmill,Drama
windmill,Horror
blade of the immortal,Action
blade of the immortal,Drama
next sohee,Drama
next sohee,Thriller
in the realm of the senses,Drama
in the realm of the senses,Romance
ditto,Drama
ditto,Romance
ditto,Sci-Fi
behind every star,Comedy
behind every star,Drama
sword snow stride,Action
sword snow stride,Drama
sword snow stride,Fantasy
gate,Action
gate,Drama
gate,War
a special lady,Action
a special lady,Crime
tazza: the hidden card,Crime
tazza: the hidden card,Drama
spiritwalker,Action
spiritwalker,Fantasy
spiritwalker,Mystery
high & low the worst,Action
anarchist from colony,Biography
anarchist from colony,Drama
sinkhole,Comedy
sinkhole,Drama
more than family,Comedy
more than family,Drama
running wild,Biography
running wild,Crime
running wild,Documentary
you are my spring,Drama
you are my spring,Romance
you are my spring,Thriller
touch your heart,Comedy
touch your heart,Drama
touch your heart,Romance
her private life,Comedy
her private life,Drama
her private life,Romance
young adult matters,Drama
one for all,Adventure
one for all,Animation
one for all,Family
six kings slam,Sport
best sellers,Comedy
best sellers,Drama
christmas by design,Drama
christmas by design,Romance
la ley del mar,Drama
carmen & lola,Drama
carmen & lola,Romance
maixabel,Biography
maixabel,Drama
aquí no hay quien viva,Comedy
neon flesh,Comedy
neon flesh,Drama
neon flesh,Thriller
rainbow,Fantasy
rainbow,Horror
si yo fuera rico,Comedy
si yo fuera rico,Drama
si yo fuera rico,Romance
victoria & abdul,Biography
victoria & abdul,Comedy
victoria & abdul,Drama
startup,Crime
startup,Thriller
babygirl,Drama
babygirl,Romance
babygirl,Thriller
cold feet,Comedy
cold feet,Drama
cold feet,Romance
summertime,Drama
summertime,Romance
suck me shakespeer 3,Comedy
anon,Crime
anon,Mystery
anon,Sci-Fi
the physician,Adventure
the physician,Drama
the physician,History
mystery writers,Horror
blood river,Action
blood river,Adventure
blood river,Horror
be with me,Drama
be with me,Romance
holi-day,Comedy
holi-day,Drama
day off,Comedy
their marriage,Drama
their marriage,Romance
tabloid,Crime
tabloid,Documentary
11 rebels,Action
11 rebels,Drama
11 rebels,History
orb: on the movements of the earth,Animation
orb: on the movements of the earth,Drama
orb: on the movements of the earth,History
the starry love,Adventure
the starry love,Drama
the starry love,Fantasy
love on a shoestring,Drama
love on a shoestring,Romance
everyone loves me,Comedy
everyone loves me,Drama
everyone loves me,Romance
hotel saltwater,Drama
hotel saltwater,History
lost in forest,Crime
lost in forest,Drama
oxcart trails,Drama
oxcart trails,History
mad doctor,Action
mad doctor,Adventure
mad doctor,Fantasy
best interest,Drama
the american,Crime
the american,Drama
the american,Mystery
grand isle,Crime
grand isle,Mystery
grand isle,Thriller
the outpost,Action
the outpost,Drama
the outpost,History
blood sisters,Crime
blood sisters,Drama
blood sisters,Thriller
brother in love 2,Comedy
here love lies,Romance
here love lies,Thriller
restless,Drama
restless,Romance
the mustang,Drama
spongebob squarepants,Animation
spongebob squarepants,Comedy
spongebob squarepants,Family
after earth,Action
after earth,Adventure
after earth,Drama
how to ruin christmas,Comedy
how to ruin christmas,Drama
redemption day,Action
redemption day,Drama
redemption day,Thriller
the expendables 3,Action
the expendables 3,Adventure
the expendables 3,Comedy
spell,Drama
spell,Film-Noir
spell,Mystery
a madea family funeral,Comedy
a madea family funeral,Drama
cici,Comedy
margaux,Horror
margaux,Sci-Fi
margaux,Thriller
city of ember,Adventure
city of ember,Drama
city of ember,Family
friendzone,Comedy
friendzone,Romance
barda,Horror
barda,Thriller
hot skull,Adventure
hot skull,Drama
hot skull,Mystery
laal singh chaddha,Comedy
laal singh chaddha,Drama
laal singh chaddha,Romance
scary movie 2,Comedy
scary movie 2,Horror
noise,Drama
noise,Horror
noise,Mystery
sweetie,Comedy
sweetie,Romance
the island,Action
the island,Sci-Fi
the island,Thriller
no escape,Action
no escape,Thriller
a girl and an astronaut,Drama
a girl and an astronaut,Romance
a girl and an astronaut,Sci-Fi
war: wrath and revenge,Drama
war: wrath and revenge,Thriller
a perfect fit,Romance
turn of the tide,Drama
final score,Action
final score,Adventure
final score,Drama
the descendants,Comedy
the descendants,Drama
the bone collector,Crime
the bone collector,Drama
the bone collector,Mystery
"sihirli annem, hepimiz biriz",Family
"sihirli annem, hepimiz biriz",Fantasy
the last night at tremore beach,Drama
the last night at tremore beach,Mystery
the last night at tremore beach,Thriller
10 days of a good man,Crime
10 days of a good man,Drama
10 days of a good man,Mystery
in for a murder,Comedy
in for a murder,Thriller
kral kaybederse,Drama
kral kaybederse,History
clemency,Drama
the reader,Drama
the reader,Mystery
the reader,Romance
daddy's little girls,Drama
daddy's little girls,Romance
the one,Drama
insecure,Comedy
insecure,Drama
insecure,Romance
lockout,Action
lockout,Sci-Fi
lockout,Thriller
vortex,Crime
vortex,Drama
vortex,Thriller
mat kilau,Action
mat kilau,Adventure
mat kilau,Drama
line of duty,Crime
line of duty,Drama
line of duty,Mystery
"i, tonya",Biography
"i, tonya",Comedy
"i, tonya",Drama
the sinner,Crime
the sinner,Drama
the sinner,Mystery
knowing,Mystery
knowing,Sci-Fi
knowing,Thriller
katakulli,Comedy
crashing eid,Comedy
crashing eid,Drama
blade: trinity,Action
blade: trinity,Horror
blade: trinity,Sci-Fi
source code,Action
source code,Drama
source code,Mystery
a sunday affair,Romance
the hangover,Comedy
katakulli 3: tuzak,Comedy
dying to survive,Comedy
dying to survive,Drama
shards of her,Crime
shards of her,Drama
shards of her,Mystery
a dream of splendor,Drama
a dream of splendor,Romance
love like the falling petals,Drama
love like the falling petals,Romance
the divergent series: insurgent,Action
the divergent series: insurgent,Adventure
the divergent series: insurgent,Romance
boss & me,Drama
time to love,Drama
time to love,Romance
the palace,Drama
the palace,History
the palace,Mystery
love is science?,Romance
the pond,Documentary
the pond,Drama
the pond,Music
jump ashin!,Drama
jump ashin!,Sport
ha gom: the darkness of the soul,Drama
ha gom: the darkness of the soul,Horror
get smart with money,Documentary
don't let's go to the dogs tonight,Drama
don't let's go to the dogs tonight,War
mamá se fue de viaje,Comedy
mamá se fue de viaje,Family
i married a dumbass,Comedy
i married a dumbass,Romance
everybody's fine,Adventure
everybody's fine,Drama
babes,Comedy
babes,Drama
babes,Family
bait,Action
bait,Fantasy
bait,Horror
outback,Adventure
outback,Animation
outback,Comedy
the right kind of wrong,Comedy
the right kind of wrong,Romance
stir of echoes,Horror
stir of echoes,Mystery
stir of echoes,Thriller
alone together,Comedy
rehragout-rendezvous,Comedy
rehragout-rendezvous,Crime
all for ella,Comedy
all for ella,Drama
all for ella,Music
the ogglies,Adventure
the ogglies,Animation
the ogglies,Family
buried truth,Crime
buried truth,Documentary
austria 2 australia,Adventure
austria 2 australia,Documentary
stellungswechsel,Comedy
blue bayou,Crime
blue bayou,Drama
"see no evil, hear no evil",Comedy
"see no evil, hear no evil",Crime
donnie brasco,Biography
donnie brasco,Crime
donnie brasco,Drama
look who's talking,Comedy
look who's talking,Romance
i do: how to get married and stay single,Comedy
i do: how to get married and stay single,Romance
mandy,Action
mandy,Fantasy
mandy,Horror
8 mile,Drama
8 mile,Music
jingle all the way,Adventure
jingle all the way,Comedy
jingle all the way,Family
o amor dá trabalho,Comedy
o amor dá trabalho,Fantasy
earth to luna!,Animation
earth to luna!,Family
earth to luna!,Musical
end of the line,Comedy
end of the line,Drama
end of the line,Family
wedding games,Comedy
wedding games,Romance
time hustler,Comedy
time hustler,Sci-Fi
time hustler,Western
teletubbies,Family
teletubbies,Fantasy
teletubbies,Musical
term life,Action
term life,Adventure
term life,Crime
tô ryca,Comedy
forensic factor: a new era,Crime
forensic factor: a new era,Documentary
a paw patrol christmas,Animation
a paw patrol christmas,Family
cardinal,Crime
cardinal,Drama
cardinal,Mystery
who killed the montreal expos?,Documentary
who killed the montreal expos?,Sport
the lost husband,Drama
the lost husband,Romance
lamborghini: the man behind the legend,Biography
lamborghini: the man behind the legend,Drama
lamborghini: the man behind the legend,Sport
big stan,Action
big stan,Comedy
mean dreams,Drama
mean dreams,Thriller
the retirement plan,Action
the retirement plan,Comedy
the retirement plan,Crime
the baker,Comedy
the baker,Drama
the baker,Music
assault on va-33,Action
assault on va-33,Thriller
mafia inc.,Crime
mafia inc.,Drama
making fun,Documentary
alexander,Action
alexander,Biography
alexander,Drama
the notebook,Drama
the notebook,Romance
lucky loser,Action
lucky loser,Adventure
lucky loser,Comedy
whirlwind,Drama
whirlwind,Western
repulse,Drama
repulse,Horror
repulse,Thriller
isn't it romantic,Comedy
isn't it romantic,Fantasy
isn't it romantic,Musical
captains,Action
captains,Adventure
captains,Sci-Fi
the soccer football movie,Animation
the soccer football movie,Comedy
the soccer football movie,Family
no strings attached,Comedy
no strings attached,Romance
save me,Crime
save me,Drama
save me,Mystery
"love, life & everything in between",Comedy
"love, life & everything in between",Drama
"love, life & everything in between",Romance
the suit,Comedy
the suit,Family
my girl,Comedy
my girl,Drama
my girl,Family
fallen from the truck,Comedy
the silence of the lambs,Crime
the silence of the lambs,Drama
the silence of the lambs,Horror
camping 2,Comedy
la première étoile,Comedy
my best friend,Comedy
my best friend,Drama
my best friend,Romance
bank error in your favour,Comedy
how to be really bad,Comedy
how to be really bad,Family
how to be really bad,Fantasy
lake placid,Action
lake placid,Comedy
lake placid,Horror
heirs of the night,Fantasy
heirs of the night,Horror
shadowhunter,Action
shadowhunter,Drama
shadowhunter,Fantasy
loafing and camouflage: sirens at land,Comedy
the bachelor,Comedy
the bachelor,Romance
okura-cold case investigation,Drama
okura-cold case investigation,Mystery
"she remembers, he forgets",Comedy
"she remembers, he forgets",Romance
love in the moonlight,Comedy
love in the moonlight,Drama
love in the moonlight,History
passionate women,Comedy
the rebound,Comedy
the rebound,Romance
lesson learned,Drama
what ever happened to timi,Comedy
hadik,Action
hadik,Adventure
hadik,Biography
the story of my wife,Drama
the story of my wife,History
the story of my wife,Romance
battle,Adventure
battle,Fantasy
the a list,Crime
the a list,Drama
the a list,Horror
ace ventura: when nature calls,Adventure
ace ventura: when nature calls,Comedy
ace ventura: when nature calls,Crime
90's,Drama
f3: fun and frustration,Comedy
f3: fun and frustration,Family
f3: fun and frustration,Romance
crime stories: india detectives,Crime
crime stories: india detectives,Documentary
crime stories: india detectives,Mystery
pengin hijrah,Drama
pengin hijrah,Romance
"till then, hanna!",Drama
"till then, hanna!",Romance
heartbreak motel,Drama
heartbreak motel,Romance
kartu keluarga,Drama
journey of love,Adventure
journey of love,Animation
journey of love,Fantasy
titip surat untuk tuhan,Drama
titip surat untuk tuhan,Family
bu tejo sowan jakarta,Comedy
bu tejo sowan jakarta,Drama
comedy chaos,Comedy
teasing master takagi-san,Animation
teasing master takagi-san,Comedy
teasing master takagi-san,Romance
evil dead,Horror
dear david,Horror
dear david,Thriller
the twelve stories of glen anggara,Drama
the twelve stories of glen anggara,Romance
lara ati,Comedy
lara ati,Drama
lara ati,Romance
the queen of black magic,Drama
the queen of black magic,Horror
the queen of black magic,Mystery
wedding agreement,Drama
wedding agreement,Romance
makmum,Horror
habibie & ainun 3,Biography
habibie & ainun 3,Drama
habibie & ainun 3,History
bleeding steel,Action
bleeding steel,Sci-Fi
bleeding steel,Thriller
soekarno,Biography
soekarno,Drama
soekarno,History
nur,Drama
nur,History
nur,War
beat the lotto,Documentary
the kid,Action
the kid,Drama
the kid,Family
inspector george gently,Crime
inspector george gently,Drama
inspector george gently,Mystery
simon,Comedy
simon,Drama
simon,Romance
harley & katya,Documentary
roadrunner: a film about anthony bourdain,Documentary
silver linings playbook,Comedy
silver linings playbook,Drama
silver linings playbook,Romance
this way up,Comedy
the first wives club,Comedy
asfur,Comedy
asfur,Crime
asfur,Drama
off road,Reality-TV
legends of the fall,Drama
legends of the fall,Romance
legends of the fall,War
the new black,Comedy
the new black,Crime
the new black,Drama
image of victory,Drama
image of victory,History
image of victory,War
never stop dreaming: the life and legacy of shimon peres,Biography
never stop dreaming: the life and legacy of shimon peres,Documentary
ocean's thirteen,Crime
ocean's thirteen,Thriller
fantastic fungi,Documentary
gto: great teacher onizuka,Action
gto: great teacher onizuka,Adventure
gto: great teacher onizuka,Comedy
tiger and dragon,Action
tiger and dragon,Comedy
tiger and dragon,Crime
santocielo,Comedy
dove osano le cicogne,Comedy
clan,Action
clan,Crime
clan,Drama
caravaggio's shadow,Biography
caravaggio's shadow,Drama
caravaggio's shadow,History
dieci minuti,Drama
il giovane berlusconi,Biography
il giovane berlusconi,Documentary
the professor,Comedy
the professor,Romance
the professor,Sci-Fi
skam italia,Drama
skam italia,Romance
una femmina,Crime
una femmina,Drama
una femmina,Thriller
mollo tutto e apro un chiringuito,Comedy
the ottoman lieutenant,Drama
the ottoman lieutenant,History
the ottoman lieutenant,War
girl by the lake,Drama
girl by the lake,Mystery
girl by the lake,Thriller
summer job,Comedy
summer job,Fantasy
summer job,Romance
il grande salto,Comedy
il grande salto,Crime
arrivano i prof,Comedy
gangster squad,Action
gangster squad,Crime
gangster squad,Drama
marilyn's eyes,Comedy
marilyn's eyes,Drama
the mad hatter,Horror
the mad hatter,Thriller
house of sayuri,Horror
siblings of the cape,Drama
tolo tolo,Comedy
tolo tolo,Family
matched,Drama
matched,Romance
matched,Thriller
inspector daimajin,Action
the boy and the beast,Action
the boy and the beast,Adventure
the boy and the beast,Animation
crows explode,Action
crows explode,Crime
revolver lily,Action
revolver lily,Adventure
hell teacher: jigoku sensei nube,Action
hell teacher: jigoku sensei nube,Animation
hell teacher: jigoku sensei nube,Comedy
phases of the moon,Drama
phases of the moon,Romance
who saw the peacock dance in the jungle?,Crime
who saw the peacock dance in the jungle?,Drama
who saw the peacock dance in the jungle?,Mystery
the confidence man jp－the movie-,Comedy
the confidence man jp－the movie-,Crime
20th century boys 2: the last hope,Drama
20th century boys 2: the last hope,Fantasy
the dry spell,Drama
rohan at the louvre,Adventure
rohan at the louvre,Drama
rohan at the louvre,Fantasy
miu404,Crime
miu404,Drama
miu404,Mystery
the birth of kitaro: the mystery of gegege,Action
the birth of kitaro: the mystery of gegege,Animation
the birth of kitaro: the mystery of gegege,Comedy
where am i going?,Documentary
offbeat cops,Mystery
shield of straw,Action
shield of straw,Crime
shield of straw,Drama
antihero,Drama
antihero,Mystery
giver / taker,Crime
giver / taker,Thriller
farming life in another world,Animation
farming life in another world,Fantasy
farming life in another world,Romance
extremely inappropriate!,Comedy
extremely inappropriate!,Sci-Fi
blue giant,Animation
blue giant,Drama
blue giant,Music
ninkyo gakuen,Comedy
ninkyo gakuen,Crime
out,Adventure
out,Animation
out,Comedy
rebooting,Action
rebooting,Adventure
rebooting,Comedy
serve the people,Drama
serve the people,Romance
the lines that define me,Drama
immersion,Comedy
the quintessential quintuplets movie,Animation
the quintessential quintuplets movie,Comedy
the quintessential quintuplets movie,Drama
lighthouse,Drama
lighthouse,Fantasy
lighthouse,Horror
"sensei, would you sit beside me?",Romance
rascal does not dream of a dreaming girl,Animation
rascal does not dream of a dreaming girl,Drama
rascal does not dream of a dreaming girl,Fantasy
sabakan,Drama
in the wake,Crime
"now, we are breaking up",Drama
"now, we are breaking up",Romance
informa,Biography
informa,Comedy
informa,Crime
volume,Comedy
volume,Drama
volume,Music
poupelle of chimney town,Animation
poupelle of chimney town,Family
poupelle of chimney town,Fantasy
tapestry,Romance
a morning of farewell,Family
ushijima the loan shark,Crime
ushijima the loan shark,Drama
yowamushi pedal,Animation
yowamushi pedal,Comedy
yowamushi pedal,Drama
tomorrow's dinner table,Drama
unreliable,Drama
unreliable,Romance
ghost in the shell: sac_2045,Action
ghost in the shell: sac_2045,Animation
ghost in the shell: sac_2045,Crime
hey handsome!!,Drama
kuroko's basketball: last game,Animation
kuroko's basketball: last game,Drama
kuroko's basketball: last game,Sport
stigmatized properties,Drama
stigmatized properties,Horror
diner,Comedy
diner,Drama
kiba: the fangs of fiction,Drama
the promised neverland,Action
the promised neverland,Adventure
the promised neverland,Animation
iwane: sword of serenity,Drama
his,Crime
his,Drama
my hero academia: heroes rising,Action
my hero academia: heroes rising,Adventure
my hero academia: heroes rising,Animation
silent tokyo,Drama
my blood & bones in a flowing galaxy,Drama
my blood & bones in a flowing galaxy,Fantasy
my blood & bones in a flowing galaxy,Romance
last letter,Drama
last letter,Romance
east side,Comedy
east side,Drama
east side,Family
mo-faya,Crime
mo-faya,Drama
mission to rescue,Animation
mission to rescue,Family
baragaki unbroken samurai,Action
baragaki unbroken samurai,Drama
baragaki unbroken samurai,History
gachiakuta,Action
gachiakuta,Adventure
gachiakuta,Animation
fast five,Action
fast five,Crime
fast five,Thriller
love in the big city,Comedy
love in the big city,Drama
love in the big city,Romance
enigma black stage,Horror
enigma black stage,Mystery
the last voyage of the demeter,Fantasy
the last voyage of the demeter,Horror
the last voyage of the demeter,Thriller
flow,Crime
flow,Drama
flow,History
i love “a lot of” you,Comedy
i love “a lot of” you,Drama
i love “a lot of” you,Romance
until the sun meets the star,Drama
solo leveling,Action
solo leveling,Adventure
solo leveling,Animation
faster,Action
faster,Crime
faster,Drama
john wick: chapter 4,Action
john wick: chapter 4,Crime
john wick: chapter 4,Thriller
the substance,Drama
the substance,Horror
the substance,Sci-Fi
perfect days,Drama
thicha,Drama
thicha,Romance
thicha,Thriller
transformers: revenge of the fallen,Action
transformers: revenge of the fallen,Adventure
transformers: revenge of the fallen,Sci-Fi
the deception game,Drama
the deception game,Romance
blue lock,Animation
blue lock,Sport
blue lock,Thriller
clash of the titans,Action
clash of the titans,Adventure
clash of the titans,Fantasy
shazam! fury of the gods,Action
shazam! fury of the gods,Adventure
shazam! fury of the gods,Comedy
pee nak 4,Comedy
pee nak 4,Horror
gg precinct,Action
gg precinct,Comedy
gg precinct,Crime
the revenge,Action
the revenge,Adventure
the revenge,Fantasy
doctor climax,Comedy
doctor climax,Drama
kissed by the rain,Drama
kissed by the rain,Family
kissed by the rain,Romance
sleep,Fantasy
sleep,Horror
sleep,Mystery
ghost ship,Horror
ghost ship,Mystery
ghost ship,Thriller
redemption,Drama
the demon sword master of excalibur academy,Action
the demon sword master of excalibur academy,Animation
the demon sword master of excalibur academy,Fantasy
godzilla vs. kong,Action
godzilla vs. kong,Sci-Fi
godzilla vs. kong,Thriller
the conjuring: the devil made me do it,Horror
the conjuring: the devil made me do it,Mystery
the conjuring: the devil made me do it,Thriller
dhevaprom: laorchan,Mystery
dhevaprom: laorchan,Romance
max steel,Action
max steel,Adventure
max steel,Fantasy
batman begins,Action
batman begins,Crime
batman begins,Drama
after sundown,Horror
after sundown,Romance
2 fast 2 furious,Action
2 fast 2 furious,Crime
2 fast 2 furious,Thriller
once upon a star,Biography
once upon a star,Drama
once upon a star,History
the ice road,Action
the ice road,Adventure
the ice road,Thriller
tiger running,Comedy
tiger running,Family
tiger running,Fantasy
miraculous brothers,Drama
miraculous brothers,Fantasy
miraculous brothers,Mystery
come back home,Drama
come back home,Romance
countdown,Horror
countdown,Thriller
inhuman kiss: the last breath,Drama
inhuman kiss: the last breath,Horror
inhuman kiss: the last breath,Romance
notre-dame on fire,Drama
notre-dame on fire,Thriller
white snake,Action
white snake,Fantasy
white snake,Romance
jaws,Adventure
jaws,Drama
jaws,Horror
superwho?,Action
superwho?,Comedy
kung fu panda 3,Action
kung fu panda 3,Adventure
kung fu panda 3,Animation
nak,Comedy
nak,Crime
summer strike,Drama
summer strike,Romance
kung fu yoga,Action
kung fu yoga,Adventure
kung fu yoga,Comedy
love 101,Comedy
love 101,Drama
love 101,Romance
20th century girl,Drama
20th century girl,Romance
midnight,Comedy
midnight,Fantasy
midnight,Romance
business proposal,Comedy
business proposal,Drama
business proposal,Romance
after ever happy,Drama
after ever happy,Romance
body cam,Horror
body cam,Mystery
body cam,Thriller
midsommar,Drama
midsommar,Horror
midsommar,Mystery
hello yasothorn,Comedy
hello yasothorn,Musical
hello yasothorn,Romance
fullmetal alchemist the revenge of scar,Action
fullmetal alchemist the revenge of scar,Adventure
fullmetal alchemist the revenge of scar,Fantasy
backstreet rookie,Action
backstreet rookie,Comedy
backstreet rookie,Romance
hurts like hell,Biography
hurts like hell,Drama
hurts like hell,Sport
cracked,Drama
cracked,Mystery
cracked,Thriller
forecasting love and weather,Comedy
forecasting love and weather,Drama
forecasting love and weather,Romance
the ancestral,Horror
atm 2,Comedy
atm 2,Romance
itaewon class,Comedy
itaewon class,Drama
itaewon class,Romance
great white,Comedy
great white,Sport
birds of prey (and the fantabulous emancipation of one harley quinn),Action
birds of prey (and the fantabulous emancipation of one harley quinn),Comedy
birds of prey (and the fantabulous emancipation of one harley quinn),Crime
the misfits,Action
the misfits,Adventure
the misfits,Animation
the wasteland,Drama
the wasteland,Horror
the wasteland,Mystery
the ant bully,Adventure
the ant bully,Animation
the ant bully,Comedy
extreme job,Action
extreme job,Comedy
extreme job,Crime
the father who moves mountains,Drama
the father who moves mountains,Thriller
annabelle comes home,Horror
annabelle comes home,Mystery
annabelle comes home,Thriller
resident evil: infinite darkness,Action
resident evil: infinite darkness,Animation
resident evil: infinite darkness,Horror
rush hour,Action
rush hour,Comedy
rush hour,Crime
heart eyes,Comedy
heart eyes,Horror
heart eyes,Mystery
skin trade,Action
skin trade,Crime
skin trade,Thriller
the bourne legacy,Action
the bourne legacy,Adventure
the bourne legacy,Thriller
superintelligence,Action
superintelligence,Comedy
superintelligence,Romance
a thousand and one,Crime
a thousand and one,Drama
tom and jerry,Adventure
tom and jerry,Animation
tom and jerry,Comedy
next,Action
next,Adventure
next,Comedy
bob trevino likes it,Comedy
bob trevino likes it,Drama
48 hrs.,Action
48 hrs.,Comedy
48 hrs.,Crime
the wolf and the lion,Adventure
the wolf and the lion,Drama
the wolf and the lion,Family
a journal for jordan,Drama
a journal for jordan,Romance
a journal for jordan,War
tomb raider: the legend of lara croft,Action
tomb raider: the legend of lara croft,Adventure
tomb raider: the legend of lara croft,Animation
secret world of sound with david attenborough,Documentary
secret world of sound with david attenborough,Family
wonder woman 1984,Action
wonder woman 1984,Adventure
wonder woman 1984,Fantasy
harry potter and the sorcerer's stone,Adventure
harry potter and the sorcerer's stone,Family
harry potter and the sorcerer's stone,Fantasy
you can do it dear!,Documentary
intersection,Drama
intersection,Romance
tides,Action
tides,Adventure
tides,Fantasy
the wrath of god,Action
the wrath of god,Adventure
the wrath of god,Biography
state of mind,Comedy
state of mind,Crime
meeting point,Comedy
meeting point,Drama
meeting point,Fantasy
capernaum,Drama
how to become a tyrant,Biography
how to become a tyrant,Documentary
how to become a tyrant,History
last summer,Horror
last summer,Mystery
the bold type,Comedy
the bold type,Drama
when will you marry?,Action
when will you marry?,Comedy
when will you marry?,Romance
evil spirits,Horror
bucha,Comedy
bucha,Drama
yaremchuk: matchless world of beauty,Biography
yaremchuk: matchless world of beauty,Documentary
yaremchuk: matchless world of beauty,Music
bot farm,Drama
view from the top,Comedy
view from the top,Romance
lessons of tolerance,Comedy
the godfather,Crime
the godfather,Drama
johnny,Action
johnny,Adventure
johnny,Comedy
delivery by christmas,Comedy
delivery by christmas,Romance
robbing mussolini,Action
robbing mussolini,Comedy
robbing mussolini,Crime
the adjustment bureau,Crime
the adjustment bureau,Drama
the adjustment bureau,Mystery
rhino,Drama
rhino,Thriller
kitz,Drama
kitz,Mystery
kitz,Thriller
the accidental spy,Action
the accidental spy,Comedy
the accidental spy,Crime
57 seconds,Sci-Fi
57 seconds,Thriller
the thundermans,Action
the thundermans,Comedy
the thundermans,Crime
everything about my wife,Comedy
everything about my wife,Romance
taken 2,Action
taken 2,Crime
taken 2,Thriller
rana naidu,Action
rana naidu,Crime
rana naidu,Drama
taken,Action
taken,Crime
taken,Thriller
the roshans,Biography
the roshans,Documentary
breaking in,Adventure
breaking in,Animation
breaking in,Comedy
chaos,Action
chaos,Adventure
chaos,Drama
kasargold,Action
kasargold,Drama
kasargold,Thriller
escape plan: the extractors,Action
escape plan: the extractors,Crime
escape plan: the extractors,Thriller
ae dil hai mushkil,Drama
ae dil hai mushkil,Musical
ae dil hai mushkil,Romance
tooth pari: when love bites,Comedy
tooth pari: when love bites,Fantasy
tooth pari: when love bites,Romance
mumbai mafia: police vs the underworld,Crime
mumbai mafia: police vs the underworld,Documentary
mili,Drama
mili,Thriller
padavettu,Action
padavettu,Drama
padavettu,Thriller
the big bang theory,Comedy
the big bang theory,Romance
dobaaraa,Drama
dobaaraa,Fantasy
dobaaraa,Mystery
hit: the first case,Crime
hit: the first case,Drama
hit: the first case,Mystery
nikamma,Action
nikamma,Comedy
nikamma,Drama
anek,Action
anek,Drama
anek,Sport
toolsidas junior,Drama
toolsidas junior,Family
toolsidas junior,Sport
raw (hindi),Crime
dasvi,Comedy
dasvi,Drama
badhaai do,Comedy
badhaai do,Drama
badhaai do,Romance
can you keep a secret?,Comedy
can you keep a secret?,Romance
ophelia,Drama
ophelia,Romance
ophelia,Thriller
chandigarh kare aashiqui,Crime
chandigarh kare aashiqui,Drama
kaaval,Action
kaaval,Comedy
kaaval,Drama
aranyak,Crime
aranyak,Drama
aranyak,Mystery
a faraway land,Drama
haseen dillruba,Crime
haseen dillruba,Drama
haseen dillruba,Mystery
monster-in-law,Comedy
monster-in-law,Romance
mommy issues,Comedy
simon cowell: the next act,Documentary
simon cowell: the next act,Music
simon cowell: the next act,Reality-TV
des,Adventure
des,Fantasy
imaginary,Horror
imaginary,Mystery
imaginary,Thriller
finding alice,Comedy
finding alice,Drama
murder on the internet,Crime
murder on the internet,Documentary
the wrath of becky,Action
the wrath of becky,Comedy
the wrath of becky,Thriller
saw x,Horror
saw x,Mystery
saw x,Thriller
the nanny diaries,Comedy
the nanny diaries,Drama
the nanny diaries,Romance
full metal jacket,Drama
full metal jacket,War
celebrity bear hunt,Game-Show
celebrity bear hunt,Reality-TV
rumor has it...,Comedy
rumor has it...,Drama
rumor has it...,Romance
this time next year,Comedy
this time next year,Romance
back to black,Biography
back to black,Drama
back to black,Music
love rats,Drama
a history of violence,Action
a history of violence,Crime
a history of violence,Drama
jackdaw,Action
jackdaw,Crime
jackdaw,Drama
breakwater,Crime
breakwater,Drama
breakwater,Mystery
deadwater fell,Crime
deadwater fell,Drama
deadwater fell,Mystery
poms,Animation
poms,Comedy
poms,Drama
commando: britain's ocean warriors,Documentary
gold,Action
gold,Adventure
gold,Comedy
men in black,Action
men in black,Adventure
men in black,Comedy
trust me,Comedy
trust me,Drama
unspeakable,Horror
unspeakable,Thriller
come home,Horror
come home,Mystery
come home,Thriller
four lions,Comedy
four lions,Crime
four lions,Drama
angela black,Drama
the family,Comedy
the family,Fantasy
23 walks,Comedy
23 walks,Drama
23 walks,Romance
evolution,Action
evolution,Fantasy
evolution,Thriller
motherland,Drama
motherland,Fantasy
motherland,Sci-Fi
aftershock: everest and the nepal earthquake,Documentary
repo men,Action
repo men,Sci-Fi
repo men,Thriller
peter rabbit,Adventure
peter rabbit,Animation
peter rabbit,Comedy
london boulevard,Crime
london boulevard,Drama
snowflake mountain,Reality-TV
hairspray,Comedy
hairspray,Drama
hairspray,Musical
gods of egypt,Action
gods of egypt,Adventure
gods of egypt,Drama
hard cell,Comedy
a violent man,Crime
a violent man,Drama
13 minutes,Biography
13 minutes,Drama
13 minutes,War
meet the parents,Comedy
meet the parents,Romance
the peacemaker,Action
the peacemaker,Crime
the peacemaker,Drama
greed,Comedy
id2: shadwell army,Action
falling for figaro,Comedy
falling for figaro,Romance
jack whitehall: travels with my father,Comedy
jack whitehall: travels with my father,Documentary
the blind side,Biography
the blind side,Drama
the blind side,Sport
world trade center,Drama
world trade center,History
world trade center,Thriller
southland,Comedy
southland,Drama
southland,Mystery
a line of fire,Action
a line of fire,Drama
a line of fire,Thriller
the sandlot,Comedy
the sandlot,Drama
the sandlot,Family
wanted man,Crime
wanted man,Drama
wanted man,Thriller
the a-team,Action
the a-team,Adventure
the a-team,Crime
countdown: canelo vs. crawford,Documentary
countdown: canelo vs. crawford,Sport
hostiles,Drama
hostiles,Western
miracles from heaven,Biography
miracles from heaven,Drama
miracles from heaven,Family
all american,Drama
all american,Sport
everest,Adventure
everest,Biography
everest,Drama
heart of champions,Drama
heart of champions,Sport
fallen,Action
fallen,Adventure
fallen,Sci-Fi
saturday night,Drama
saturday night,Music
fortune feimster: crushing it,Comedy
fortune feimster: crushing it,Documentary
halloween,Horror
halloween,Thriller
penelope,Comedy
penelope,Fantasy
penelope,Romance
black mass,Biography
black mass,Crime
black mass,Drama
miller's girl,Comedy
miller's girl,Drama
miller's girl,Thriller
my wife and kids,Comedy
my wife and kids,Family
queen bees,Comedy
queen bees,Drama
queen bees,Romance
buried: the 1982 alpine meadows avalanche,Documentary
to leslie,Drama
above suspicion,Crime
above suspicion,Drama
hatfields & mccoys,Drama
hatfields & mccoys,History
hatfields & mccoys,Romance
the wedding year,Comedy
the wedding year,Romance
transformers: dark of the moon,Action
transformers: dark of the moon,Adventure
transformers: dark of the moon,Comedy
king kong,Action
king kong,Adventure
king kong,Romance
side effects,Crime
side effects,Drama
side effects,Mystery
r.i.p.d. 2: rise of the damned,Action
r.i.p.d. 2: rise of the damned,Adventure
r.i.p.d. 2: rise of the damned,Comedy
endless love,Drama
endless love,Mystery
endless love,Romance
barefoot,Comedy
barefoot,Drama
barefoot,Romance
dumb and dumber,Comedy
the other guys,Action
the other guys,Comedy
the other guys,Crime
fool's gold,Action
fool's gold,Adventure
fool's gold,Comedy
60 days in,Crime
60 days in,Documentary
60 days in,Reality-TV
gladiator,Action
gladiator,Adventure
gladiator,Drama
joker: folie à deux,Drama
joker: folie à deux,Musical
joker: folie à deux,Thriller
elsa & fred,Comedy
elsa & fred,Drama
elsa & fred,Romance
lali: time to step up,Documentary
lali: time to step up,Music
flicka,Adventure
flicka,Drama
flicka,Family
snakes and ladders,Comedy
snakes and ladders,Drama
the mothers of penguins,Drama
the mothers of penguins,Sport
rambo: first blood part ii,Action
rambo: first blood part ii,Adventure
rambo: first blood part ii,Thriller
new order,Crime
new order,Drama
new order,Sci-Fi
norma,Drama
norma,Romance
"single, married, widowed, divorced",Comedy
neon,Horror
neon,Thriller
"pablo escobar, el patrón del mal",Biography
"pablo escobar, el patrón del mal",Crime
"pablo escobar, el patrón del mal",Drama
sky high,Action
sky high,Comedy
sky high,Family
deadwind,Crime
deadwind,Drama
deadwind,Mystery
trash,Adventure
trash,Crime
trash,Drama
tiempo de valientes,Drama
capitani,Crime
capitani,Drama
capitani,Mystery
horsemen,Crime
horsemen,Mystery
horsemen,Thriller
two summers,Drama
two summers,Thriller
the inhabitant,Horror
the inhabitant,Thriller
four to dinner,Comedy
four to dinner,Romance
an astrological guide for broken hearts,Comedy
an astrological guide for broken hearts,Romance
the 2nd,Crime
the 2nd,Drama
the 2nd,Mystery
el final del paraíso,Action
el final del paraíso,Drama
boruto: naruto next generations,Action
boruto: naruto next generations,Adventure
boruto: naruto next generations,Animation
90 minutes in heaven,Drama
legends of the condor heroes: the gallants,Action
legends of the condor heroes: the gallants,Adventure
legends of the condor heroes: the gallants,Drama
the tuxedo,Action
the tuxedo,Comedy
the tuxedo,Sci-Fi
hitman: agent jun,Action
hitman: agent jun,Comedy
song of the south,Animation
song of the south,Comedy
song of the south,Family
hard to kill,Action
hard to kill,Crime
hard to kill,Drama
fairy tail: 100 years quest,Action
fairy tail: 100 years quest,Adventure
fairy tail: 100 years quest,Animation
sunny love,Comedy
sunny love,Musical
on top,Comedy
on top,Fantasy
on top,Romance
my mr. wife,Comedy
my mr. wife,Drama
my mr. wife,Romance
the drama queen,Romance
hello vietnam,Drama
hello vietnam,Family
tam cam: the untold story,Action
tam cam: the untold story,Drama
tam cam: the untold story,Fantasy
the policeman's lineage,Action
the policeman's lineage,Crime
the policeman's lineage,Drama
the prison,Adventure
the prison,Family
the prison,Fantasy
muoi: the curse returns,Drama
muoi: the curse returns,Horror
muoi: the curse returns,Mystery
hunt,Drama
hunt,Romance
strong girl bong-soon,Comedy
strong girl bong-soon,Crime
strong girl bong-soon,Drama
the hateful eight,Crime
the hateful eight,Drama
the hateful eight,Mystery
rogue,Action
rogue,Adventure
rogue,Sci-Fi
land of spirits,Documentary
half past dead,Action
half past dead,Crime
half past dead,Thriller
the crazies,Horror
prison playbook,Comedy
prison playbook,Drama
bodyguards and assassins,Action
bodyguards and assassins,Drama
bodyguards and assassins,History
the fiery priest,Action
the fiery priest,Comedy
the fiery priest,Crime
heaven is for real,Biography
heaven is for real,Drama
heaven is for real,Family
close,Drama
close,Romance
the rain,Comedy
the rain,Musical
the rain,Romance
a dog's purpose,Adventure
a dog's purpose,Comedy
a dog's purpose,Drama
the boy,Action
the boy,Comedy
the boy,Crime
subira,Drama
eagle eye,Action
eagle eye,Mystery
eagle eye,Thriller
blood brother,Horror
blood brother,Thriller
kangaroo jack,Action
kangaroo jack,Adventure
kangaroo jack,Comedy
horrible bosses,Comedy
horrible bosses,Crime
orange is the new black,Comedy
orange is the new black,Crime
orange is the new black,Drama
the world's most amazing vacation rentals,Reality-TV
sugar daddy,Drama
sugar daddy,Thriller
mommies group,Comedy
trigger point,Action
trigger point,Crime
trigger point,Drama
the forger,Crime
the forger,Drama
the forger,Thriller
the outcasts,Comedy
don't tell a soul,Drama
don't tell a soul,Thriller
mousa,Action
mousa,Drama
mousa,Fantasy
route 10,Documentary
zombie tidal wave,Action
zombie tidal wave,Adventure
zombie tidal wave,Comedy
the professor and the madman,Biography
the professor and the madman,Drama
the professor and the madman,History
the originals,Drama
the originals,Fantasy
the originals,Horror
mamma mia!,Comedy
mamma mia!,Musical
mamma mia!,Romance
addams family values,Comedy
addams family values,Fantasy
french exit,Comedy
french exit,Drama
madagascar 3: europe's most wanted,Adventure
madagascar 3: europe's most wanted,Animation
madagascar 3: europe's most wanted,Comedy
the wedding planner,Comedy
the wedding planner,Romance
"costa brava, lebanon",Drama
nothing to hide,Comedy
nothing to hide,Drama
the great,Drama
the great,Romance
contra,Action
contra,Adventure
contra,Crime
pagan peak,Crime
pagan peak,Drama
pagan peak,Mystery
zack snyder's justice league,Action
zack snyder's justice league,Adventure
zack snyder's justice league,Fantasy
nightlife,Comedy
nightlife,Romance
air mata di ujung sajadah 2,Drama
jembatan shiratal mustaqim,Horror
jembatan shiratal mustaqim,Thriller
take me to hell,Horror
take me to hell,Thriller
jaga pocong,Horror
a business proposal,Comedy
a business proposal,Drama
a business proposal,Romance
the deceased,Comedy
the deceased,Horror
sorop,Horror
sorop,Thriller
upin&ipin,Adventure
upin&ipin,Animation
upin&ipin,Comedy
connection,Action
connection,Crime
connection,Drama
200kg vampire,Comedy
200kg vampire,Horror
200kg vampire,Mystery
black summoner,Action
black summoner,Animation
black summoner,Fantasy
abnormal: buas,Action
abnormal: buas,Crime
abnormal: buas,Horror
rebel,Action
rebel,Adventure
rebel,Drama
wistoria: wand and sword,Action
wistoria: wand and sword,Adventure
wistoria: wand and sword,Animation
the corpse washer,Drama
the corpse washer,Horror
the corpse washer,Thriller
tan-ti-ana,Comedy
tan-ti-ana,Horror
agak laen,Comedy
my love story with yamada-kun at lv999,Animation
my love story with yamada-kun at lv999,Comedy
my love story with yamada-kun at lv999,Romance
la luna,Crime
la luna,Thriller
zaara,Drama
zaara,Family
zaara,Musical
man in love,Drama
man in love,Romance
motif,Comedy
para betina pengikut iblis,Horror
para betina pengikut iblis,Thriller
qorin,Horror
qorin,Mystery
qorin,Thriller
circle line,Action
circle line,Horror
fear or not,Drama
my id is gangnam beauty,Comedy
my id is gangnam beauty,Drama
my id is gangnam beauty,Romance
the violence action,Action
the violence action,Comedy
the violence action,Crime
the blue whisper,Drama
the blue whisper,Fantasy
the blue whisper,Romance
kongsi raya,Comedy
kongsi raya,Family
kongsi raya,Romance
the k2,Drama
the k2,Romance
the k2,Thriller
once upon a time in venice,Adventure
once upon a time in venice,Comedy
once upon a time in venice,Crime
the long ballad,Action
the long ballad,Adventure
the long ballad,History
miss & mrs. cops,Action
miss & mrs. cops,Comedy
miss & mrs. cops,Crime
the divine move 2: the wrathful,Action
chennai express,Action
chennai express,Comedy
chennai express,Romance
c.i.d,Action
c.i.d,Crime
crime patrol: city crimes,Crime
raees,Action
raees,Crime
raees,Drama
butta bomma,Drama
butta bomma,Romance
krishna vrinda vihari,Comedy
krishna vrinda vihari,Drama
krishna vrinda vihari,Romance
saakini daakini,Action
saakini daakini,Comedy
paparazzi king,Biography
paparazzi king,Crime
paparazzi king,Documentary
signs,Drama
signs,Mystery
signs,Sci-Fi
serena,Drama
serena,History
serena,Romance
mirror mirror,Crime
mirror mirror,Drama
mirror mirror,Mystery
broken city,Action
broken city,Crime
broken city,Drama
retirement home,Documentary
all the way up,Comedy
all the way up,Crime
stomp the yard,Drama
stomp the yard,Music
stomp the yard,Romance
unforgiven,Drama
unforgiven,Western
p-valley,Crime
p-valley,Drama
p-valley,Romance
meet the malawas,Comedy
godsend,Action
godsend,Drama
godsend,Fantasy
the bouncer,Action
the bouncer,Drama
the bouncer,Thriller
10 days with dad,Comedy
10 days with dad,Family
preacher,Adventure
preacher,Comedy
preacher,Fantasy
poseidon,Action
poseidon,Adventure
poseidon,Thriller
the last shift,Comedy
the last shift,Drama
a knight's tale,Action
a knight's tale,Adventure
a knight's tale,Drama
terra willy,Adventure
terra willy,Animation
terra willy,Comedy
the ultimatum: france,Reality-TV
beauty,Drama
the beauty queen of jerusalem,Drama
absolute power,Action
absolute power,Crime
absolute power,Drama
into the storm,Action
into the storm,Adventure
into the storm,Drama
edens zero,Action
edens zero,Adventure
edens zero,Animation
a perfect getaway,Drama
a perfect getaway,Mystery
a perfect getaway,Thriller
chicuarotes,Crime
chicuarotes,Drama
against the ropes,Biography
against the ropes,Drama
against the ropes,Romance
who's a good boy?,Comedy
"belascoarán, pi",Crime
"belascoarán, pi",Mystery
"belascoarán, pi",Thriller
a kidnapping scandal: the florence cassez affair,Crime
a kidnapping scandal: the florence cassez affair,Documentary
sin nombre,Adventure
sin nombre,Crime
sin nombre,Drama
i don't know whether to slit my wrists or leave them long,Comedy
i don't know whether to slit my wrists or leave them long,Drama
loving bali,Comedy
loving bali,Romance
separation,Drama
every breath you take,Drama
every breath you take,Mystery
every breath you take,Thriller
the bellingas: rock the theme park,Comedy
the bellingas: rock the theme park,Family
the great escaper,Adventure
the great escaper,Drama
the great escaper,Thriller
juf braaksel en de magische ring,Family
sympathy for the devil,Action
sympathy for the devil,Thriller
the bellingas: rock the holiday,Family
tina,Horror
tina,Mystery
tina,Thriller
"april, may, june",Drama
days of thunder,Action
days of thunder,Drama
days of thunder,Sport
robocop,Action
robocop,Crime
robocop,Sci-Fi
super drunk,Comedy
drop,Crime
drop,Drama
drop,Mystery
cake,Crime
cake,Drama
cake,Thriller
uproar,Drama
starsky & hutch,Comedy
starsky & hutch,Crime
the dive,Action
the dive,Adventure
the dive,Romance
rv,Adventure
rv,Comedy
rv,Family
twisted,Action
twisted,Adventure
twisted,Comedy
a good person,Drama
two by two,Comedy
two by two,Crime
two by two,Romance
muzzle,Action
muzzle,Crime
muzzle,Drama
free state of jones,Action
free state of jones,Biography
free state of jones,Drama
get smart,Action
get smart,Adventure
get smart,Comedy
3000 miles to graceland,Action
3000 miles to graceland,Comedy
3000 miles to graceland,Crime
one flew over the cuckoo's nest,Drama
dreamland,Drama
dreamland,Thriller
dreamland,Western
the contract,Action
the contract,Drama
the contract,Thriller
woodlawn,Biography
woodlawn,Drama
woodlawn,History
murder by numbers,Crime
murder by numbers,Mystery
murder by numbers,Thriller
mom,Comedy
frayed,Comedy
frayed,Drama
legacy of lies,Action
legacy of lies,Thriller
love never lies: south africa,Reality-TV
classified,Action
classified,Mystery
classified,Thriller
yahoo+,Comedy
yahoo+,Drama
obara'm,Drama
obara'm,Musical
the raid 2,Action
the raid 2,Crime
the raid 2,Thriller
the razz guy,Comedy
the razz guy,Fantasy
prophetess,Comedy
prophetess,Drama
ayinla,Drama
alter ego,Comedy
storm,Action
storm,Adventure
storm,Drama
chef's table: legends,Documentary
set it up,Comedy
set it up,Romance
jerry maguire,Comedy
jerry maguire,Drama
jerry maguire,Romance
ncis,Action
ncis,Crime
ncis,Drama
a nightmare on elm street,Horror
moroccan badass girl,Comedy
the turning point,Documentary
the turning point,History
the turning point,War
papa ou maman,Comedy
notre-dame,Animation
notre-dame,Drama
notre-dame,Family
héctor el father: conocerás la verdad,Biography
héctor el father: conocerás la verdad,Drama
héctor el father: conocerás la verdad,Music
happy death day 2u,Comedy
happy death day 2u,Horror
happy death day 2u,Mystery
outside the wire,Action
outside the wire,Adventure
outside the wire,Fantasy
to my beloved thief,Comedy
to my beloved thief,Drama
to my beloved thief,History
baahubali the epic,Action
baahubali the epic,Drama
triggered,Action
triggered,Crime
triggered,Thriller
sui dhaaga: made in india,Comedy
sui dhaaga: made in india,Drama
the last runway,Action
the last runway,Crime
the last runway,Drama
asu mare 2,Biography
asu mare 2,Comedy
haikyu!!,Animation
haikyu!!,Comedy
haikyu!!,Drama
boys over flowers,Comedy
boys over flowers,Drama
boys over flowers,Romance
"let's tie the knot, honey!",Comedy
wild little love,Comedy
wild little love,Romance
roja,Drama
roja,Musical
roja,Romance
what lies beneath,Drama
what lies beneath,Horror
what lies beneath,Mystery
the amazing journey of the letters,Adventure
the amazing journey of the letters,Drama
the amazing journey of the letters,Romance
fruitcake,Crime
fruitcake,Documentary
"the mall, the merrier!",Comedy
"the mall, the merrier!",Fantasy
pagpag 24/7,Comedy
pagpag 24/7,Horror
my zombabe,Comedy
my zombabe,Horror
my zombabe,Romance
evan almighty,Comedy
evan almighty,Family
evan almighty,Fantasy
"shake, rattle & roll extreme",Horror
you and me,Comedy
you and me,Romance
"english only, please",Comedy
"english only, please",Romance
"video city: be kind, please rewind",Romance
mother nanny,Drama
clarita,Comedy
clarita,Horror
wildflower,Comedy
wildflower,Drama
now that i have you,Drama
now that i have you,Romance
feng shui,Drama
feng shui,Horror
feng shui,Thriller
beyond skyline,Action
beyond skyline,Adventure
beyond skyline,Horror
escape from mogadishu,Action
escape from mogadishu,Drama
escape from mogadishu,Thriller
a girl and a guy,Comedy
a girl and a guy,Romance
owe my love,Comedy
owe my love,Drama
owe my love,Romance
family history,Drama
family history,Mystery
family history,Thriller
bagman,Horror
the pin,Crime
the pin,Drama
the pin,Thriller
kres niewinnosci,Drama
expecting love,Comedy
expecting love,Romance
teddy bears,Comedy
wheel of love,Comedy
wheel of love,Romance
all we had,Drama
demons of war,Drama
demons of war,War
little death,Comedy
little death,Drama
little death,Romance
mission afghanistan,Documentary
filip,Drama
filip,History
filip,War
express,Action
express,Comedy
express,Crime
"luccas neto em: acampamento de férias 4, o desafio final",Comedy
"luccas neto em: acampamento de férias 4, o desafio final",Music
carinha de anjo,Comedy
carinha de anjo,Drama
carinha de anjo,Family
cúmplices de um resgate,Adventure
cúmplices de um resgate,Family
cúmplices de um resgate,Music
heaven,Action
heaven,Adventure
heaven,Drama
mermaids: the secret of the medallion,Adventure
mermaids: the secret of the medallion,Fantasy
buzz house 2,Comedy
buzz house 2,Horror
the perfect candidate,Comedy
the perfect candidate,Drama
klaus & barroso,Comedy
the dream,Drama
the dream,Romance
men of deeds,Comedy
men of deeds,Crime
men of deeds,Drama
the age of innocence,Drama
the age of innocence,Romance
safe haven,Drama
safe haven,Romance
safe haven,Thriller
zorillo's secret,Comedy
gloria bell,Comedy
gloria bell,Drama
gloria bell,Music
my mother is crazy,Comedy
my mother is crazy,Drama
richie rich,Comedy
richie rich,Family
masameer junior,Animation
masameer junior,Comedy
the back row,Adventure
the back row,Comedy
forbidden faces,Drama
kopitiam days,Drama
"i may be a guild receptionist, but i'll solo any boss to clock out on time",Action
"i may be a guild receptionist, but i'll solo any boss to clock out on time",Adventure
"i may be a guild receptionist, but i'll solo any boss to clock out on time",Animation
la grande maison tokyo,Drama
la grande maison tokyo,Family
full river red,Comedy
full river red,Drama
full river red,History
siren: survive the island,Game-Show
siren: survive the island,Reality-TV
trolley,Drama
trolley,Mystery
"mom, don't do that!",Comedy
"mom, don't do that!",Drama
"mom, don't do that!",Romance
detective chinatown 2,Action
detective chinatown 2,Comedy
detective chinatown 2,Crime
white lie,Comedy
white lie,Drama
through thick and thin,Comedy
through thick and thin,Drama
fentasy,Thriller
a christmas wish,Family
buko,Biography
buko,Documentary
restore point,Crime
restore point,Drama
restore point,Sci-Fi
christmas story,Comedy
christmas story,Family
villa lucia,Comedy
villa lucia,Crime
cool girl!,Comedy
cool girl!,Drama
cool girl!,Romance
the killing of a journalist,Crime
the killing of a journalist,Documentary
even mice belong in heaven,Adventure
even mice belong in heaven,Animation
even mice belong in heaven,Comedy
the manor house,Horror
the manor house,Mystery
jackpot,Action
jackpot,Comedy
poltergeist,Horror
poltergeist,Thriller
the darjeeling limited,Adventure
the darjeeling limited,Comedy
the darjeeling limited,Drama
what's in the box?,Game-Show
what's in the box?,Reality-TV
mapantsula,Crime
mapantsula,Drama
shaka zulu,Action
shaka zulu,Biography
shaka zulu,Drama
the meddler,Comedy
the meddler,Drama
the meddler,Romance
the art of the steal,Comedy
the art of the steal,Crime
the art of the steal,Thriller
the crooked man,Action
the crooked man,Adventure
the crooked man,Fantasy
the night shift,Drama
the night shift,Romance
new normal,Comedy
new normal,Romance
hear me : our summer,Drama
hear me : our summer,Romance
positively yours,Comedy
positively yours,Drama
positively yours,Romance
dead to rights,Drama
dead to rights,History
dead to rights,War
canola,Drama
fabricated city,Action
fabricated city,Crime
akira,Action
akira,Animation
akira,Drama
harbin,Horror
harbin,Sci-Fi
doctors,Action
doctors,Adventure
doctors,Fantasy
jeong-sun,Drama
fester,Horror
family by choice,Comedy
family by choice,Drama
family by choice,Family
comedy revenge,Comedy
comedy revenge,Romance
the sword with no name,Action
the sword with no name,Drama
the sword with no name,History
holy punch,Action
holy punch,Drama
bad memory eraser,Drama
citizen of a kind,Action
citizen of a kind,Comedy
citizen of a kind,Crime
the devil's deal,Crime
the devil's deal,Drama
the devil's deal,Thriller
parallel world pharmacy,Animation
parallel world pharmacy,Comedy
parallel world pharmacy,Drama
unforgivable,Crime
unforgivable,Drama
unforgivable,Mystery
svaha: the sixth finger,Crime
svaha: the sixth finger,Horror
svaha: the sixth finger,Mystery
the yellow sea,Action
the yellow sea,Crime
the yellow sea,Drama
havana,Drama
havana,Music
havana,Romance
mission: possible,Action
mission: possible,Comedy
mission: possible,Crime
the battle: roar to victory,Action
the battle: roar to victory,Drama
the battle: roar to victory,History
risqué business: japan,Talk-Show
the other child,Action
the other child,Crime
the other child,Drama
14 blades,Action
14 blades,History
14 blades,Thriller
the drug king,Action
the drug king,Crime
the drug king,Drama
in our prime,Drama
dragon inn part 1: the city of sadness,Action
king of prison 2: the prison war,Action
the girl on a bulldozer,Drama
the girl on a bulldozer,Mystery
lucid dream,Sci-Fi
lucid dream,Thriller
celeb five: behind the curtain,Comedy
celeb five: behind the curtain,Documentary
dunkirk,Action
dunkirk,Drama
dunkirk,History
musudan,Action
musudan,Mystery
musudan,Thriller
diva,Comedy
diva,Drama
stranger,Drama
stranger,Fantasy
stranger,Horror
the banquet,Comedy
the banquet,Drama
the banquet,Romance
maje,Action
maje,Adventure
maje,Thriller
carlos alcaraz: my way,Biography
carlos alcaraz: my way,Documentary
carlos alcaraz: my way,Sport
aitana: metamorphosis,Documentary
aitana: metamorphosis,Music
upon entry,Drama
it's all over: the kiss that changed spanish football,Documentary
it's all over: the kiss that changed spanish football,Sport
the quiet maid,Comedy
the quiet maid,Drama
héroes de barrio,Comedy
little nicholas: life of a scoundrel,Crime
little nicholas: life of a scoundrel,Documentary
cómo sobrevivir a una despedida,Comedy
at the end of the tunnel,Crime
at the end of the tunnel,Drama
at the end of the tunnel,Thriller
sin tetas no hay paraíso,Drama
sin tetas no hay paraíso,Romance
sin tetas no hay paraíso,Thriller
adiós,Action
adiós,Drama
adiós,War
hollyblood,Comedy
hollyblood,Fantasy
hollyblood,Horror
morning glory,Comedy
morning glory,Drama
morning glory,Romance
4 blocks,Crime
4 blocks,Drama
beneath,Drama
beneath,Horror
beneath,Mystery
the edge of seventeen,Comedy
the edge of seventeen,Drama
the edge of seventeen,Romance
kiss my ass boss,Comedy
kiss my ass boss,Drama
the last frenzy,Comedy
the last frenzy,Drama
the black box,Mystery
the black box,Thriller
deep affection eyes,Drama
deep affection eyes,Mystery
deep affection eyes,Romance
islanders,Drama
islanders,Mystery
islanders,Thriller
u motherbaker–the movie,Comedy
u motherbaker–the movie,Drama
detective conan : full score of fear,Action
detective conan : full score of fear,Adventure
detective conan : full score of fear,Animation
detective conan : the private eyes' requiem,Action
detective conan : the private eyes' requiem,Adventure
detective conan : the private eyes' requiem,Animation
so long for love,Drama
all star travelers,Comedy
all star travelers,Sport
who's the boss,Comedy
who's the boss,Romance
antikalpa,Horror
old fox,Drama
the tale of rose,Drama
the tale of rose,Romance
trade war,Biography
trade war,Drama
trade war,History
all lives,Drama
all lives,War
be your own light,Drama
spice and wolf: merchant meets the wise wolf,Adventure
spice and wolf: merchant meets the wise wolf,Animation
spice and wolf: merchant meets the wise wolf,Drama
"lust, caution",Drama
"lust, caution",History
"lust, caution",Romance
uncle,Comedy
love yourself,Documentary
love yourself,Music
what the hell is love,Action
what the hell is love,Comedy
what the hell is love,Drama
spirited away,Adventure
spirited away,Animation
spirited away,Family
she and her perfect husband,Drama
she and her perfect husband,Romance
wave makers,Drama
lesson in love,Comedy
lesson in love,Drama
lesson in love,Romance
chilli laugh story,Comedy
under the power,Action
under the power,Comedy
under the power,Drama
miss granny,Comedy
miss granny,Drama
miss granny,Fantasy
princess agents,Action
princess agents,Drama
princess agents,Romance
kidnapped soul,Horror
steve jobs,Biography
steve jobs,Drama
be alive just like you,Drama
the face men 4,Reality-TV
deaw still alive,Talk-Show
the unseeable,Horror
the unseeable,Mystery
the unseeable,Romance
drazen,Biography
paradise pd,Action
paradise pd,Animation
paradise pd,Comedy
8 vasantalu,Drama
el hombre de tu vida,Comedy
el hombre de tu vida,Romance
the last suit,Drama
dynasty: the murdochs,Biography
dynasty: the murdochs,Documentary
follow me,Adventure
follow me,Horror
follow me,Mystery
les norton,Comedy
les norton,Crime
les norton,Drama
selling the city,Reality-TV
american ultra,Action
american ultra,Comedy
organ trail,Drama
organ trail,Horror
organ trail,Thriller
babyteeth,Comedy
babyteeth,Drama
babyteeth,Romance
the polar express,Adventure
the polar express,Animation
the polar express,Family
down to earth with zac efron,Documentary
down to earth with zac efron,History
down to earth with zac efron,Reality-TV
the dukes of hazzard,Action
the dukes of hazzard,Adventure
the dukes of hazzard,Comedy
rate your date,Comedy
quarantine 2: terminal,Horror
quarantine 2: terminal,Sci-Fi
quarantine 2: terminal,Thriller
high society,Comedy
high society,Musical
high society,Romance
bill & ted face the music,Adventure
bill & ted face the music,Comedy
bill & ted face the music,Music
on the basis of sex,Biography
on the basis of sex,Drama
on the basis of sex,History
weißbier im blut,Comedy
weißbier im blut,Crime
resident evil: extinction,Action
resident evil: extinction,Horror
resident evil: extinction,Sci-Fi
power moves with shaquille o'neal,Documentary
power moves with shaquille o'neal,Sport
dual,Comedy
dual,Drama
dual,Sci-Fi
the fairly oddparents,Adventure
the fairly oddparents,Animation
the fairly oddparents,Comedy
wendell & wild,Adventure
wendell & wild,Animation
wendell & wild,Comedy
luce,Drama
luce,Mystery
luce,Thriller
point blank,Action
point blank,Comedy
point blank,Crime
the healer,Comedy
the healer,Drama
the healer,Family
hollow,Fantasy
hollow,Horror
hollow,Mystery
the tiger's apprentice,Action
the tiger's apprentice,Adventure
the tiger's apprentice,Animation
just my luck,Comedy
just my luck,Fantasy
just my luck,Romance
keeping up with the joneses,Action
keeping up with the joneses,Comedy
buddies from the neighborhood,Comedy
a walk to remember,Drama
a walk to remember,Romance
tu jhoothi main makkaar,Comedy
tu jhoothi main makkaar,Romance
the marked heart,Drama
the marked heart,Mystery
the marked heart,Thriller
ella enchanted,Comedy
ella enchanted,Family
ella enchanted,Fantasy
war room,Drama
the thing,Horror
the thing,Mystery
the thing,Sci-Fi
bank of dave,Biography
bank of dave,Comedy
bank of dave,Drama
sanctuary,Action
sanctuary,Drama
sanctuary,Fantasy
next day air,Action
next day air,Comedy
next day air,Crime
ben 10,Action
ben 10,Adventure
ben 10,Animation
10 minutes gone,Action
10 minutes gone,Crime
10 minutes gone,Mystery
the claus family 2,Comedy
the claus family 2,Family
the claus family 2,Fantasy
kingsglaive: final fantasy xv,Action
kingsglaive: final fantasy xv,Adventure
kingsglaive: final fantasy xv,Animation
the entitled,Crime
the entitled,Thriller
the brave ones,Crime
the brave ones,Drama
the brave ones,Thriller
baby mama,Comedy
baby mama,Romance
mortal world 2,Comedy
law & order: special victims unit,Crime
law & order: special victims unit,Drama
law & order: special victims unit,Mystery
hard feelings,Comedy
hard feelings,Romance
rafadan tayfa: kapadokya,Animation
war,Action
war,Adventure
war,Fantasy
recep i̇vedik 5,Comedy
paws of fury: the legend of hank,Action
paws of fury: the legend of hank,Adventure
paws of fury: the legend of hank,Animation
justice served,Crime
justice served,Drama
justice served,Thriller
"love, sex and 30 candles",Drama
"love, sex and 30 candles",Romance
goosebumps 2: haunted halloween,Adventure
goosebumps 2: haunted halloween,Comedy
goosebumps 2: haunted halloween,Fantasy
stuck together,Comedy
doomsday,Action
doomsday,Sci-Fi
doomsday,Thriller
a score to settle,Action
a score to settle,Crime
a score to settle,Drama
really love,Animation
really love,Comedy
really love,Romance
live is life,Comedy
live is life,Drama
all hail,Comedy
all hail,Drama
wild croc territory,Reality-TV
the jackal,Action
the jackal,Crime
the jackal,Drama
employee of the month,Comedy
employee of the month,Romance
super 8,Action
super 8,Sci-Fi
super 8,Thriller
"good luck to you, leo grande",Comedy
"good luck to you, leo grande",Drama
tour guide,Adventure
tour guide,Comedy
tour guide,Romance
bake squad,Game-Show
bake squad,Reality-TV
chickenhare and the hamster of darkness,Adventure
chickenhare and the hamster of darkness,Animation
chickenhare and the hamster of darkness,Comedy
lady di,Crime
lady di,Drama
blindspot,Action
blindspot,Crime
blindspot,Drama
iron chef: quest for an iron legend,Game-Show
iron chef: quest for an iron legend,Reality-TV
my father's violin,Drama
high heat,Action
high heat,Comedy
high heat,Crime
angel eyes,Drama
angel eyes,Romance
the clovehitch killer,Crime
the clovehitch killer,Drama
the clovehitch killer,Horror
a naija christmas,Comedy
a naija christmas,Drama
a naija christmas,Romance
assault on precinct 13,Action
assault on precinct 13,Crime
assault on precinct 13,Drama
king arthur: legend of the sword,Action
king arthur: legend of the sword,Adventure
king arthur: legend of the sword,Drama
halloween ends,Horror
halloween ends,Mystery
halloween ends,Romance
lullaby,Drama
bet your life,Comedy
bet your life,Crime
bet your life,Drama
winchester,Biography
winchester,Fantasy
winchester,Horror
luccas e gi em: dinossauros,Adventure
uma fada veio me visitar,Comedy
uma fada veio me visitar,Family
uma fada veio me visitar,Fantasy
knock knock,Comedy
knock knock,Romance
invisible city,Crime
invisible city,Drama
invisible city,Fantasy
arthur and the invisibles,Adventure
arthur and the invisibles,Animation
arthur and the invisibles,Comedy
the time machine,Action
the time machine,Adventure
the time machine,Sci-Fi
the millionaire matchmaker,Reality-TV
the millionaire matchmaker,Romance
texas killing fields,Crime
texas killing fields,Drama
texas killing fields,History
the butterfly effect,Drama
the butterfly effect,Sci-Fi
the butterfly effect,Thriller
splice,Horror
splice,Sci-Fi
the spongebob movie: sponge on the run,Adventure
the spongebob movie: sponge on the run,Animation
the spongebob movie: sponge on the run,Comedy
the desperate hour,Crime
the desperate hour,Drama
the desperate hour,Film-Noir
the pelican brief,Crime
the pelican brief,Drama
the pelican brief,Mystery
daylight,Action
daylight,Adventure
daylight,Thriller
everybody loves raymond,Comedy
the dare,Drama
the dare,Romance
straight outta compton,Biography
straight outta compton,Drama
straight outta compton,History
up in the air,Comedy
up in the air,Drama
up in the air,Romance
the last race,Documentary
the last race,Sport
angel of the lord,Comedy
angel of the lord,Family
angel of the lord,Fantasy
grace and grace,Comedy
grace and grace,Drama
ammar,Horror
beastars,Animation
beastars,Crime
beastars,Drama
seven,Crime
seven,Drama
seven,Mystery
the diary of paulina p.,Adventure
the last serb in croatia,Adventure
the last serb in croatia,Comedy
the last serb in croatia,Fantasy
america's sweethearts,Comedy
america's sweethearts,Romance
charlie's angels: full throttle,Action
charlie's angels: full throttle,Adventure
charlie's angels: full throttle,Comedy
the ring,Adventure
the ring,Drama
the ring,Fantasy
ghost in transit,Comedy
ghost in transit,Fantasy
ali baba,Adventure
ali baba,Comedy
biggest heist ever,Biography
biggest heist ever,Crime
biggest heist ever,Documentary
little algérie,Drama
#iamhere,Comedy
love is dead,Comedy
november,Drama
november,Romance
max & leon,Adventure
max & leon,Comedy
max & leon,War
jeanne du barry,Biography
jeanne du barry,Drama
jeanne du barry,History
the bet,Drama
the bet,Thriller
escape from raqqa,Drama
escape from raqqa,Thriller
photo de famille,Comedy
photo de famille,Drama
la belle époque,Comedy
la belle époque,Drama
la belle époque,Fantasy
war of the buttons,Adventure
war of the buttons,Drama
war of the buttons,Family
bridget jones's diary,Comedy
bridget jones's diary,Drama
bridget jones's diary,Romance
five,Adventure
five,Fantasy
mortel,Drama
mortel,Fantasy
mortel,Horror
crap happens,Comedy
the magic kids: three unlikely heroes,Adventure
the magic kids: three unlikely heroes,Comedy
the magic kids: three unlikely heroes,Family
wyatt earp,Adventure
wyatt earp,Biography
wyatt earp,Drama
arrow,Action
arrow,Adventure
arrow,Crime
the killing of a sacred deer,Drama
the killing of a sacred deer,Horror
the killing of a sacred deer,Mystery
roza of smyrna,Drama
roza of smyrna,Romance
flatliners,Drama
flatliners,Horror
flatliners,Sci-Fi
kill bill: vol. 2,Action
kill bill: vol. 2,Crime
kill bill: vol. 2,Thriller
my hero academia: vigilantes,Action
my hero academia: vigilantes,Adventure
my hero academia: vigilantes,Animation
basic instinct,Drama
basic instinct,Mystery
basic instinct,Romance
strongest deliveryman,Drama
strongest deliveryman,Romance
inception,Action
inception,Adventure
inception,Sci-Fi
good doctor,Drama
the handmaiden,Drama
the handmaiden,Romance
the handmaiden,Thriller
the glamorous imperial concubine,Drama
the glamorous imperial concubine,History
the glamorous imperial concubine,Romance
ten years,Comedy
the informant,Biography
the informant,Comedy
the informant,Crime
all about the levkoviches,Drama
eviction,Comedy
eviction,Drama
the grandson,Action
the grandson,Drama
the grandson,Thriller
the three musketeers,Action
the three musketeers,Adventure
the three musketeers,Fantasy
l.a. confidential,Crime
l.a. confidential,Drama
l.a. confidential,Mystery
baking impossible,Game-Show
baking impossible,Reality-TV
mathu vadalara 2,Action
mathu vadalara 2,Comedy
mathu vadalara 2,Crime
the elephant whisperers,Documentary
the elephant whisperers,Family
dunia tanpa tuhan,Comedy
only your name in my prayers,Drama
only your name in my prayers,Family
made in bali,Drama
made in bali,Romance
ambyar mak byar,Comedy
ambyar mak byar,Drama
ambyar mak byar,Music
no love allowed,Drama
no love allowed,Romance
love unlike in k-dramas,Comedy
love unlike in k-dramas,Drama
love unlike in k-dramas,Romance
cinta dari timor,Drama
cinta dari timor,History
cinta dari timor,Romance
andragogy,Drama
pulang,Adventure
pulang,Drama
pulang,Romance
today we'll talk about that day,Drama
today we'll talk about that day,Romance
a long way to come home,Drama
dear nathan thank you salma,Drama
dear nathan thank you salma,Romance
"vengeance is mine, all others pay cash",Action
"vengeance is mine, all others pay cash",Comedy
"vengeance is mine, all others pay cash",Drama
abyss,Adventure
abyss,Drama
abyss,Mystery
laundry show,Comedy
laundry show,Drama
the trial of christine keeler,Drama
the trial of christine keeler,History
unforgotten,Crime
unforgotten,Drama
unforgotten,Mystery
man up,Comedy
man up,Crime
man up,Drama
what happens later,Comedy
what happens later,Romance
zero motivation,Comedy
zero motivation,Drama
io sono rosa ricci,Crime
io sono rosa ricci,Drama
tutta colpa del rock,Comedy
una terapia di gruppo,Comedy
una terapia di gruppo,Drama
storia di una notte,Drama
gerri,Adventure
gerri,Drama
gerri,Mystery
il mammone,Comedy
hey joe,Drama
parthenope,Drama
parthenope,Fantasy
the wedding days,Comedy
the brave one,Crime
the brave one,Drama
the brave one,Thriller
my shadow is your shadow,Drama
bla bla baby,Drama
three perfect daughters,Comedy
friends with benefits,Comedy
friends with benefits,Romance
con tutto il cuore,Comedy
framed! a sicilian murder mystery,Comedy
framed! a sicilian murder mystery,Crime
fortune seller: a tv scam,Biography
fortune seller: a tv scam,Crime
fortune seller: a tv scam,Documentary
"watch out, we're mad",Action
"watch out, we're mad",Comedy
the best years,Drama
the best years,Romance
the best years,War
the players,Comedy
the players,Crime
the players,Drama
the american president,Comedy
the american president,Drama
the american president,Romance
l'agenzia dei bugiardi,Comedy
sakura,Action
sakura,Adventure
sakura,Animation
ito and her brothers,Comedy
ito and her brothers,Romance
mission: yozakura family,Action
mission: yozakura family,Adventure
mission: yozakura family,Animation
no more cry!!!,Comedy
no more cry!!!,Drama
rude to love,Drama
wolf children,Animation
wolf children,Drama
wolf children,Family
mirai,Adventure
mirai,Animation
mirai,Drama
headhunted to another world: from salaryman to big four!,Adventure
headhunted to another world: from salaryman to big four!,Animation
headhunted to another world: from salaryman to big four!,Comedy
tang,Adventure
tang,Animation
tang,Comedy
learning to love,Comedy
learning to love,War
the suspect: muroi shinji,Comedy
the suspect: muroi shinji,Crime
the suspect: muroi shinji,Mystery
99.9 criminal lawyer,Drama
prison princesses,Drama
news anchor,Drama
dead or love,Comedy
dead or love,Drama
dead or love,Romance
the brilliant healer's new life in the shadows,Action
the brilliant healer's new life in the shadows,Adventure
the brilliant healer's new life in the shadows,Animation
witch watch,Animation
witch watch,Comedy
witch watch,Drama
do unto others,Drama
timelesz project -audition-,Biography
bl metamorphosis,Comedy
bl metamorphosis,Drama
rookies the movie: graduation,Drama
rookies the movie: graduation,Sport
talentless takano,Comedy
spirit chronicles,Action
spirit chronicles,Adventure
spirit chronicles,Animation
dragon ball super: broly,Action
dragon ball super: broly,Adventure
dragon ball super: broly,Animation
the elusive samurai,Adventure
the elusive samurai,Animation
the elusive samurai,Comedy
truth,Comedy
truth,Romance
bad lands,Action
bad lands,Thriller
love like a k-drama,Game-Show
love like a k-drama,Reality-TV
love like a k-drama,Romance
17.3 about a sex,Drama
17.3 about a sex,Romance
kisaragi station,Drama
kisaragi station,Horror
nobody knows,Drama
the sparks,Biography
the sparks,Comedy
the sparks,Documentary
midnight swan,Drama
logically impossible! detective ryoko kamizuru is on the case,Mystery
my daddy,Comedy
and so the baton is passed,Drama
we were there: first love,Drama
we were there: first love,Romance
summer time rendering,Animation
summer time rendering,Drama
summer time rendering,Fantasy
mpakani: story of the north,Drama
leaving the scene,Drama
nisekoi: false love,Animation
nisekoi: false love,Comedy
nisekoi: false love,Romance
ai amok,Sci-Fi
ai amok,Thriller
hello world,Animation
hello world,Comedy
hello world,Drama
"banished from the hero's party, i decided to live a quiet life in the countryside",Adventure
"banished from the hero's party, i decided to live a quiet life in the countryside",Animation
"banished from the hero's party, i decided to live a quiet life in the countryside",Comedy
clover,Action
clover,Horror
clover,Sci-Fi
we couldn't become adults,Drama
we couldn't become adults,Romance
461 days of bento,Drama
kissufim,Drama
dismissed,Drama
dismissed,Horror
dismissed,Thriller
"hallelujah: leonard cohen, a journey, a song",Biography
"hallelujah: leonard cohen, a journey, a song",Documentary
"hallelujah: leonard cohen, a journey, a song",Music
kash money,Drama
the bahatis empire,Reality-TV
silence of the sea,Drama
silence of the sea,Romance
silence of the sea,War
apex,Action
apex,Thriller
180,Documentary
180,Drama
180,Sport
roommates,Drama
roommates,Horror
roommates,Thriller
thrash,Horror
thrash,Thriller
love at last,Comedy
love at last,Romance
do deewane seher mein,Drama
do deewane seher mein,Romance
toaster,Adventure
toaster,Animation
toaster,Family
youth,Comedy
youth,Drama
youth,Music
ustaad bhagat singh,Action
ustaad bhagat singh,Comedy
ustaad bhagat singh,Drama
on your lap,Drama
yiya murano: death at tea time,Documentary
feel my voice,Comedy
feel my voice,Drama
humint,Action
humint,Adventure
humint,Crime
untouchables,Crime
untouchables,Drama
untouchables,Thriller
unchosen,Drama
unchosen,Thriller
hulk hogan: real american,Biography
hulk hogan: real american,Documentary
hulk hogan: real american,Sport
salish & jordan matter,Family
stranger things: tales from '85,Animation
stranger things: tales from '85,Drama
stranger things: tales from '85,Fantasy
trust me: the false prophet,Documentary
sold out on you,Comedy
sold out on you,Romance
ronaldinho: the one and only,Biography
ronaldinho: the one and only,Documentary
ronaldinho: the one and only,Sport
if wishes could kill,Drama
if wishes could kill,Horror
if wishes could kill,Mystery
flunked,Comedy
flunked,Drama
bandi,Crime
bandi,Drama
made with love,Romance
sniper 2,Documentary
"husband, father, killer: the alyssa pladl story",Drama
anaconda,Action
anaconda,Adventure
anaconda,Horror
eat pray bark,Comedy
tu yaa main,Drama
tu yaa main,Romance
tu yaa main,Thriller
mudborn,Drama
mudborn,Horror
mudborn,Thriller
18th rose,Drama
18th rose,Romance
big mistakes,Comedy
big mistakes,Crime
the cleaning lady,Crime
the cleaning lady,Drama
the cleaning lady,Thriller
danny go!,Family
someone has to know,Crime
someone has to know,Drama
someone has to know,Thriller
detective hole,Crime
detective hole,Drama
detective hole,Mystery
the truth and tragedy of moriah wilson,Crime
the truth and tragedy of moriah wilson,Documentary
the giant falls,Drama
vadh 2,Crime
vadh 2,Thriller
the red line,Drama
the red line,History
the red line,War
mrithyunjay​,Crime
mrithyunjay​,Thriller
it takes a village,Comedy
it takes a village,Romance
something very bad is going to happen,Drama
something very bad is going to happen,Horror
sins of kujo,Crime
sins of kujo,Drama
sins of kujo,Thriller
radioactive emergency,Drama
radioactive emergency,History
radioactive emergency,Thriller
40 acres,Action
40 acres,Drama
40 acres,Fantasy
peaky blinders: the immortal man,Crime
peaky blinders: the immortal man,Drama
peaky blinders: the immortal man,History
mardaani 3,Action
mardaani 3,Crime
mardaani 3,Drama
53 sundays,Comedy
53 sundays,Drama
the predator of seville,Crime
the predator of seville,Documentary
agent from above,Action
agent from above,Adventure
agent from above,Crime
"the rise of the red hot chili peppers: our brother, hillel",Documentary
"the rise of the red hot chili peppers: our brother, hillel",History
"the rise of the red hot chili peppers: our brother, hillel",Music
bts: the return,Documentary
bts: the return,Music
border 2,Action
border 2,Drama
border 2,War
pesugihan sate gagak,Comedy
pesugihan sate gagak,Horror
it would be night in caracas,Action
it would be night in caracas,Adventure
it would be night in caracas,Drama
sous écrous,Action
sous écrous,Comedy
sous écrous,Crime
ready or not: texas,Adventure
ready or not: texas,Reality-TV
sosok ketiga: lintrik,Drama
sosok ketiga: lintrik,Horror
sosok ketiga: lintrik,Thriller
the dreamseller,Drama
the pact,Horror
the pact,Mystery
the pact,Thriller
labinak: they are amongst us,Horror
labinak: they are amongst us,Thriller
the son of a thousand men,Drama
apocalypse in the tropics,Documentary
apocalypse in the tropics,History
disappear completely,Horror
disappear completely,Thriller
one piece film z,Action
one piece film z,Adventure
one piece film z,Animation
black beach,Crime
black beach,Drama
black beach,Thriller
nobody sleeps in the woods tonight,Comedy
nobody sleeps in the woods tonight,Fantasy
nobody sleeps in the woods tonight,Horror
je suis karl,Drama
je suis karl,Romance
je suis karl,Thriller
freaks – you're one of us,Drama
freaks – you're one of us,Fantasy
freaks – you're one of us,Sci-Fi
octonauts: above & beyond,Adventure
octonauts: above & beyond,Animation
octonauts: above & beyond,Family
words bubble up like soda pop,Animation
words bubble up like soda pop,Drama
words bubble up like soda pop,Music
o candidato honesto,Comedy
prime time,Drama
prime time,Thriller
the naked gun,Comedy
the naked gun,Crime
santita,Drama
santita,Romance
reign over me,Drama
stratton,Action
stratton,Adventure
stratton,Thriller
gabby's dollhouse: the movie,Adventure
gabby's dollhouse: the movie,Animation
gabby's dollhouse: the movie,Comedy
land of the lost,Action
land of the lost,Adventure
land of the lost,Comedy
muzzle: city of wolves,Action
muzzle: city of wolves,Drama
muzzle: city of wolves,Horror
downhill,Comedy
downhill,Drama
suspect zero,Crime
suspect zero,Horror
suspect zero,Mystery
clown in a cornfield,Horror
clown in a cornfield,Mystery
clown in a cornfield,Thriller
the unholy trinity,Action
the unholy trinity,Adventure
the unholy trinity,Crime
unicorn academy: secrets revealed,Adventure
unicorn academy: secrets revealed,Animation
unicorn academy: secrets revealed,Comedy
pet sematary,Fantasy
pet sematary,Horror
pet sematary,Thriller
funny af with kevin hart,Comedy
funny af with kevin hart,Reality-TV
alkhallat+: the series,Comedy
sisu: road to revenge,Action
sisu: road to revenge,Thriller
sisu: road to revenge,War
anne rice's mayfair witches,Drama
anne rice's mayfair witches,Fantasy
um tio quase perfeito 2,Comedy
um tio quase perfeito 2,Family
bald mountain,Action
bald mountain,Crime
bald mountain,Drama
code 3,Action
code 3,Comedy
code 3,Drama
domestic disturbance,Crime
domestic disturbance,Thriller
miss congeniality 2: armed and fabulous,Action
miss congeniality 2: armed and fabulous,Comedy
miss congeniality 2: armed and fabulous,Crime
she came to me,Comedy
she came to me,Drama
she came to me,Music
rebuilding,Action
rebuilding,Adventure
rebuilding,Animation
samhain,Comedy
samhain,Horror
dream team,Comedy
dream team,Crime
dream team,Thriller
the damned,Drama
the damned,Fantasy
the damned,Horror
a gorilla story: told by david attenborough,Documentary
the plastic detox,Documentary
the tasting,Drama
the tasting,History
the tasting,Romance
the nannies,Comedy
the nannies,Drama
the nannies,Romance
all your faces,Drama
mr. know-it-all,Comedy
mr. know-it-all,Drama
bounce,Drama
bounce,Romance
behind the haystacks,Drama
behind the haystacks,Family
behind the haystacks,Thriller
turbulence,Action
turbulence,Thriller
28 years later: the bone temple,Horror
28 years later: the bone temple,Sci-Fi
28 years later: the bone temple,Thriller
daemons of the shadow realm,Action
daemons of the shadow realm,Adventure
daemons of the shadow realm,Animation
long vacation,Drama
long vacation,Music
witch hat atelier,Adventure
witch hat atelier,Animation
witch hat atelier,Drama
love generation,Comedy
love generation,Drama
love generation,Romance
veil of shadows,Drama
veil of shadows,Fantasy
veil of shadows,Romance
dream animals the movie,Adventure
dream animals the movie,Animation
dream animals the movie,Comedy
someone like you,Comedy
someone like you,Romance
we are all trying here,Drama
nia,Drama
nia,Film-Noir
nia,Thriller
smothered,Comedy
smothered,Drama
until the last of you,Biography
until the last of you,Drama
until the last of you,Romance
tears of faith,Drama
kuncen,Adventure
kuncen,Horror
a world without god,Documentary
bebefinn sing-along movie: into the pinkfong world,Family
cranford,Drama
care,Comedy
care,Crime
care,Drama
the travellers,Comedy
the travellers,Drama
the travellers,Romance
the shipping news,Drama
beyond the game: samurai 2026 world baseball classic,Documentary
beyond the game: samurai 2026 world baseball classic,Sport
kinki,Comedy
kinki,Drama
kinki,Music
tagusari bros.,Crime
tagusari bros.,Drama
the ramparts of ice,Animation
the ramparts of ice,Romance
"noble reincarnation: born blessed, so i'll obtain ultimate power",Action
"noble reincarnation: born blessed, so i'll obtain ultimate power",Animation
"noble reincarnation: born blessed, so i'll obtain ultimate power",Fantasy
six singing women,Drama
six singing women,Fantasy
six singing women,Mystery
reboot,Action
reboot,Adventure
reboot,Comedy
loved one,Crime
loved one,Horror
baby assassins: nice days,Action
baby assassins: nice days,Comedy
baby assassins: nice days,Crime
my beloved stranger,Fantasy
my beloved stranger,Romance
easygoing territory defense by the optimistic lord,Action
easygoing territory defense by the optimistic lord,Animation
easygoing territory defense by the optimistic lord,Comedy
gold boy,Animation
gold boy,Comedy
the real you,Animation
the real you,Comedy
the real you,Romance
a samurai in time,Comedy
a samurai in time,Drama
a samurai in time,Fantasy
sin and evil,Crime
office royale,Reality-TV
lights out,Horror
lights out,Mystery
the new boy,Drama
whina,Biography
whina,Drama
tangata pai,Drama
the last beergin,Comedy
past is past,Comedy
the visit,Horror
the visit,Mystery
the visit,Thriller
unexpectedly yours,Comedy
unexpectedly yours,Romance
pigs,Drama
pigs,Mystery
smartie and me,Adventure
smartie and me,Family
breakdown,Action
breakdown,Crime
breakdown,Drama
project y,Action
project y,Adventure
project y,Crime
the people upstairs,Comedy
lamb,Crime
lamb,Drama
lamb,Horror
forbidden fairytale,Comedy
forbidden fairytale,Romance
wedding impossible,Comedy
wedding impossible,Drama
wedding impossible,Romance
ed & ryu: mad about seafood,Documentary
the queen of crime,Comedy
the queen of crime,Crime
the queen of crime,Thriller
land of happiness,Comedy
land of happiness,Drama
the unhealer,Fantasy
the unhealer,Horror
the unhealer,Sci-Fi
special delivery,Action
special delivery,Crime
special delivery,Thriller
torrente: the dumb arm of the law,Comedy
torrente: the dumb arm of the law,Crime
thailand only,Comedy
hit man file,Action
hit man file,Crime
hit man file,Drama
wrong side of the rainbow,Drama
love's shattered reflections,Drama
beauty and the beat,Comedy
necromancer 2020,Action
necromancer 2020,Fantasy
necromancer 2020,Horror
the requin,Horror
the requin,Thriller
him,Comedy
him,Music
nobody dumps my daughter,Drama
american godfathers: the five families,Crime
american godfathers: the five families,Documentary
american godfathers: the five families,History
the fifth element,Action
the fifth element,Adventure
the fifth element,Sci-Fi
clika,Drama
clika,Music
the creator,Action
the creator,Adventure
the creator,Drama
upon open sky,Crime
upon open sky,Drama
sleeping princess,Action
sleeping princess,Adventure
sleeping princess,Animation
the inevitable defeat of mister & pete,Drama
downton abbey: the grand finale,Drama
companion,Sci-Fi
companion,Thriller
smurfs,Adventure
smurfs,Animation
smurfs,Comedy
this is a gardening show,Comedy
this is a gardening show,Documentary
this is a gardening show,Reality-TV
the break-up,Comedy
the break-up,Drama
the break-up,Romance
the strangers: chapter 1,Horror
nanny mcphee and the big bang,Comedy
nanny mcphee and the big bang,Family
nanny mcphee and the big bang,Fantasy
siko siko,Comedy
sons of rizk 3,Action
sons of rizk 3,Comedy
sons of rizk 3,Crime
in broad daylight,Crime
in broad daylight,Drama
in broad daylight,Thriller
mertua ngeri kali,Comedy
mertua ngeri kali,Drama
dopamine,Comedy
dopamine,Drama
dopamine,Romance
operation wedding,Comedy
operation wedding,Drama
operation wedding,Romance
wind chill,Adventure
wind chill,Drama
wind chill,Horror
the cursed mask,Horror
blood vs duty,Action
blood vs duty,Adventure
blood vs duty,Crime
city hustlers,Comedy
the case for christ,Biography
the case for christ,Drama
samson,Drama
samson,Family
samson,History
green zone,Action
green zone,Drama
green zone,Thriller
rebirth,Action
rebirth,Adventure
rebirth,Sci-Fi
team siblings,Family
swindlers,Crime
swindlers,Documentary
